ID,Encrypted_ID,Tweak
N232981976,07445444852,A1F0969B0D995A
V256655041,65371612112,55610E3EF04366
N292806083,60820053225,F0D37E45F8C1C7
P235342427,49318660559,8FA79CBD9F2123
F165784274,53055742700,81FBC17F7B9B3A
W290598578,29304637976,613F94487EC28B
O260414124,13674781356,A68546945E5B4F
C264318588,72886264508,D088AED1764DF9
Q933837731,34564544182,026A836C0E6F18
A246264423,19459737713,E45A05A6E26C51
B994108164,67236433725,8A8577AD0D1632
Z883540789,85548811247,17326803F0E1ED
G211921288,03712055884,B159EFECD2BCBB
B280774923,00966544466,4CD1FED5BC51ED
P272146327,96108821372,C13E73C6E5F628
B225509759,50245086058,1C1F73CEB87AB1
Q964806766,57833667033,FCD2D98C71ECFA
U190633424,68044868872,9974ABD8DEAC7F
Q183027887,77832264587,57268FFDEE4A79
M998422226,70705285407,F0612CDCE92FDC
I915514930,40439430704,85E22DFC2F262D
U970674112,38178493007,9C556839D50687
W962447060,76386462160,367C4A726BF684
D865935906,18726927358,48D50E9C653948
D134235851,16286952407,9ADE84D3786D39
I270143926,75924743410,6C032BCD013D45
T207676412,78561944501,187F149F890582
F138848650,96927727152,75D1272217A7FD
Q899572879,39548770210,FBA89F70413B19
K870556093,48409439812,B44C51528FB584
C262071760,99828936263,EE1E922ACBBF7F
V148857735,95701232426,FA438D054DB16F
I251110550,69765552595,520D5C92A3ACDD
M172432575,66398670210,93C4C942F0B962
V996480246,53181901944,3CBEECE90CD0F4
X146136288,75806302784,BEB4DA57A3B11B
C260895502,75700574107,DA01EF8BEFF4A7
D173969467,14367805268,CEF5E70844AAC9
W253101397,69681722686,0B00DB95F42F62
F242953942,46076523706,3D35806827A79B
E825188540,09907464141,0C6FA3DA9F5D26
E195179066,64160045391,8488621E029D28
T141289353,80098253761,60DA0134ABD4D6
P259953806,80161958171,C4A28AA49A0B4F
O864233467,49958601626,7C6F08DF26D075
W882623377,14747703088,9E527CB10BAB04
T210093007,05683808329,836E6CFC384B9A
B932359423,54313407947,0170E0303D3C5E
Z281834419,29915808762,99943F0177DD7B
X252341313,57289196850,0F806FF44288FB
Z895111092,02109605263,DBC5AC938E9283
K238781834,17110132580,96E92AB192B24F
F111500384,70099033288,076811C48583FA
J911956947,34603675394,CDCF6642042320
D194032643,07368508321,8CF93C74E16919
A101770119,19115225470,D408466A01A64C
M937478959,24480818020,D4158A84DBF67A
K158486374,00061476440,23EB484DE353AB
Z129418300,49307880188,6EC4FD30D44D9F
U809845196,09784796511,C441E91DE8CC49
J157620700,31109661733,216FF60725C1C4
D209997662,70774028670,866521558737B7
K224145937,72733279413,C8ECF834BCD466
O909768441,86490117143,6B0A433C21C4D2
M264504519,00318066279,DDBD277C34E8F6
G910144021,35966609814,2939878B847A64
I281995374,24813142763,A04FB6DC753DED
P118150450,05633302666,AD49A78F37AFFA
P207118126,21691257006,3EDFCD26C69C75
T962442150,43503602652,4CCF2FB229003A
W165581509,80773071197,C2AF2C4B7CABCE
A144185972,17088595269,F1FBE10B2817AC
I185280916,87154032349,69DB51E3638CF9
E841811286,69384502639,E49062FCDBF03D
K152577698,14834033022,899EEBAF45BE0C
F235024418,32133909289,E4FB3B88C19E81
F193532020,74823487896,9A815AB9B8A0AC
G200316128,46897528947,C3FAAAFE4902B5
P287073411,53826983560,520FF339C35F74
J134894408,83112518201,99F9B4B32118E2
T980115996,10337745082,E769988E29F4F3
C281456461,48449249038,E6B5D9010A7E10
N897661924,56936011563,FDC92894DA6EF2
D265873472,34246208271,1042C6EF495E26
H286871507,57405458758,962A41C91871D1
K113855368,32136434057,4ABAB08BF1CA08
E243165712,94897390995,8251FBA43E7208
O991297040,24568184679,671982E9CF2333
A228209906,37616002222,3A717E5BE6E36E
Z211281711,87335697382,647090E915C6D0
P196307419,44212968312,75EF3585FFE75A
N230416949,67329905862,536EA4F5E49093
X132230559,38501247818,5E909989F14A48
O843693641,61551861579,1F450870CBF2D2
G179614375,18108411244,505A8F4639F122
M137285298,03803193218,4D856EAD3BE37C
G845535574,42931327985,FD0901119AAE41
F138403875,10839369616,C77D2B9FCD1DBD
G171446320,52561992364,44478F99D66F18
N812649031,72244138592,ED09E7D80827B2
M173134381,20616302248,D50112D4491548
K944941082,98347733704,A8839B2BEB2E41
G159619203,87826931053,60D1E00DE9BAA2
B278566644,60654835576,7C28A77026F526
O179400314,99063378227,6109284E294598
D217382817,80452812654,D4CDC093B95E78
V151568756,60065758301,3FB32D6EFE0796
H267622637,19077136914,D204840E540246
Q872111765,93701367456,F59476CBB851B4
B153739541,72398937802,230E2EDC6A3AA3
O102735215,18992590497,32EEDA9FEB530B
H268505680,01732691989,D9DA3FA7B73386
W107248796,95756487962,B6A9B0DADEDBA0
E134953542,74220283653,941D365D2D0C6A
W850528021,94337387058,8E5C420A6CB084
C836790778,93841522114,95A036E1F2204D
C230334185,56422557249,D33DB47C80501C
Q916352846,14157417777,2CC8137C62FB40
D912146511,87072870103,195B156D4FD8F6
W110184354,02458918701,CED061EB151B6B
V849073559,21994455705,89379CE6EC31E9
T270213203,24547278366,CBCFAF45AD939E
H291924668,45310506676,707D9E71814B9B
X171060724,35177985652,C183CB050BBE4F
Z218761418,38909114574,B694F1FF520D82
Q295899537,64798704849,05EB8D47B191F7
B171372320,31304761550,3B39817EF35B67
X293330521,37251800033,19BE79959A078C
T111095441,30338598636,B17FD66DF7E460
A858477601,17307625337,DAF810A37D967B
E878272919,68709653847,6DDFE13945A96B
B264581517,45175517733,915ABCAEDE0935
H252497024,97711525354,BFCBF1933F5CD5
C894720721,74099357248,99202C2FFBAC5F
W990707526,22751931000,D731E02E841334
K208163300,62109699623,6D2E34BF38FCD8
Z180959433,64828665359,4D2D6C414926B9
T984644130,19833250893,551DAC053B4F35
E157291330,59544926619,AB4C81F928AA10
Q820719357,82830756874,A8FD42590C8BBF
T906413997,20840415171,BB6EA5FC3B9C03
T841154528,91095453459,CF483FC2CAD39D
Q268016915,38020699456,65439DAF448AED
N235501541,50188084288,2FF6922120D265
K899970111,83963317064,BC04419479439F
W809062136,19225223077,036A982CA4FD8A
B855273513,75464869570,192211F07F89F9
G203432736,98115456683,D13386344DA594
A225926722,84884706196,F3434D9D06E1F1
Q241794394,03070100036,0799FC2C678A6F
W854329686,04237422013,1960CDEA472519
J106849966,94829257944,D7EC98A1689DCC
U958167396,05051712166,C83EF578BC5220
E169634390,48176360412,ED8B6D87E45254
W168073219,26356940724,86666671E531F6
Q180647234,76623140037,B2BF5BD38EA809
F249125099,45041071927,3AE9E1786D8FFF
A265879284,31417047113,B3A5607A0CB20C
C159887645,07825825461,337797150A847B
M868162715,84660244651,00705F31CF9170
A206238636,20834588080,7DB879B257320D
P273491161,88087453890,479E627FE0862E
V255756129,19958103882,0D41A9D1F3C424
N201655932,16476852857,69926028066289
J172784312,77577668492,DF74F34E99B41D
H812771392,37196825371,0A1A0675F0344A
V843115174,38466515236,E3D35182E45E44
Q951518882,56259476408,69931ED9FAE9EC
M175491610,60454681658,84218C7DA94AA8
T191309917,22487209343,3186D00B6CD791
D297630223,20092009220,88096384D571A9
T804071837,63386969620,5148166E12FBBF
X285855680,59129729261,60A5D7B2FAB500
W951086962,60644793785,679A81F69F8E5C
V225682349,99034173178,1520F2CD2545BB
D931539223,19975672793,DF9040A7609018
U908663647,46270628419,BC5ACF1FD3B9F9
M813350587,57443088997,D1F35B84A13521
N255793312,40446875114,F221F2B4A9146B
N181558967,40930871999,8F15AED8C15B28
K109174225,53450456760,E757260B5563EB
U142361819,47252957788,F6407E5FD12380
D197135329,00977518957,F25B6296452D5B
V166835719,98311668677,039D7E410AB500
G167569007,69427414331,3E2314208EE2E7
Z838844376,07353019396,6203CA71209672
O156734764,96487681853,35E423FCA980F8
Q247603623,77906359722,073E8A3D35AE6D
O273288325,83440539576,F6426B7D02B48B
Q293937034,82155902932,5E7E8E32D12514
U247759642,65956996277,E0CCEDDEE6295F
K216781992,60142333807,5AC583A64499C7
O192119021,17554506726,BDDACBC7634690
E955128689,97039150740,0F4F0A52494F27
M143238090,18127717718,90F5502DCF1CE6
T289187145,37898119263,89DC094B3D1264
G283385594,82596504238,7A7BCC5CDD2F84
O254851059,53268892413,1CED4B1163FE80
E246417900,93630391970,825682E7BC6AD9
T284115309,00640560023,6DB8F9ACC7E849
C251244453,27628317776,36D0DBFD62BDEB
O952948455,02603969600,DA22139F9F615B
N270254316,10190989441,2840AAB934C059
Q888375122,53125230890,9A00284BBE78B6
M113514425,34060080493,ADCF1DDC46EFF1
C911433685,39183982911,EBE4E539639808
F109239898,62184479654,98ADAA697B5726
J280901589,74055328178,DACDD86B875783
U852113347,11615777095,C765E08FAB7389
I238108114,96586828531,CAA201D3BADF32
A290199324,95595525486,D3DF88A194503E
W276901420,28642659784,E1F85000681A74
F228676108,95569660518,882F1F5E9F12A6
I970983782,10700429750,ED06EF604F5DEB
F244458655,86733901039,DD25F5F0807118
E135913060,17411247690,C59DA0A4FFFD62
E107265666,61794358028,45F961808BB40E
B259742357,54796164912,45D09E8A637C16
O886494151,40575497271,8A527C16F83357
F117623395,28881983496,0D178DA56B2F8C
Q209223685,87962162919,E320CDB3767B8D
J917417494,98853169742,FF83F2F078F0F9
G219741095,79955579142,E386801D7CF100
G896581968,35772207719,8665049672B4D0
K872986964,77167421621,465EA23EBE5475
A112078591,43428289982,B713C1D8901459
M862168286,89473752014,BEFBC69456CB22
P863715772,36809126925,DFC202B9DF6B93
V292283130,25403626712,1D80B30A9B57FA
I851674140,21120784277,6934B027946838
A291603514,28257195289,96EA2FA532B8C3
X284446678,89233650699,F6B49906062198
O143402922,87980376147,60692D3DDD0F28
W291973913,36257081683,2BC1D5F841CCB0
C281630770,31262413670,78763230CEC882
X998474362,75855191462,CFBD805D8E306A
A273551106,46365656889,E65B2B2D3EF5DD
Q199137723,09372403497,B24980390C35EE
D181695154,83640947970,7B2361ACBC7F15
H968844533,08330241416,2D82C7ABBE9C38
N950374535,35230447522,9BE879FBCC2D49
N892443882,17332535211,7DACACE68F5358
M177563164,57463435545,6FB428C54AE042
W121136382,05908183254,1262290199417C
P232455427,27063179777,B1EA50AA06E08B
F295121894,32954228596,B4FFF75C0F5A32
G905413591,70103029922,1AD4297F96093B
J804597365,97593658494,41C18AF08D9A05
I295080215,44227902003,05E8BF62C5E903
D150626692,13969653497,7E96DFDAD22F72
E295343344,72502824559,EA86C4D83A9311
P228682863,30683028957,FE46FB58F2980D
T131865243,50940161662,DF6B01048600C8
M296290928,64049179174,15D2BB9A68ED90
Z252182960,37106927382,46D47135F0A69E
E108799607,12669936918,D84C90D1BDC0CD
E933680975,39400796349,9F4B15F4A64600
F984237689,98481776948,122089DEBAA2D3
V189267273,80463005655,AF96DF3942A67F
D121113702,11729946087,A3DFD09F58FE50
T885616101,69676906097,FBE7AC467892FA
D126399800,70551484921,B2FC4A7DA8021F
W167652449,02463269639,D0C68699C05358
K188921840,75159736126,0F2050D8DBA298
U290067011,93310080933,13D501BBAE5A3A
U282208973,99824904890,F1A6C1292D0BB8
V131077923,90542178474,F8D82C8DF72DBC
F126814733,56369747951,C97AC9BC8A3A77
W283991596,34430905417,36AE52589180A8
X264535709,71144470901,A022B3EC396E67
E905169514,43975782188,7CAA389EF43833
Z192690145,19711626866,0DB46142074AE3
W170227807,32095115633,7BE407F7B2A99F
M926580564,45279433662,E6FBDA04BD3C63
F236030563,62263092469,8B1BD0FD9CE74D
G145608443,24940437718,DA5C5B79587420
D102974507,31934239670,84C2EE2D9ABE8C
Q858960122,59370415847,7A31F105DDE031
E858279458,11811735368,2B386EE773A245
D141978147,16191407008,65DD0FEAA43F14
I115892568,45513869254,05811450A9BCD7
E214919233,22874655866,7D0FE5B22D0F6B
D111737469,69575248894,121FC751CD7CE4
X222451477,74648349265,7884D857756C23
B276537672,65676542933,1D59A8FB97390B
G916201632,28029460880,06034F55C0F5C1
U201522701,78809913972,D53D24733E2B89
J922387556,66174557926,A5EC713476462D
O282834602,42700927908,07EF1BEAD12657
M275585922,96521319484,37C9BB8429487D
C958099530,76167240858,7B47FAC3963B25
M930276420,54631455203,945CABD991A022
B272487537,17183050312,2E8A909D2073EA
P965068536,73201760926,7A00229AF8AF72
C190110823,93344168136,1EDF7BDE7D5609
E975048977,86060706644,8F71DBFB05BA32
W289895833,46248439601,B255B04AD8D467
Z810253895,88291261169,BE35613E4BFB6E
J112210462,68958629373,B55F3B1D7435D6
D964450960,04319674228,5900A1B832C4D1
X270992694,54635050178,3414BBE93D7342
T902183158,74249779239,25FD9BB2908A60
D963280660,18746072993,1E6B55D4099EC0
O993117054,70631367579,A4966975338267
C863235911,90272624624,8F25DA359A3964
C947436045,70914526755,AD5CC7F7482D87
N184392381,04173141067,D162315A5AA18A
J825302517,53472682901,5424EF75CB032D
H292130053,87264959210,0B6F3C1AD348A2
U935814696,31625055065,EE1974CA5A9C7F
I876482497,62922247644,D5D485F9778FE3
K991832643,75496350277,E2845441948534
E258046073,52106993584,688D711ADCB6E9
J865954148,01148898239,77D81331E467CB
P278819721,13652597079,8A599D93B7903B
K894459117,42785222423,1BF40FFA4AECA9
P895843830,72490386270,5128043BDA48AC
P233718638,71093192477,E8A5676C4800DB
Z964837072,45636190227,4E3E71BC1507E0
F996494309,81791382508,2581996068037A
O802092031,09714637726,859DE067E46F93
C252068224,66588987445,155590C56EF64D
X190468651,16779724968,49F3BFB5F978ED
V903234325,95084965767,E18E5ADA27DF81
X996977100,94444170422,8DE06F8E446A74
U848087709,47773367530,AEDE8E6174CB00
P229631191,00978114143,7626C40747AC4B
I801750186,23910648327,816DB4C0868300
N189297827,72955537653,EA9EEDC92FB5EC
V925517556,96514685677,A12A948F16BDE0
I192366314,35164550092,6903F13976EB4C
T902159581,29901051027,0519E31560E302
A809060267,77372078381,5A3406012027D8
P254550734,67256842745,FA1C70CAAA2C21
K277361625,78603885065,B1C08D73A1AD62
Q995996222,63006616347,381E2EDB8DE0AF
J267759201,55166467761,6A5AF05E8972F8
M189654027,70574307012,91621310B82D5B
J807617211,48483542112,58025CF7252408
Z283718972,93504883593,BD283C7E92B4D2
K284468657,49510904729,C0A9F966BD2981
H293587743,46688288829,4806BA88BA72D7
O132578415,92058431995,B27E4304EFF21F
B212390255,26121491690,6C88A4030FF3D4
Q899972422,13912999483,95E8FD7656DA01
I267725012,41173711569,CF6DD6CB9FE580
A260520651,30845805773,6B1BD626E44A86
K228543966,66563442666,4DA323C7A1E685
D148515317,04948553288,985851C15E68EB
V984894801,44929454929,881AAB216BA70C
G170052271,75696785019,7E7EE233AC8783
T889415600,85910806862,F25554CFC8C03E
E199491081,71856096011,AC68259EF7E0EE
V166858918,79906902899,2808B36645B824
J175171764,10690237298,C53AF2C8BBB8C0
E151777724,48917668194,915A3A8BE6025C
F218349943,81866328087,7318646142BC78
O144656773,33678699184,B1394FE0F52435
K875891613,15500574817,651D1376A9DAF9
K174956504,39928725779,6A283B92A57E26
D134043933,62426025840,8F3621785351A3
D100616333,13342276229,5D04368F26AB01
Z998759925,35207986842,B64353B78563F6
U898195390,92413624343,2D79EEF1E140A9
Z874395383,49462808271,A78146CA5BE4F8
U123737080,06217494989,9EE383DBF3BD3E
J189452094,81120780399,6C36C6BD375631
I992002446,33007943746,E6025467421042
E848743352,45559981082,FA9EA19515F05C
A219406933,46777941012,6CCF4AF4E24576
Q254730304,42788818307,834C418A97701B
I186216830,93660826494,7EBA5A6CDA0FF3
Z113020456,28997723803,0377AD39DAC2B0
X202808005,92729059480,3DA03FBCC0EB82
Z156986033,26175346325,1D305D9FD81FC4
X277251972,14944442065,DA1AC7343DE3D9
U237591085,46055356032,2F33D8D328D828
O133316982,45759629375,1EC473B67420C3
N207731155,82683505806,ABA98A6F35F463
V118884368,93804052811,AD856DC0EEE84F
E823488378,94444841286,BA5A0D74EC9C37
U832946000,18913610771,C02F3AEE50BF10
D201792101,44448304608,1BF411C4C9D6DB
I276716950,00976020558,AA5B1E69D51877
J267610692,02911661316,BDEC0B64549DE9
W239105311,48774479947,070F1F9272E9F3
C154105817,71498411457,EF31766D40F19E
N101237076,52968531903,6B4CD6245094A7
A169855153,10433265558,265A82E623514A
A297604426,83477605612,7EFA926E721F94
U924064804,88943223803,0271D4ED6757A9
X267928635,61391176745,B689F34993944A
H151119912,05871446430,D268A42DE529C8
V204234030,85831171806,52BB0DE01C54BC
A129289184,99207205201,3822AB1E2BDA9E
N110122444,57352622132,D99E881BB002D8
T214055932,05082871468,BF16E00519EB6F
N107891396,09330110362,6B822146C72122
W128204356,81565789664,741E9954D23E54
J180949676,83790659758,92E619AED5DE42
D293322748,13036673039,C3864A118DC95A
M132612875,33144310391,8D9BDC9649222C
W945397936,30893634547,70CD86D003D2A4
E153233261,13719430924,92690062466320
Z822368927,81769730416,DD76C3332B53FA
G177427963,13237548345,15CF06DEC7EA1E
M294701553,85223873858,94A31B8F84FFD3
G928267766,46366024902,228A913C8CCA38
T110631738,90211478727,204F0B02C7874D
X904091637,61128873660,31F30024A456EB
K243204040,50451637695,C4F06E0335B391
G246210805,74351111001,972D9B18647C4C
M203436247,31873441395,9A6E44D1EA3AEA
C256504561,57589391302,41DC0957A226F8
O212226243,78872241506,A2A486B5EFE4BB
N112389107,50368490251,F6C616879C5833
O964051038,70204547365,40039880F86DEB
K288713411,32653065997,1A9B90447F2F1E
N223459998,97354193814,BAF60DC32256DC
G913183333,33468697354,A246223559EF6D
K226638597,65198607585,7B6AFB09F49D62
B156964519,38089235811,7848C3FACD4313
G812620862,61475541781,067CC86317614E
C905712746,81899960987,8A3EC24FE83B6F
H261770750,00354801270,64D4E95AA21519
Z160190116,54460726515,C09499FA961A1C
J904859335,78037293584,14070037D0284E
W973444600,04954980326,7A71AF78B2EE11
E250907579,70329638737,86BBF0591C0E42
H240156143,33933763914,53BB1D165DEA5A
C207823873,49142001761,730A098D5FDE8B
T260762217,07883737498,7451BCA6F6F0EC
F282572065,01004283228,30C54F78017DC6
B219518653,63779491401,70C535DE0E6114
J193066006,75522459518,E9F10B69437B19
G151440582,01419164350,65C252B6C1D604
V107803197,61479242997,F7A0CF545178EA
J124860730,11390247000,4AF3DFC354B70A
F824768358,84743758709,1BDA06D6D48FDE
N243118881,97846581002,F4018C4AEE9198
H116405957,04371442229,F671294AF97E3F
C972626324,64164266046,76CF0E6021EEBC
P936669609,96542265903,A3B204AE7B2C00
B292472934,10752567901,ED20B378D8C26C
F222285032,74110612567,85114A856B5F5B
P285709856,20824078565,3EF2C5A2C821F1
E126141387,34341184894,70CB8AD34C2086
N133647319,86896794598,864A842AB800FD
O170674989,54899034520,AE5E43C6CA449C
Z287763811,57408551618,057941F9E4345F
O129857792,88736064814,2D840D269C8AEA
W201040074,84843650775,F7CC5691E93675
U905085169,16264883300,48878AE1E95200
F890030925,13104871754,545E826B23D3C0
X257890277,59786433081,D1AD747A9BCC14
A178405607,21255256332,A3F8749D9319AA
C191371222,50475381469,D461FA66FB7CC9
N236972151,61430458154,4D512E10F230EA
Z104759613,94782718930,81E4893329DA40
I135319793,95034861892,E6951253CCB205
F860968998,21188694333,705E45A816FCF2
V917501535,04639335994,AC2843407279EE
K193793509,01668138358,11D2EE7C72ECF3
T144738488,53021779105,2CB42FBFAAFB25
B204076648,89707068945,508D242AE0AF72
V231561673,80346919212,7B0028896E4A9C
J241491651,52521947912,53FA47D9C1095D
Z894889671,26901528713,DE7AAC16A5C2ED
F293716608,25452575607,B13B55523A2048
Q918915458,43866313706,9D038EAB20ED7D
Q124102416,87384472104,C87B85DD2CCB9A
C895330605,78995543159,63D83C1C484824
B225465234,38605737186,746E91E34E2F11
I136269149,48824563090,595F4CD8B43367
J215409150,11897841774,A6622DBA9D9F92
D275274776,54375720909,68AB23874C904A
E278275409,43610761139,5DC3E2BD2B97EC
A114307139,15546843163,02FF96C89C7CC4
D911885591,30149174612,C407DC2F8D5689
H261277834,23623158297,919F74C10A1631
I840399663,63307746872,0C5A91BB6B1ADF
J107228596,43073944725,FDD756578BD042
I223702299,10749474887,096C543EB8B311
Z173833577,14547509248,E30A962A0F6E19
V284193127,94387273518,0D71CE2B1A764F
A916083316,67780871336,C393A9B5E9941E
B183156078,71164053599,404458A5803D1F
I165131618,96504405223,2D20BEFB2B82D9
C839447845,78607249806,AD625A91113FBD
G124370499,28687818981,824AFC0BA878F2
X892536610,08534867039,07CADE1D182A3B
T132734603,28235006318,E6084EF3AB8B52
V133307326,84793293680,77AC9C103CD5A5
A216987137,93348254532,827E434ED01D1E
J874523786,06800484747,53B110EDF20B05
G236653101,92031301447,19571DE9DD441D
K861204853,17762932129,9060E0CB1901CC
P887610103,21387677115,36747EF9ABE536
F116375925,73940572778,A40AFD36F2283D
Q953909685,46662885664,A57C7D9294C0CB
U933075986,36454782108,30A3ABB2DB3495
J166506839,87129289942,ECA12B25FA58F6
M247617044,38863344910,359D6EDD0D62E2
G295558472,20461672944,C4CFC56414BC5C
K252031886,67876825910,2280C3B9912721
V278386634,37681581094,C11A78D41815A8
B121751013,54541795165,C4D8EC1164186E
H967133853,14453712918,7BB928130D472A
Z100512776,32566942116,2AB18D3CE0BDF1
C287930466,73073688198,764BFAD8923B0B
B176405539,76915352379,8A7CC9F01D6C97
K266901104,05697968225,5D51006530AF18
A255806582,80294268427,8998269E77064F
H934115756,11703052635,17FAA326A8BEE5
T919245190,73516721181,4C69044B256AF2
H804930403,38050500576,9FB9040EE0AB9B
G284518800,88117401724,A229528C945F5E
Q276887802,50054326093,7B198619AD40D1
H119697500,99781138857,808DB4F7AC0915
P978139740,79486543640,8198BB556A8977
P246542951,97807204762,2B9F6D8C211C73
P162652370,32918548306,DC8288FCBB12A5
H238833653,29826871684,5B983D5CD48F36
G297479081,39437258634,2FCAAEBB64F839
B130794080,04588350263,6F8BACB552A7B4
W198525468,27490765677,235729E06DAC5C
D105203336,32544278017,C7918CEF1DAF9B
V241889188,30133119320,B4DEB8977A5D57
H985365102,35264061826,3E5CD9D34ECEC5
Q873583854,69046094503,9F02DA70B5A079
Q270254265,18223417305,1B7ED8CBF34A55
M261585521,44263778866,700329A07FB83E
X929335765,93792705389,CB252842731908
H259220790,11967524524,F058A2B24B8164
B222063041,75825369352,C4217518BDE370
A871915337,12860365789,AB065A79876832
J853233698,80381924430,63A1971F6B7D69
A285102748,88897699490,A7D1694BEE6315
I227799396,41138698690,EAB0AC5F76A29A
I841959501,30469858122,4B0B2C17E46755
N190386586,22738720464,6AAA5C31603C10
F842560234,38258872587,A19F0BE79D1315
Q172352235,87633114129,9C137FD05032CA
X100853091,22768614381,1D391B07154D53
X292942938,02497658142,2940F122F5249E
D236255586,65867686472,D605EE45866E0A
Q138083184,60094375415,1C845C7BC56C1E
T150640239,71519170993,76341D0CA1D17B
N129169071,63247493326,4AC2463C00CA02
G241042183,58441005581,6B8E37061A04D7
H986746987,78176870147,B00B214759FC11
Q997793863,12229915151,52E53A9AF553F6
A915120945,70567361399,8FBCACF0C279D9
K814009480,20733240340,AFB0C0E7994018
Z150304395,71767673386,D9C251EAD72B1C
Z288453734,88925782473,456C956FB2787D
X211381259,36436759909,DA082CFBF6752D
T205522733,42546700085,BAE5A4EC818F3F
G279312467,11536032552,64649A0B7822D0
Z170309207,07071510679,5C531743E86497
V995303491,16602947486,9A0C3204DCD43E
G223341325,91408274280,39380A6CA2229C
W910901477,33370571320,FB9B6DA7EE3D13
B124313195,74741793109,A73D76C24612C7
I195030688,55185831523,A9F297D54FE5EF
P859139139,34556573522,1BFEB4994737DA
N201443021,33948798412,7965887AE2119F
P212222879,38240896743,F6CB34C6D15B3C
D919218707,92932272460,B8C7A0B8D5F490
O993771254,85715903823,AE898DE505D243
T803126511,80116900953,844478968EA038
H225243314,75205227013,7FA60FDEB68A2D
Q868714285,24402927232,3E0D5C6F41478E
D901351391,36094572443,AC71E697212A27
F292559501,68451933360,E1EC32AE8192E5
H288386378,95014304406,2EEA2FA24C9917
J211187199,35044869131,3DFD8E2D7DD691
A158550343,68923610754,2DF8590F096AF9
B996129607,14063031605,2DCEBB608FBFF2
B816336866,06315915181,CF2DE8DCD016F1
Q105335851,16566266945,9558A7C54C81A5
I149732606,32561552383,1F6261E19F27C4
F201843445,73223649933,15CB4692C0F9B8
V288006170,19604412968,16FBE83B4DDBE2
U247034220,36387949013,1C5137456CCB81
W255290119,22340552313,D50735A231050C
I907170871,50188197071,159955960691F3
P145493902,51308368524,B7A109B4CA86B5
W151728325,31973577422,5EAE5370586479
B221831885,19172753333,3C5557B03DB9E4
E260203300,20438457020,7359D39D5DDEBF
G277670073,05877408037,4809D9AFC9AE5F
W188751330,95894892744,C0A81EC941F987
Z935560035,14795943780,9B41A50D86FA39
M171413307,82787178554,B55CD6F2A10F8F
C817061654,28911118577,E61979F7721D8A
T265532344,82341559466,A568A16519FC44
M240426483,23585131762,E22FD0FDE916CA
C259204371,99226599891,641C35F5A44A8D
D197474072,85388610641,A09C2950DA8D43
D903793548,52462961155,3CB4959BF3F615
K115508335,43595685319,AB87853D4B226E
W202387352,02601465961,1B69E68B4613B3
M951721288,39736597591,CB82D513E4628D
O202218926,05705919996,41154E380F16C2
M993917202,45391867847,0CD398B4614D40
P292585606,56016385576,3F966617D5AD26
X283072898,53924171746,DCA04A9F7FDFBB
A162827893,58996767872,91BF32C7D3B222
F212508993,62588615534,0D7C4755C610CF
P900202807,30135601574,8C3D9753BD4008
N893180384,31339387571,7FF853C240977F
H253532040,37951239235,C592978D161A29
A209022032,57056755396,BC83C2B175F02C
D854050358,83759780750,C361B16564F2CB
I266481557,16633908307,7386966E6B0E1B
W228284687,28093456506,0B30CA79C4A97D
F923483796,07525844799,8A8F9E1CD4B4BD
C248109258,31702121859,6AA2324A41E266
C851125508,78254109362,40055339EDC44E
Z106150501,58038036197,ED1C8D605FC103
H148635050,93843302317,C7C4BBF2B16EB8
A103720822,48894909000,BC80E21A717C23
I945037982,20345389754,6CA5A7BB83EC38
G856753202,94975366062,551FAB67231621
V860361796,25917262490,7C215C4FCD9D57
E128041639,07110605828,79BDE676ED9708
Z909634742,20192483560,DC793B6C9ECCFE
T958397624,41587691095,45B6D8923054DE
N199104179,32842420361,8281F03402A8DB
X137469416,68376497234,DD964E6F457456
T988062349,02781706834,41AFC72EBA46FA
F277838136,08037811109,C9C3164A8E030B
G230884513,59141793108,D77B64EE207485
G222255811,55814156686,C6D26551C17344
B149562792,53570485594,3DCB76F445F2DD
C256069969,12033829322,4F84B00BF4134E
O203439652,48479900865,3F13DBAD4E0DAB
N295876550,64413156790,9E89D5605BBDB2
X220357172,33311341464,DFF53DCCF1FC7B
H208705262,06095151262,01AB60B9D41319
E865017628,14858780073,6B7B5D34B8D3AA
M295666455,54794012834,B4DE160D9B165D
Q928256573,73511816502,796A01E78A4FE6
V269015355,29769523802,A1F0254354C475
H173161410,93846625338,4FA437FD3C1B5F
M245061473,91636540231,CDE38967A30C45
I163314799,09867513832,602B4FB9212477
O132420165,67438500952,E4EEB6D9AE7DAC
K125085518,85708781775,C728B7CC761673
M116557931,58859022770,62403265EDCAC7
Q223697034,22347352968,ABEBC11160F8F0
B162133173,53579280386,5D567D7E23DCC5
W244778219,19906419842,CF952800855A21
T919140850,95881464584,F64928A0B23AC4
Q865860486,60229246791,FEB219D2EB148C
Q206098911,39563434345,3280668B904666
Z994464701,02532263121,9049C71E39EEB3
H230999092,61510241144,66649AA763563D
Q889864271,96168496839,9405369C93C52F
X204115754,63482943374,2EAF1A3F136B33
I957111055,29295321937,68374D1435458D
M127371189,94496203513,64C24F6AF72B3A
D135997118,43164260456,5A6BD203D5A77B
O250430278,08271754793,1212001408A5A0
I168655446,26482082015,D878639FCB5692
X137834593,68125623880,4BDAFAF4DBCA2F
E175765468,21576786990,8FA730BBC9F7C7
T114993426,38615171438,062990DAD26B39
X250796749,75030271814,4381C5DCDD03BB
V253880702,15633955879,625AB5E68A1E24
K930850425,75987274473,8F08CFC1E0B1B5
G295769797,75677763222,C9D52D15E7768D
D976422207,51525275648,90DF1951862D59
D188795193,59183573393,B9A1B526F4269A
J276711219,76796114826,A6D7517667B5FD
C246174337,60606220691,45D6758AECB360
J838518234,38491796417,28A770118BE247
P185173050,19255940288,2184D06AC13EC3
C200650729,73436080086,FF6C31C2081717
J264520726,26414127378,032656BD2001BD
Q805101939,71442777568,73122329809E14
J101232014,45960306337,0B8C2B4877E5CD
Z293851966,35658163259,1EB04F9698C5B8
C264884238,82930494095,2CFB1B9B03725B
E889199136,28207286537,BA4BB94EBFD7A0
M112565026,37021450532,49A13BDCC0C19D
U155060492,27308138782,EEFCE7F514DE5A
J139391215,26447027351,0CA2F0D238E88B
H275462574,16848841658,59DFFBC1F21C88
G232418544,28385481005,12B6BE36ACF396
W224332566,50565492772,44B02DA2B6A41F
T248762599,51080890787,66F6FCC15B8C32
N167699309,50737524250,105BAF086AA5EB
I158118267,62558745507,13A7A49920E646
U195349794,81013033972,C7DADDE1D7695C
Q202035276,25633119881,D9B14CD991A5B8
A155406946,21760611174,F93B579C30E062
G147640270,79152255447,52903D581A0AAE
K810490289,24115969373,C84E50E2EB35D7
V204934008,88823997369,F62E4411EEA0A3
B840087256,55666885714,395C2153FDAA18
B240287263,66864262769,1B049098A11301
M978356936,73088609420,3C277932141C0A
O843930747,98611474140,A31F7888032D8A
D811191485,86842843582,4CAEB52CF7EF60
B259137892,43408923884,E5B421D0FE1514
H853463882,14759707782,88639919371E75
K214885764,71885179029,77BB446AA7FCB1
X910048133,10661785629,22D08624388B86
C858386036,89673641610,D48CE8A442F02F
G289303596,30385172783,45F15EE78F9973
N262128576,66051785490,BAC176F79B8A8B
H126180270,64940702908,7A9DED0E4CBA14
Q274979236,24754017171,12C5EBFC20D48F
V859756494,31255402469,5230C6C8BB3769
D161000891,63928174913,2926AC7652D633
A950429150,02178296271,A79375A520A4B1
W157220659,66360752433,30A030B8DD1D2D
O123840864,01302897135,A84DBF34A4E80F
P118745904,72344857377,4E5BD5FD8CE342
J950274680,07494878868,081D1D1F115548
W950859532,98761923340,2EEA78F308C951
G143831864,61882249004,319F64DAD16AC3
X231635089,70509307904,302CDD3EA622CA
A943733916,28354280961,BA76A6009A22C9
P194829903,28824943240,29382D364DAA5C
T133866293,67935643425,56E0A0A791551B
F136274616,43560088530,BB5A8EB7F566F2
Z920362116,46733400021,9C1AA0592214F5
V103332437,19503432998,DBC8FFDE47FA85
U862476646,03989712808,D9694C0C63AA11
G161603644,13560866435,475B9F7AC79EAF
P178203463,84865978912,A5E11B817DF911
P127497706,08268278469,ABF66D4C9D8A4D
M267415242,60655427241,DFF85F7220815B
G103299720,45687904925,4EA6756794F804
E974857507,70515481167,03239C8918D2D7
X895115560,29901359425,E5DA43FAF3D4F5
H240424735,38382960277,31F670FB4169BD
U189027750,41904201737,B751E40BB9A09D
P252230677,42227944402,059B8200AD416D
F197736613,36312399877,417BD8363F6E50
D193068327,56683386772,87FB994C7AA9E4
T121799223,83969137117,4C2A0A2968E005
Z236526382,97282113249,3F91794910525B
E147048970,72445270382,E73D0022FDDCC2
N164730269,23778519089,754C9A29DE9634
B964787031,59623927408,C65690C380DA8B
B176068947,67351095914,EFEC5512380480
K190316797,19766258087,1EED77D56DAC3F
D979009886,19148772929,B0659F03C75403
V163942477,10035919562,098726ACB5BB52
D256639971,75894784359,87FB1E82336D45
K823527311,96380304742,8894AD8BE0CBB5
H859725014,73267844604,9C0C96DB6BB6A1
U152452916,42189897932,5AF91B113A70F6
Q920722374,65036566898,59D32FA278C78E
G863367289,46691816225,F59044CB09CE36
Q296686123,47996968772,3B9C6FBC39D09C
M263023177,00282086828,B49C5686E28FDE
P158209889,92739226193,1120B42735DB1A
B172616796,25499211979,AD2B04FCE9E928
V897860700,49351591125,B66BAA8C17009B
E124761685,42158679617,79C8BCF8CF834D
E158388609,40304459194,124EE6F284047D
A278039730,83870119216,D5894AAAB38D51
X281501645,24913136333,57723AFC4524A8
W996500281,92781624633,B99C6CA456F926
T150304676,22787795540,D0E3E459EC130D
O212877642,74525850204,06E87DDB2C14AD
P266949849,21680769258,74694BEBA52BA4
A163904531,51318729649,2665459E81A32F
I900042534,31925152885,A74A021C6F09B0
H870380533,43283743751,2D876145538273
B172204063,26939518624,45ABE8894F318B
H858314955,38469954243,DE3C9CEAA80111
H188767808,27564573609,FCD1435A0B7F51
N299591487,75648450437,DB4617ACADDEB3
E205994755,93576170839,2F314A51C27250
X107805404,28362376395,CC4ABAF783522A
C146835682,16955158287,8FB5719CBADEF6
A246944622,35010734054,9D97E098032C12
F246740834,21886022251,D19B563151B2DD
G218351935,33441741638,5F1943F71FFA5F
K894713134,68256631198,EA8F277761CFCD
E207016647,65510540312,6628DBA97CD056
N131619308,87188509728,6C97680B795DDB
A241629424,45498527709,B8DCD61E652693
W934570349,76863407743,7026C5E90FCAF2
W265720964,18514530071,3959E12D6D9626
V158438546,95189385016,6251F100C30CEE
U252060625,97181862958,508E978CC0D8D5
H160575820,49742985414,7F57D6270F2D0F
M226385038,05089379652,EC9C4B1E07C60F
A261127896,65386631853,1DC7AD183046A0
P203513705,69753092908,ECADF4C7D366DD
I996019518,57626383011,811FAB6ED12518
V233292662,12331918147,938CDACB3EA540
P873065234,30662474826,8110FD92FA8436
Q203696102,18643818604,A03364F4EDE25D
V186078989,71542293501,796CAD1D82D376
T911061567,17495671167,0484269B8C8D9B
G180508360,84302673669,2F5B47A5C05A20
H205171166,04032791481,69276A350AAB41
W211579260,37191551360,5B861CF04B16CF
M107860952,21039960087,1D09303E5854BF
A143183527,65251042349,829707DC5414F9
G977381413,27276040119,EF64226BD5DFAF
H241863585,15060790687,EF76C2CBEF359B
J209233444,63518440701,B2085E4019E5C0
I151735484,50302535169,59D2FCEB2C0C44
K257409151,31154131599,2CAC3EE4ACD831
O201132856,25521037711,0838528249591B
M247839666,91014118032,01AF2D7E091B6E
J263275231,84979111573,A168603B47B971
I814882179,59300759969,F09FC935531E13
I195448528,21170307677,B548882E0CD742
X213377253,77146059013,03AD40060F1CDA
W172460337,53036447535,D8A5BDF3C328E4
J152263303,80470846330,3BB764BCC37B9E
D142808733,37501988096,68BA81EF893DAB
K139703958,26947779104,E1F93A6992F1DB
K251837982,31529598596,71EDE92FE4892F
I268766044,02850982235,C08D8646861111
B255481317,98161949943,9987EEB0AD00E4
J124974677,26823992423,9D31B06DA1A98A
X173620531,66176681685,145E8CC4C9B782
Z953253284,00531750538,53B0D31FE92508
K204384947,34765145176,33D318F94CECF2
E267520037,01881619956,93208661CBF375
V243512144,64088404339,5E32CA819D8BBA
M174980314,87599475667,65C3A45DE2E9F1
G900828136,06718147707,42F4FDDCEAA0A7
P127112851,81102941267,310C4F9CE611B7
Z178413762,02460305027,8FDB70DE6042D2
O218714144,75202932497,24E0E0883E05FA
V139387864,97080527551,C0E65CA84582A3
D112722346,50424785287,12403459C81A00
Q260844560,04883905782,157DB677B134A6
O243286653,28363816894,913D7F9BE499F8
B244556670,62348828251,5E9E71DB15B538
H136102699,26038886008,32266A6993F21E
G218948303,28840085026,D5CF4F50A0B10F
P142087902,28028186778,09650A7E88A849
H172474043,24923436813,2D96EDD9884439
M256946236,91579343589,F6982D8E23A83C
X907530417,93205722910,52074CC8B02BAC
V951301346,52753289094,42A638843D6A14
C123682272,08839087412,1B111FD1F5729A
H273897631,43094220287,1F848EE363669C
W238779719,34950876749,AB51D8F269E1C0
O250019939,25404448827,FADAA806D39BC5
D223920350,97727713056,98454B4ABB3057
G110227681,16630459401,028166A10E0916
I847737661,14459356030,5588B18062064D
G921682907,15426609418,E1F448C0A42558
B200771660,35137865183,83FCAFF0C73903
P911796669,56917580455,73BDBF02FAC321
D111539623,97755920391,FA826EF235CA02
J880175429,12731423070,B846E5E72F3E16
A131708685,36228198847,695A8E2B1CC1AB
P267268736,91082792012,199E5C07E0EF30
V133168276,84092462136,82D08076A2A27C
M179632564,04772770459,A4DCAC713FC0DE
X128113296,46808592640,3E2CF7C4784574
G257291718,93752660983,00886589CA6831
K222227347,26242454427,DFAFE6850CBDE6
D288029847,02099301822,0E7B4B04EDAD33
U803548045,11532071193,BAA41E9068CA87
H126284568,30696463626,39942F52E6E2F9
E284126622,58428629582,C3624187791A35
J908053937,56261613494,51307A398817FC
G934759846,69882019776,2EF078779E7C2C
I901237895,23009194712,A5403DE9BBADAE
P134236740,46589571279,3C423CB798F571
A227288056,00988560538,65236AD3146898
T232566330,38323938071,A670ECBC6CBEC6
Z141103451,06604102504,4FCA95A1F7D3D6
Z862598570,91892716814,6708673FADD047
V227132904,11423177768,1412880693AAE5
H912484743,77732251596,2042600CFB9D51
U293559061,51323686431,80C2B1A517F3E1
P226623857,36373927510,14AEAF9F5976CB
F835951681,52180306170,352F273A2574BC
K163508485,83160769594,15120CF7B0F1E4
Q976376808,19955497729,6797E4E16C9663
D192149010,81123750990,D2F3043E8455BE
O858560006,76757119060,05DD8CD1514746
F901255734,77108347900,6FA142E9AE3721
N225178718,16958261955,BC884AA0F9F47A
H910919887,92970836786,AFCBC34028255A
I149124739,04521491240,1DC5AEE9705F90
N247462513,13109997640,E409D25D30B456
E158591722,87611162665,523348069D76D5
B204180530,73252221790,8C670C81D5107D
K195702159,69691868665,3E607CFF480F79
F207015605,34215476649,92B45B814652B9
A239846291,27267459867,735AD821760C06
U240711457,41339029662,1C6229D599C0AD
E974788070,02043934425,6701710BA7E738
Q228848157,77681430684,238C14A47BEF90
Q853753869,53602575161,086C6008EAE191
I908968053,25058616615,DE74167ED12F55
V175517779,81074853726,CB5F48EF4C25CA
C826873902,80310917339,B5BB547C2B85E5
F205137377,95737188787,CD43D98C8E9C12
C247144333,31821309978,13C60CED198FBA
D276514993,22389564956,11B4DE9237B07E
F864473552,46644062340,523D687BA4F6F5
C116009718,55041383867,ACEFF93ADF988B
H121519351,21294136728,4BD61C24B8B82D
W992547135,94859269755,FAA73C4526858E
A227133654,36823130772,1BBA8C9AFE949B
X848790702,79993407438,2FF8FF07601E96
I258146683,53423361985,9E1770336DA51A
I273820500,82118615560,00ED4B6A2AF7F0
N820251303,79614815409,1C916762ACAA51
H986307346,69735298307,0BE996796C28C3
C874460939,71005791114,17FDC49653A7EC
H226519540,40380929979,CBDECBF1437216
T120032701,36243207580,D90674B696B6F2
H253070250,36123970488,F454F185509B79
G843853426,04567863795,86AE66EB66FFAA
U814007715,31073891599,2A648F24DA74F6
H192709645,41027891700,E53D5710A8572D
N950479893,41894929300,03192D76FC59CB
D139812198,85407517834,DA3E851779A2A5
Q255579574,09031978450,C5B0D63AAD0880
D136019631,10045295705,99C045EAE9AF67
E948537356,15924708008,9CDA365E82D2E6
J150377920,07263080701,894B53B5A99E41
E104575263,67720098218,51BB97C4D6E8EB
C113791317,05995884301,98101E6A3F0492
O111452041,73991058598,EF50F2A81FD69F
V226637848,00107487285,0D39281FE24F15
P238467136,73563391710,AE21C96FC8AB28
U101865987,29687007462,3461F0A6EA4811
T131814728,66681425347,60B5974B91DD15
O843962374,63277046890,4AEE880E441000
T156521126,70684431386,DD871190C17EC9
H127409167,90386585005,407488FB40B33A
B264102598,24111258996,8172BCE379623C
X199263330,27674471625,2FDDEEC70FB40C
J165255440,22015184857,4417934F545C4F
F989823103,89674567977,A7B9D8BF73ED84
W833523906,53027241322,BCC066B74D5649
A257677641,90292565037,3E336E16E0CE28
F288038455,20369879713,C8AA89EFE33AD7
P912460524,74260342555,906B4969654D9A
I210072488,54210186190,846EEB660727EE
V803271586,40673098901,B0E695F1C698D4
U197420550,47783401329,1EBD452FCB141A
N176031146,27039004308,4F1715B613A7A0
D285996403,93804874596,B32B4C1668AA07
O902142850,05885335611,C77462DC23FC57
C107888005,17264275626,196C9DA88DCFDD
D907604195,20553270550,B3E66E377B91BD
V147737896,66185910040,7081E4F1D0218F
W875059563,06050694088,EC246EEE8F3DE1
T938809016,85782617343,680DC64334D663
V282381030,89013155326,CF633CDEE604C2
O298642049,66656405091,8BC500BE052828
V180963498,38687815094,A3F75090888D2D
V210101355,86751374807,CBC11C04066838
G219810657,08399668269,D047B25E3C583E
C168439719,12946367508,D3F9B00B95456F
X176036700,83091433309,F9BE04122894AE
G207557163,03707109793,23D2EB186CE18A
Q184505666,32727019682,B43D6C1352447B
U116200176,90637983862,1984A5F9E8DBAC
T978428746,74449206633,12BD4370D15222
D147232248,82371049993,A869279EBDFED2
G917177733,90207063739,1AE78085D0F30A
N109045589,89238481093,5593A482C89FE0
F294589650,37326038059,31414A9B0E86BD
U179032347,78111302486,8F7368D3E56857
M839925851,15251521030,82DEBC2D52FFF4
A131670391,03576400896,828CFE3737CCE5
I925784088,26541718113,45E74618D46F47
X177592216,79637694687,044CADC9C45885
T125793478,04164436146,29EF829EF40E12
V909545676,32331002129,092C9DFDC4FAE0
X118703340,01376450833,93A658CAF3EB80
I949289384,22652939547,8E4DDE24715F7C
P114406906,89498635114,30C45574257098
G112430953,63191785501,13F0FE84C9A03C
U206510541,96349933893,7764B5E7409079
X855832671,99843285295,7FB1AFE17AB0BC
O187878246,57870331659,11FD63D6577384
H134773350,49648088355,63718B606FE112
D188919219,61777122659,85225BD690468D
W945988955,18599530898,1E7F91ABE19303
O182056302,61250696180,2341A1B8818E2C
P171343740,02255795431,9125BFA2F7BAD2
U246282562,40674304490,3795550DD98669
T120805768,98946593922,CA3F6997461C13
Z115628790,75544653920,E1205D1A8C6D27
I212350976,63859709113,0A507CCC35AE0C
N154404912,18235421513,C903E1567942E8
