Original_ID,Plaintext,Encrypted_Numeric,Encrypted_ID,Decrypted_ID
B137216543,0137216543,0753487411,H153487419,B137216543
Z212611679,5112611679,2748901456,B248901452,Z212611679
H170349476,0770349476,3376203135,H276203135,H170349476
Y268696526,5068696526,1705909809,R105909804,Y268696526
B109827661,0109827661,3962121587,N262121587,B109827661
B101704054,0101704054,0403149807,E103149806,B101704054
B101704054,0101704054,5136231125,L124416417,B101704054
C143293244,0243293244,2747015730,B247015737,C143293244
C143293244,0243293244,4519904779,T219904779,C143293244
J252803952,3552803952,2384327968,X184327960,J252803952
I176347364,0876347364,4185196334,P285196332,I176347364
A226067642,2626067642,6482910150,N240052607,A226067642
A226067642,2626067642,5234947615,N240052607,A226067642
A226067642,2626067642,7693048243,N240052607,A226067642
A226067642,2626067642,7172754047,N240052607,A226067642
A130010891,0030010891,8944103009,I213755013,A130010891
D278728075,2978728075,2078789197,U178789195,D278728075
Z147675894,2547675894,6197072638,M211610095,Z147675894
X245722719,4945722719,3924058496,N224058499,X245722719
D223324885,2923324885,3593948090,J293948090,D223324885
O102507211,1402507211,6991208684,M280731923,O102507211
V194649616,2194649616,3978361124,N278361129,V194649616
O200948912,4000948912,3901059351,N201059353,O200948912
M250700852,3850700852,7298024063,U158454966,M250700852
Z253664845,5153664845,9321403689,P273619324,Z253664845
Z253664845,5153664845,7156658158,P273619324,Z253664845
J155283236,0955283236,8785207621,A273727832,J155283236
J155283236,0955283236,7069421727,A273727832,J155283236
G246731863,3246731863,0832068517,I132068514,G246731863
Q190745069,1690745069,8398120129,F293184431,Q190745069
Q190745069,1690745069,6053758439,F293184431,Q190745069
Z154346639,2554346639,3675384221,K275384223,Z154346639
Z154346639,2554346639,6601930108,E219121507,Z154346639
L278490474,3778490474,0752401758,H152401753,L278490474
L278490474,3778490474,6025872384,A000000000,L278490474
B137800956,0137800956,6945628900,G276132812,B137800956
R129120308,1729120308,1364508017,N164508010,R129120308
C270128063,2870128063,7189983404,P172521447,C270128063
I296097474,3496097474,4907222940,X207222943,I296097474
I296097474,3496097474,4351454817,R251454815,I296097474
B167997195,0167997195,3305014086,H205014084,B167997195
R266454150,4366454150,0509731359,F109731351,R266454150
R266454150,4366454150,9173977970,A000000000,R266454150
R266454150,4366454150,3491149557,I291149555,R266454150
R266454150,4366454150,9132963449,A000000000,R266454150
R266454150,4366454150,7436703478,A000000000,R266454150
G109974802,0609974802,1228764078,M128764075,G109974802
Y163842320,2463842320,4284907041,Q284907040,Y163842320
V159127382,2159127382,3155585743,F255585740,V159127382
V159127382,2159127382,7783240837,A000000000,V159127382
V159127382,2159127382,9256311577,A000000000,V159127382
V159127382,2159127382,8089892164,A000000000,V159127382
D211411284,2911411284,4160541320,P260541326,D211411284
N134281557,1334281557,2600905395,A200905398,N134281557
D274378140,2974378140,5374863068,H138720101,D274378140
D274378140,2974378140,2569373801,Z169373800,D274378140
H253063666,3353063666,1435077793,O135077791,H253063666
I293655849,3493655849,4991233671,X291233677,I293655849
D197590393,0397590393,2005861886,U105861889,D197590393
R166888627,1766888627,7817709654,A121068876,R166888627
Z254652330,5154652330,0302756608,D102756609,Z254652330
D271481784,2971481784,1002720745,K102720743,D271481784
O282876520,4082876520,7217423131,W270444134,O282876520
M169714899,1269714899,4328834455,R228834450,M169714899
Z128513477,2528513477,1647490519,Q147490515,Z128513477
Z128513477,2528513477,9757795141,K213145508,Z128513477
Y205331664,5005331664,4975417941,X275417944,Y205331664
R104370213,1704370213,2698735982,A298735981,R104370213
K138666965,1038666965,3420491629,I220491620,K138666965
E200016087,3000016087,0552414385,F152414380,E200016087
N275332904,3975332904,6022411175,I257399346,N275332904
N151194697,1351194697,3225158001,G225158001,N151194697
M283009002,3883009002,0045705727,A145705725,M283009002
M283009002,3883009002,9064984993,J173836223,M283009002
H117405826,0717405826,6532887293,D100392580,H117405826
I173772534,0873772534,6635397072,N104896152,I173772534
X192808653,2392808653,1136101230,L136101230,X192808653
X192808653,2392808653,4730893591,V230893595,X192808653
S244793560,4444793560,0778560932,H178560931,S244793560
T174204753,1974204753,2130513132,V130513137,T174204753
H196268154,0796268154,6412551693,R218042425,H196268154
N205609203,3905609203,4377404876,R277404870,N205609203
N205609203,3905609203,1759134248,R159134249,N205609203
C102376199,0202376199,3375990846,H275990844,C102376199
C102376199,0202376199,6308675198,N211880918,C102376199
O201631041,4001631041,3873755229,M273755225,O201631041
O201631041,4001631041,9734665878,A000000000,O201631041
Y136970564,2436970564,5513770580,X163208101,Y136970564
N167931786,1367931786,2189934628,V189934623,N167931786
A226022830,2626022830,0737124827,H137124823,A226022830
T298511024,4598511024,3412349729,I212349720,T298511024
Y271885948,5071885948,9648567512,F235764837,Y271885948
B106534418,0106534418,2328522473,X128522471,B106534418
Q172474058,1672474058,3593783332,J293783335,Q172474058
Q172474058,1672474058,7665842547,A000000000,Q172474058
Q172474058,1672474058,0055092735,A155092734,Q172474058
Q172474058,1672474058,0219987876,C119987870,Q172474058
B113087193,0113087193,3376042658,H276042652,B113087193
J201466898,3501466898,7462180949,E286121798,J201466898
E271720634,3071720634,9029662837,S173380164,E271720634
P161796800,1561796800,4964357380,X264357385,P161796800
P161796800,1561796800,1812556441,S112556443,P161796800
G271584989,3271584989,3974949438,N274949438,G271584989
G271584989,3271584989,5739917820,A000000000,G271584989
G271584989,3271584989,8867930260,A000000000,G271584989
G271584989,3271584989,2714385649,B214385640,G271584989
X245148393,4945148393,9017656300,J271545868,X245148393
V167674470,2167674470,4426859725,S226859722,V167674470
U144236542,2044236542,5775732874,P282553894,U144236542
V176868239,2176868239,6614387542,T223108377,V176868239
D258290696,2958290696,1362490018,N162490017,D258290696
A177247889,0077247889,6417170666,T117631980,A177247889
R220421753,4320421753,0776813852,H176813859,R220421753
T177900850,1977900850,3886182459,M286182457,T177900850
Y199990726,2499990726,4719755556,V219755554,Y199990726
A247952226,2647952226,0523291683,F123291682,A247952226
P198143020,1598143020,1582177261,P182177266,P198143020
K199855035,1099855035,0024951130,A124951133,K199855035
A184639011,0084639011,3350182292,H250182298,A184639011
Q165576421,1665576421,8319998883,C136575220,Q165576421
Q165576421,1665576421,3640740994,K240740999,Q165576421
Q165576421,1665576421,0231009994,C131009999,Q165576421
Q165576421,1665576421,6144785821,C136575220,Q165576421
H197612281,0797612281,0247581551,C147581551,H197612281
A166731996,0066731996,5916064522,I253152548,A166731996
M270954623,3870954623,4548191929,T248191921,M270954623
M270954623,3870954623,9490693632,W248530585,M270954623
M270954623,3870954623,2258077060,W158077068,M270954623
Z223255776,5123255776,4519120304,T219120309,Z223255776
Z223255776,5123255776,5776621355,A000000000,Z223255776
N221966730,3921966730,4031192751,O231192751,N221966730
A146584937,0046584937,2643399783,A243399780,A146584937
A146584937,0046584937,5210991155,A000000000,A146584937
Q277102344,4277102344,5915363691,K210845743,Q277102344
U132843797,2032843797,1523132086,P123132089,U132843797
M162018732,1262018732,0105883485,B105883487,M162018732
R179310263,1779310263,0580839222,F180839221,R179310263
N198656512,1398656512,4090137738,O290137734,N198656512
U278138137,4678138137,2322090770,X122090777,U278138137
C173844740,0273844740,9189972035,S131615769,C173844740
C173844740,0273844740,2008689210,U108689210,C173844740
N183046764,1383046764,2649481224,A249481226,N183046764
R296685618,4396685618,4114602676,P214602679,R296685618
R296685618,4396685618,4676728254,U276728258,R296685618
R296685618,4396685618,5334630687,A000000000,R296685618
R296685618,4396685618,8206441102,A000000000,R296685618
A138034188,0038034188,6870618419,K249788245,A138034188
D208558134,2908558134,1176954359,L176954356,D208558134
A280078514,2680078514,1719466259,R119466258,A280078514
R292316523,4392316523,1579829633,P179829634,R292316523
K123179964,1023179964,4280145228,Q280145222,K123179964
K123179964,1023179964,4750419459,V250419450,K123179964
T199465949,1999465949,8861104680,L147416004,T199465949
T199465949,1999465949,9137517480,L147416004,T199465949
F191001219,0591001219,3207264264,G207264260,F191001219
K139260225,1039260225,0378090686,D178090681,K139260225
T112486759,1912486759,9999066786,V190206897,T112486759
T112486759,1912486759,6033314341,V190206897,T112486759
Y142968178,2442968178,1564734925,P164734921,Y142968178
Y142968178,2442968178,0388105136,D188105137,Y142968178
Y142968178,2442968178,7031119692,J219272873,Y142968178
R177264919,1777264919,0221456512,C121456518,R177264919
T118012753,1918012753,5324389895,V157334059,T118012753
U113203335,2013203335,0660021590,G160021590,U113203335
L247831356,3747831356,2893203005,C293203004,L247831356
Z256409640,5156409640,1435143613,O135143615,Z256409640
Z256409640,5156409640,0499035019,E199035011,Z256409640
G194101799,0694101799,7105802469,Q189014274,G194101799
X168066132,2368066132,5468768266,V250554315,X168066132
G184571378,0684571378,3525778431,J225778439,G184571378
V229983650,4729983650,0912739579,J112739573,V229983650
F256755552,3156755552,2675776575,A275776578,F256755552
D165013689,0365013689,0196883547,B196883543,D165013689
D165013689,0365013689,2722517615,B222517617,D165013689
A141679137,0041679137,0896734296,I196734290,A141679137
B172438407,0172438407,4867854939,W267854930,B172438407
B172438407,0172438407,2421681024,Y121681021,B172438407
B172438407,0172438407,9635868649,A000000000,B172438407
B172438407,0172438407,4919391105,X219391106,B172438407
H211169761,3311169761,0338960620,D138960626,H211169761
U231008241,4631008241,2618526308,A218526302,U231008241
W181470707,2281470707,0108798426,B108798429,W181470707
W181470707,2281470707,9488977824,O207179624,W181470707
F168113624,0568113624,5797667750,L182363741,F168113624
F168113624,0568113624,1215233302,M115233308,F168113624
F168113624,0568113624,2256164763,W156164762,F168113624
R244315618,4344315618,1855027762,S155027768,R244315618
R244315618,4344315618,1048076480,K148076483,R244315618
R244315618,4344315618,8642689591,Z129705122,R244315618
L248266273,3748266273,0968154813,J168154810,L248266273
J262604167,3562604167,2194030329,V194030329,J262604167
B225607803,2725607803,9615853958,Y176188484,B225607803
Y119864478,2419864478,7694528842,K140417693,Y119864478
N239892329,3939892329,2449993781,Y149993785,N239892329
C191099841,0291099841,9810971058,L221089059,C191099841
E191491490,0491491490,3066841749,E266841742,E191491490
Z158798737,2558798737,9596288782,M139017732,Z158798737
N131291113,1331291113,3816248309,M216248306,N131291113
O191846207,1491846207,7110835263,J203552223,O191846207
M293202793,3893202793,9794707535,C284218848,M293202793
L187863723,1187863723,3690063279,K290063274,L187863723
R279246493,4379246493,5074331683,R161828587,R279246493
R279246493,4379246493,7144370789,R161828587,R279246493
M212557277,3812557277,6698710518,Q178159621,M212557277
I220792988,3420792988,3492518546,I292518545,I220792988
Y237979161,5037979161,4942849007,X242849007,Y237979161
R230858940,4330858940,9845298070,X192591214,R230858940
N103931273,1303931273,2779574450,B279574458,N103931273
N103931273,1303931273,4120226232,P220226237,N103931273
N103931273,1303931273,1310130977,N110130970,N103931273
N272485524,3972485524,4380995424,R280995424,N272485524
J265219464,3565219464,7764214047,L222664585,J265219464
O154453597,1454453597,3264719164,G264719161,O154453597
B182525275,0182525275,4649409550,U249409556,B182525275
B182525275,0182525275,4173918661,P273918663,B182525275
F165886755,0565886755,0548326186,F148326185,F165886755
I180479075,0880479075,0052651015,A152651018,I180479075
I142034134,0842034134,1930209206,T130209207,I142034134
Y261028575,5061028575,0509054851,F109054856,Y261028575
X178400431,2378400431,0139967185,B139967182,X178400431
G106933023,0606933023,5712162555,C141465163,G106933023
R238942654,4338942654,5977546983,U226125329,R238942654
L219902395,3719902395,8484410032,D205273040,L219902395
L294345778,3794345778,0747083265,H147083265,L294345778
T289618565,4589618565,0364059232,D164059233,T289618565
T289618565,4589618565,9669039695,A000000000,T289618565
U187343751,2087343751,6072344531,K170595405,U187343751
G230588552,3230588552,0740489128,H140489127,G230588552
L216768382,3716768382,3546912745,J246912747,L216768382
U146113891,2046113891,4016347977,O216347975,U146113891
M183009313,1283009313,0406854967,E106854963,M183009313
P247327172,4147327172,1870252921,S170252922,P247327172
D162668315,0362668315,0479931306,E179931302,D162668315
W220300755,4820300755,6602518372,M166379042,W220300755
P296769135,4196769135,9063707755,B182105331,P296769135
O151722157,1451722157,5566564441,L117074987,O151722157
R199395342,1799395342,5049870459,T268136543,R199395342
C135825787,0235825787,0187057159,B187057151,C135825787
H119749287,0719749287,8338129543,I195331308,H119749287
G175436884,0675436884,6888516801,C141027711,G175436884
V167662569,2167662569,9203697976,X189071637,V167662569
L144140767,1144140767,4114610254,P214610258,L144140767
Q279545703,4279545703,2747651180,B247651185,Q279545703
G248457235,3248457235,5489436420,I280552923,G248457235
L287084939,3787084939,4358805531,R258805538,L287084939
U197534504,2097534504,6439435519,C217359356,U197534504
W276997408,4876997408,5665375001,V194405948,W276997408
H277915756,3377915756,4446197070,S246197077,H277915756
H277915756,3377915756,9688413869,A000000000,H277915756
G286244321,3286244321,0097885556,A197885555,G286244321
G286244321,3286244321,8885679235,B250140208,G286244321
K197669835,1097669835,9345387766,X211959162,K197669835
K197669835,1097669835,7855665593,X211959162,K197669835
C176599279,0276599279,1054064587,K154064583,C176599279
W102922751,2202922751,5952763242,W164741269,W102922751
X180502057,2380502057,7270139042,S237055399,X180502057
U190802009,2090802009,2855331031,C255331033,U190802009
I143294116,0843294116,6314826926,W210932753,I143294116
U255449048,4655449048,6897942132,X181504408,U255449048
U255449048,4655449048,5412372898,X181504408,U255449048
U128327824,2028327824,0700135411,H100135411,U128327824
T261901174,4561901174,9948591316,T260944900,T261901174
H219491911,3319491911,3593040771,J293040779,H219491911
T176630288,1976630288,0235404391,C135404395,T176630288
N194167872,1394167872,9724611313,F283987659,N194167872
N194167872,1394167872,0167075325,B167075325,N194167872
D106712558,0306712558,4430034959,S230034952,D106712558
Z298240481,5198240481,0186315389,B186315386,Z298240481
T185417971,1985417971,9062802682,V225346583,T185417971
R222784584,4322784584,3539693777,J239693772,R222784584
A246077091,2646077091,5563832860,Y189830676,A246077091
Q249861589,4249861589,0352384746,D152384745,Q249861589
H107872904,0707872904,4515613111,T215613114,H107872904
O295856194,4095856194,2008396392,U108396396,O295856194
R288714959,4388714959,0085067103,A185067109,R288714959
V272120454,4772120454,0321287247,D121287245,V272120454
V272120454,4772120454,7879424203,A000000000,V272120454
O126638455,1426638455,2790466857,B290466856,O126638455
O126638455,1426638455,9407646769,A000000000,O126638455
O126100527,1426100527,4351335332,R251335338,O126100527
S229718749,4429718749,0697275485,G197275489,S229718749
F165767479,0565767479,4876454161,W276454161,F165767479
Z153131134,2553131134,2222882833,W122882833,Z153131134
A202140788,2602140788,7453588988,K148483389,A202140788
W224406561,4824406561,6366866428,B258841010,W224406561
W224406561,4824406561,4721306640,V221306646,W224406561
I293663029,3493663029,2303784802,X103784804,I293663029
U156982166,2056982166,0724438188,H124438182,U156982166
F294433537,3194433537,8430383310,B104145276,F294433537
F294433537,3194433537,4722343565,V222343560,F294433537
L273638358,3773638358,8641822301,X149367705,L273638358
L273638358,3773638358,7796724238,X149367705,L273638358
V113006720,2113006720,2465006609,Y165006603,V113006720
S177809080,1877809080,1827514705,S127514707,S177809080
S177809080,1877809080,7416425618,K113672709,S177809080
M264474490,3864474490,0076126371,A176126378,M264474490
M264474490,3864474490,5787584741,U228612924,M264474490
B164904714,0164904714,1029679249,K129679248,B164904714
B164904714,0164904714,0138858934,B138858932,B164904714
P266382184,4166382184,1108779981,L108779986,P266382184
J191306703,0991306703,6923251303,Y157595656,J191306703
J191306703,0991306703,4140264007,P240264001,J191306703
E269514546,3069514546,8301555951,H144162311,E269514546
Y134209133,2434209133,4882808713,W282808718,Y134209133
X130760429,2330760429,7408021153,C205409006,X130760429
U155305889,2055305889,4542715392,T242715395,U155305889
U170993401,2070993401,3686391189,K286391186,U170993401
J184508411,0984508411,9134572693,I105392877,J184508411
J184508411,0984508411,2146638481,V146638482,J184508411
Y255792224,5055792224,6087862090,U160880775,Y255792224
C116117180,0216117180,9386732827,T189355039,C116117180
C116117180,0216117180,8470560641,T189355039,C116117180
C116117180,0216117180,2783723036,B283723035,C116117180
G212663810,3212663810,0670423960,G170423964,G212663810
I172279392,0872279392,2394876381,X194876385,I172279392
C133098184,0233098184,6026156056,U235281988,C133098184
C133098184,0233098184,2295490295,W195490299,C133098184
C133098184,0233098184,2086458546,U186458546,C133098184
U155438712,2055438712,5661898415,C214984453,U155438712
H218281555,3318281555,2298438491,W198438490,H218281555
N204433992,3904433992,8474118200,X139765723,N204433992
C283586506,2883586506,9612683918,U254108610,C283586506
A267300362,2667300362,9302563264,S175588611,A267300362
L133909705,1133909705,1898269384,S198269383,L133909705
L133909705,1133909705,4307788589,R207788589,L133909705
X102841722,2302841722,2125416523,V125416524,X102841722
F119084074,0519084074,3787299743,L287299743,F119084074
F119084074,0519084074,4158519148,P258519143,F119084074
Y205578925,5005578925,3246168555,G246168558,Y205578925
K144004499,1044004499,2246760074,W146760079,K144004499
W199287350,2299287350,0613451283,G113451281,W199287350
S153224736,1853224736,6212494609,B171041786,S153224736
I221808805,3421808805,4503164521,T203164523,I221808805
N121921417,1321921417,7419925526,B194656306,N121921417
W178803078,2278803078,3118667894,F218667894,W178803078
W178803078,2278803078,8566890616,A000000000,W178803078
W178803078,2278803078,5085293820,A000000000,W178803078
T184109505,1984109505,3578158612,J278158612,T184109505
E267240909,3067240909,6928570543,Z176806806,E267240909
I209799441,3409799441,1826463547,S126463547,I209799441
Q208426897,4208426897,6313892163,D221627403,Q208426897
S295212783,4495212783,4729549390,V229549395,S295212783
X123445499,2323445499,3644259590,K244259592,X123445499
Q293316991,4293316991,0809337168,I109337162,Q293316991
G266068049,3266068049,4926680550,X226680558,G266068049
N141187555,1341187555,5620538555,M198436113,N141187555
E230645318,3030645318,2332516507,X132516505,E230645318
J196702894,0996702894,0162394453,B162394457,J196702894
Y201071229,5001071229,8868192366,X105007949,Y201071229
N295621439,3995621439,1576746250,P176746251,N295621439
N295621439,3995621439,5801721877,A000000000,N295621439
K273363490,3673363490,2904560567,D204560567,K273363490
K273363490,3673363490,7319572822,V184895793,K273363490
Q207210386,4207210386,2004876859,U104876857,Q207210386
Q207210386,4207210386,0440150598,E140150597,Q207210386
R155402979,1755402979,2967684633,D267684639,R155402979
D183136998,0383136998,3702389110,L202389115,D183136998
C170804146,0270804146,6666503057,F230719926,C170804146
C170804146,0270804146,5763206741,F230719926,C170804146
X144503709,2344503709,8967237084,E155281638,X144503709
Z293942426,5193942426,2000074891,U100074893,Z293942426
C276513940,2876513940,4099529491,O299529491,C276513940
Y296249215,5096249215,5563408121,I254980423,Y296249215
S117980680,1817980680,4977863426,X277863426,S117980680
A299159095,2699159095,4333509487,R233509484,A299159095
X208392293,4908392293,2876809253,C276809253,X208392293
K144900889,1044900889,2859766394,C259766395,K144900889
W256187826,4856187826,3213290702,G213290708,W256187826
U218297302,4618297302,0749774273,H149774278,U218297302
D200851647,2900851647,1534737106,P134737101,D200851647
D200851647,2900851647,9897659883,J265631693,D200851647
Q120888997,1620888997,4433897398,S233897391,Q120888997
W213830597,4813830597,2634820180,A234820180,W213830597
W213830597,4813830597,0148991539,B148991538,W213830597
M153745413,1253745413,6858907231,S297972828,M153745413
M153745413,1253745413,0882392198,I182392191,M153745413
F206529600,3106529600,7224143902,Q264654986,F206529600
G214459798,3214459798,6171296286,T186951747,G214459798
A234337162,2634337162,0204793838,C104793834,A234337162
C169576131,0269576131,1570608853,P170608853,C169576131
Z228144867,5128144867,4969084826,X269084822,Z228144867
H100718774,0700718774,0972160134,J172160132,H100718774
Y195319798,2495319798,3202122818,G202122811,Y195319798
K124616162,1024616162,6072061235,L165381142,K124616162
S256298758,4456298758,1154374130,L154374132,S256298758
E126607022,0426607022,2099614621,U199614622,E126607022
E126607022,0426607022,5596107096,A000000000,E126607022
C240475317,2840475317,4430888646,S230888644,C240475317
C240475317,2840475317,4756461231,V256461235,C240475317
C240475317,2840475317,8571361468,A000000000,C240475317
E139359786,0439359786,0689605859,G189605858,E139359786
D114022474,0314022474,9506916250,Q209951551,D114022474
Z105222357,2505222357,1606417429,Q106417427,Z105222357
G277691554,3277691554,1445270229,O145270228,G277691554
G277691554,3277691554,2720383704,B220383703,G277691554
V141549356,2141549356,0884292530,I184292533,V141549356
V141549356,2141549356,7332886290,A000000000,V141549356
K246927148,3646927148,8296614510,X120869536,K246927148
N221750652,3921750652,1082559569,K182559562,N221750652
O111186551,1411186551,4171921232,P271921238,O111186551
L177377774,1177377774,3251488677,G251488670,L177377774
F235836169,3135836169,6424229004,X193740646,F235836169
S111256907,1811256907,6486263571,N135287807,S111256907
I270566134,3470566134,1882491228,S182491223,I270566134
U259349058,4659349058,3774972174,L274972170,U259349058
U259349058,4659349058,6484084626,A000000000,U259349058
U259349058,4659349058,9231756897,A000000000,U259349058
G100313483,0600313483,4253095052,Q253095056,G100313483
O194574422,1494574422,4646724124,U246724127,O194574422
S198428503,1898428503,8465289176,I185480561,S198428503
F197902233,0597902233,4795311249,V295311249,F197902233
M115823114,1215823114,1727750620,R127750629,M115823114
M115823114,1215823114,5394902245,A000000000,M115823114
M115823114,1215823114,8692612636,A000000000,M115823114
V244706720,4744706720,3635587946,K235587946,V244706720
G179341742,0679341742,0230398956,C130398955,G179341742
E239334932,3039334932,1518583502,P118583500,E239334932
H107366741,0707366741,1531946569,P131946565,H107366741
T139297327,1939297327,1773564145,R173564149,T139297327
S137605955,1837605955,2959081188,D259081186,S137605955
D132276701,0332276701,2947273571,D247273573,D132276701
B174836867,0174836867,9357577741,S119434561,B174836867
E226790480,3026790480,9025981831,V180404613,E226790480
L210986359,3710986359,6420041522,L257841413,L210986359
Y108321195,2408321195,5745836733,A117051176,Y108321195
U293473717,4693473717,2701227795,B201227794,U293473717
U293473717,4693473717,6877799892,A000000000,U293473717
I232465192,3432465192,0523204111,F123204114,I232465192
I232465192,3432465192,9214088460,H278548484,I232465192
I232465192,3432465192,1484784630,O184784638,I232465192
P149125487,1549125487,0959647272,J159647270,P149125487
M231704983,3831704983,8461562508,Q288521406,M231704983
C295335788,2895335788,0966050299,J166050298,C295335788
V151093469,2151093469,1705173853,R105173851,V151093469
T116666995,1916666995,0516150657,F116150655,T116666995
T116666995,1916666995,4916107351,X216107354,T116666995
Y187083921,2487083921,0691332411,G191332411,Y187083921
Y187083921,2487083921,6580426462,A000000000,Y187083921
B246644137,2746644137,2607949168,A207949165,B246644137
A153646880,0053646880,0826371088,I126371080,A153646880
A153646880,0053646880,0148996413,B148996415,A153646880
N209237632,3909237632,3410494749,I210494749,N209237632
A272905708,2672905708,5433084120,Q150871437,A272905708
B248462802,2748462802,0601171682,G101171689,B248462802
B248462802,2748462802,2801938086,C201938087,B248462802
G207851004,3207851004,1351736405,N151736400,G207851004
X190925820,2390925820,6018449056,M125704288,X190925820
V221340162,4721340162,0602910727,G102910727,V221340162
P184073775,1584073775,3114578320,F214578328,P184073775
P184073775,1584073775,4674374962,U274374964,P184073775
C256534676,2856534676,6791292572,X274573593,C256534676
C141583441,0241583441,2450428279,Y150428272,C141583441
C141583441,0241583441,7572446298,A000000000,C141583441
C141583441,0241583441,1983564816,T183564818,C141583441
C141583441,0241583441,3222699599,G222699595,C141583441
C141583441,0241583441,1417552223,O117552222,C141583441
P165383845,1565383845,5915638154,Q198070350,P165383845
U116986199,2016986199,3883762919,M283762915,U116986199
U116986199,2016986199,1292739091,M192739092,U116986199
G228320700,3228320700,8658721951,H280907204,G228320700
V108044745,2108044745,0942407091,J142407091,V108044745
V108044745,2108044745,2517315374,Z117315377,V108044745
V108044745,2108044745,0616207359,G116207356,V108044745
V108044745,2108044745,0993151845,J193151847,V108044745
K228899221,3628899221,4278171514,Q278171518,K228899221
I183002781,0883002781,3544659134,J244659131,I183002781
Y292881342,5092881342,9637727071,U112845690,Y292881342
D278132668,2978132668,1634551809,Q134551807,D278132668
L285223796,3785223796,2472909090,Y172909090,L285223796
E132708861,0432708861,2965658664,D265658666,E132708861
W129702066,2229702066,5064155207,T112655549,W129702066
H148127553,0748127553,1008429818,K108429816,H148127553
H148127553,0748127553,1449321015,O149321013,H148127553
S201646964,4401646964,5448462709,J221859704,S201646964
Z190781616,2590781616,0693178238,G193178237,Z190781616
U259102724,4659102724,0957098266,J157098263,U259102724
F175565585,0575565585,3303710448,H203710448,F175565585
H203735377,3303735377,2745858144,B245858147,H203735377
H203735377,3303735377,7067263079,A000000000,H203735377
U189168792,2089168792,0101652126,B101652127,U189168792
J132543588,0932543588,9392201472,K186066359,J132543588
N121873863,1321873863,6222623397,V159319877,N121873863
T237330867,4537330867,9677569001,T237492990,T237330867
T237330867,4537330867,0188967161,B188967163,T237330867
L204317455,3704317455,4269184037,Q269184033,L204317455
D278525798,2978525798,2166282997,V166282992,D278525798
O227686420,4027686420,0303533380,D103533389,O227686420
J212259729,3512259729,0726884285,H126884282,J212259729
T119155686,1919155686,2124620940,V124620942,T119155686
T119155686,1919155686,6637940504,Q133257858,T119155686
H128010173,0728010173,7934758289,L227586164,H128010173
A207472785,2607472785,2161692245,V161692249,A207472785
A207472785,2607472785,6222626019,A000000000,A207472785
N164142161,1364142161,1421585250,O121585253,N164142161
L109815267,1109815267,0332021876,D132021872,L109815267
J216884282,3516884282,4710768115,V210768110,J216884282
J216884282,3516884282,2737919338,B237919337,J216884282
D107703277,0307703277,5241536276,Q171888172,D107703277
M132280659,1232280659,0261876448,C161876449,M132280659
Q143802691,1643802691,1895321599,S195321592,Q143802691
U177421882,2077421882,6787177362,D243238864,U177421882
U177421882,2077421882,7870212157,D243238864,U177421882
P215316163,4115316163,3079489766,E279489761,P215316163
A133570330,0033570330,1554310844,P154310848,A133570330
A133570330,0033570330,2844973570,C244973571,A133570330
H171329110,0771329110,2156080493,V156080495,H171329110
H171329110,0771329110,6417864694,J208928314,H171329110
U267513455,4667513455,1689885159,Q189885154,U267513455
U267513455,4667513455,9410950175,R231015308,U267513455
E131027401,0431027401,3796966795,L296966797,E131027401
I217469121,3417469121,9972658900,P272425879,I217469121
Z226717200,5126717200,1519456780,P119456780,Z226717200
H129589837,0729589837,7537429404,X166764376,H129589837
H129589837,0729589837,8629350548,X166764376,H129589837
H129589837,0729589837,5063165545,X166764376,H129589837
A240231911,2640231911,5260498219,L192945773,A240231911
A240231911,2640231911,8230621795,L192945773,A240231911
A240231911,2640231911,4762376733,V262376731,A240231911
M226546817,3826546817,8599962635,M254899955,M226546817
Q155934902,1655934902,0274784934,C174784936,Q155934902
Q155934902,1655934902,6269837199,A000000000,Q155934902
K153371163,1053371163,0254511600,C154511606,K153371163
J218154492,3518154492,7965919991,G243773786,J218154492
T192673998,1992673998,4750003881,V250003885,T192673998
S149707222,1849707222,0317811079,D117811074,S149707222
M247033977,3847033977,8737795679,Y167384316,M247033977
K118622243,1018622243,2673977734,A273977738,K118622243
H149745662,0749745662,7429381454,O247414276,H149745662
N231885591,3931885591,1747438470,R147438475,N231885591
A222239759,2622239759,6468848602,E254680635,A222239759
A222239759,2622239759,3518645614,J218645617,A222239759
A222239759,2622239759,7427030607,E254680635,A222239759
D219283844,2919283844,9639172162,S143797200,D219283844
B273716591,2773716591,0459184918,E159184919,B273716591
T200321610,4500321610,3589965792,J289965797,T200321610
I295302145,3495302145,7711510843,X180833040,I295302145
C142236030,0242236030,5894718856,K123991032,C142236030
J253770247,3553770247,6168854513,E161071693,J253770247
S235669159,4435669159,0784422884,H184422882,S235669159
V220143721,4720143721,0251917516,C151917510,V220143721
Q241469921,4241469921,0092551994,A192551999,Q241469921
Q241469921,4241469921,4751966789,V251966785,Q241469921
F101997777,0501997777,3787502691,L287502691,F101997777
F101997777,0501997777,8864304629,A000000000,F101997777
E282568953,3082568953,0502862449,F102862444,E282568953
D206807698,2906807698,3992617552,N292617550,D206807698
Y205836066,5005836066,5988128932,F287550412,Y205836066
M240066807,3840066807,2938574550,D238574556,M240066807
M240066807,3840066807,0839684705,I139684701,M240066807
M240066807,3840066807,4437239773,S237239773,M240066807
M240066807,3840066807,7640349734,A000000000,M240066807
D102840944,0302840944,2546688580,Z146688587,D102840944
D102840944,0302840944,5064258561,I149361965,D102840944
Y172280052,2472280052,3678716621,K278716623,Y172280052
D166869461,0366869461,1653914800,Q153914802,D166869461
D166869461,0366869461,6187520281,A000000000,D166869461
D166869461,0366869461,7226266278,A000000000,D166869461
H166845036,0766845036,3447769533,I247769531,H166845036
B226236924,2726236924,9240210945,Q151053587,B226236924
L161458526,1161458526,0684187478,G184187473,L161458526
O100401092,1400401092,2827997930,C227997936,O100401092
S118306768,1818306768,2411014675,Y111014670,S118306768
O176504815,1476504815,9558868572,S130823759,O176504815
Y114984046,2414984046,1886430184,S186430180,Y114984046
Y114984046,2414984046,2952885051,D252885050,Y114984046
N186252675,1386252675,5856807529,R241960602,N186252675
N186252675,1386252675,5162169162,R241960602,N186252675
T187888192,1987888192,9839528857,S150200337,T187888192
U244607623,4644607623,6891614903,J110816345,U244607623
F257825884,3157825884,1402199012,O102199019,F257825884
X233478868,4933478868,9562230924,I247522515,X233478868
D227389784,2927389784,2666999387,A266999389,D227389784
I116430651,0816430651,0618396638,G118396630,I116430651
V133850331,2133850331,1100771486,L100771489,V133850331
K213264234,3613264234,7415051704,D219179533,K213264234
H208410455,3308410455,9413178845,R180356727,H208410455
V249531090,4749531090,2689429564,A289429565,V249531090
E114702307,0414702307,8479885308,S135594088,E114702307
E114702307,0414702307,9324959327,S135594088,E114702307
E156191699,0456191699,5119058978,O244875415,E156191699
E156191699,0456191699,6495935753,O244875415,E156191699
B231964588,2731964588,4202561268,Q202561266,B231964588
B231964588,2731964588,3502244485,J202244487,B231964588
N264199519,3964199519,3666992392,K266992394,N264199519
J148902084,0948902084,4289270888,Q289270888,J148902084
T132611178,1932611178,2402612714,Y102612712,T132611178
N128983139,1328983139,6523703771,C222013062,N128983139
U224874520,4624874520,7108849253,M143685238,U224874520
U224874520,4624874520,1482536725,O182536720,U224874520
N151075017,1351075017,5029951582,I281460739,N151075017
N151075017,1351075017,2099011598,U199011599,N151075017
T156552836,1956552836,3795181840,L295181849,T156552836
T156552836,1956552836,8562883652,O252272809,T156552836
T156552836,1956552836,1873745130,S173745136,T156552836
T156552836,1956552836,8433910715,O252272809,T156552836
O294277028,4094277028,1974892809,T174892806,O294277028
M241291322,3841291322,6346303941,K199198408,M241291322
T279297474,4579297474,2482183923,Y182183921,T279297474
T279297474,4579297474,5757550748,A000000000,T279297474
Z210105383,5110105383,2020392467,U120392465,Z210105383
Z210105383,5110105383,2457852566,Y157852561,Z210105383
M148014830,1248014830,4594630713,T294630711,M148014830
H144136332,0744136332,0689246495,G189246492,H144136332
O203356970,4003356970,8207751392,H251554838,O203356970
S252613357,4452613357,8300898876,S242201921,S252613357
I243949010,3443949010,4719464083,V219464080,I243949010
Z114748926,2514748926,7370266921,B125893274,Z114748926
B271016516,2771016516,6312639051,Q231811355,B271016516
J238181502,3538181502,0336027829,D136027820,J238181502
T291744865,4591744865,4410491708,S210491702,T291744865
T291744865,4591744865,4260687568,Q260687563,T291744865
T291744865,4591744865,1233823521,M133823525,T291744865
T291744865,4591744865,6131883791,A000000000,T291744865
W177762667,2277762667,4243175954,Q243175951,W177762667
O223328516,4023328516,5950139366,W107863301,O223328516
Q139021142,1639021142,1376660988,N176660983,Q139021142
Q139021142,1639021142,2753748098,B253748097,Q139021142
J108092803,0908092803,0231370424,C131370421,J108092803
T295426019,4595426019,4118905592,P218905590,T295426019
T295426019,4595426019,7624690522,I245441030,T295426019
K201840313,3601840313,1180141122,L180141127,K201840313
M244178013,3844178013,9933535135,W154382437,M244178013
M280868198,3880868198,6205313891,W286713012,M280868198
C123618156,0223618156,6858667488,W109857047,C123618156
S153511501,1853511501,4487859800,S287859808,S153511501
Q135911458,1635911458,0467564588,E167564589,Q135911458
Q135911458,1635911458,2989975135,D289975137,Q135911458
D155764348,0355764348,2405280933,Y105280938,D155764348
M196291772,1296291772,7741985325,O156366781,M196291772
M196291772,1296291772,1483376956,O183376953,M196291772
F289690039,3189690039,1899685787,S199685786,F289690039
K235690523,3635690523,4651505858,U251505855,K235690523
K235690523,3635690523,5379333230,A000000000,K235690523
K235690523,3635690523,9423461365,A000000000,K235690523
S134712962,1834712962,3204948793,G204948792,S134712962
S134712962,1834712962,3148281852,F248281856,S134712962
W296088053,4896088053,4607071377,U207071375,W296088053
C222083599,2822083599,5832643364,T296385299,C222083599
A125914060,0025914060,2358737430,X158737438,A125914060
T255826964,4555826964,7045162721,Q296779819,T255826964
T255826964,4555826964,0892819677,I192819674,T255826964
B244607127,2744607127,4924565477,X224565477,B244607127
E264269831,3064269831,5381387453,U133766322,E264269831
E264269831,3064269831,3863278327,M263278328,E264269831
I124604129,0824604129,8260605911,P152045154,I124604129
A285522473,2685522473,1747692628,R147692621,A285522473
W271123382,4871123382,2717412297,B217412292,W271123382
K277648118,3677648118,3927782537,N227782534,K277648118
O190318482,1490318482,4294981976,Q294981973,O190318482
H245591580,3345591580,9001085221,F267493048,H245591580
T286583574,4586583574,7315261306,D243985479,T286583574
H185104685,0785104685,2785842897,B285842893,H185104685
H185104685,0785104685,0720803009,H120803000,H185104685
H203428019,3303428019,9752590937,P172428592,H203428019
C240423617,2840423617,6447227921,Q148198425,C240423617
F122521497,0522521497,4956212784,X256212783,F122521497
L208698424,3708698424,1167534967,L167534961,L208698424
V185254065,2185254065,7408850917,P271437679,V185254065
C158849141,0258849141,8741868766,F125441267,C158849141
I138739457,0838739457,1016552860,K116552869,I138739457
Y165634531,2465634531,9642620582,V121488472,Y165634531
Y165634531,2465634531,5145904502,V121488472,Y165634531
Q100303635,1600303635,5285336428,Q227147778,Q100303635
R188692796,1788692796,0305635760,D105635763,R188692796
W236074793,4836074793,0495077264,E195077265,W236074793
N100926118,1300926118,9958996350,F275231280,N100926118
H263714303,3363714303,8218560850,K124232172,H263714303
O284458379,4084458379,2752071272,B252071277,O284458379
F101523295,0501523295,4021291678,O221291676,F101523295
D291507234,2991507234,1625610316,Q125610319,D291507234
N181410202,1381410202,9647587802,C220214743,N181410202
N151931010,1351931010,0679312372,G179312372,N151931010
Y175759545,2475759545,2487027621,Y187027625,Y175759545
Y175759545,2475759545,6878048154,Y189494200,Y175759545
Y175759545,2475759545,8488891085,Y189494200,Y175759545
J246201479,3546201479,7399672601,O259467552,J246201479
W122718299,2222718299,1696841771,Q196841771,W122718299
Q283177357,4283177357,7226545933,M146055733,Q283177357
U199539534,2099539534,0700233817,H100233811,U199539534
E261580673,3061580673,1789206080,R189206084,E261580673
E192350005,0492350005,0661309772,G161309771,E192350005
N268626375,3968626375,3372605988,H272605987,N268626375
N268626375,3968626375,3584108936,J284108934,N268626375
G254199315,3254199315,2310068088,X110068081,G254199315
E207109147,3007109147,6411823878,M209195055,E207109147
E207109147,3007109147,1732082997,R132082992,E207109147
Z107375066,2507375066,7145776906,Q190229222,Z107375066
P125591774,1525591774,4844470560,W244470563,P125591774
P125591774,1525591774,2263484948,W163484945,P125591774
R245125136,4345125136,2743136387,B243136387,R245125136
G155561626,0655561626,5778980579,A100405144,G155561626
H219556837,3319556837,9911257337,O223668421,H219556837
G105333449,0605333449,6057733696,Q159555062,G105333449
I131990649,0831990649,1474711279,O174711277,I131990649
A251119248,2651119248,1722667377,R122667376,A251119248
T298021301,4598021301,3104010031,F204010035,T298021301
H285929700,3385929700,8471982536,K211402768,H285929700
P125464398,1525464398,5194111648,K139911951,P125464398
C225370697,2825370697,0273062165,C173062161,C225370697
C225370697,2825370697,2147949495,V147949496,C225370697
Q273897904,4273897904,2949474361,D249474361,Q273897904
X218379828,4918379828,1309815212,N109815216,X218379828
X272630142,4972630142,9724656274,L214873968,X272630142
M272345248,3872345248,0121198518,B121198517,M272345248
M272345248,3872345248,3276744912,G276744910,M272345248
V275604797,4775604797,6978732450,N193797824,V275604797
F248117333,3148117333,5985447137,H227676470,F248117333
F248117333,3148117333,4807836572,W207836574,F248117333
K118928633,1018928633,1125459115,L125459117,K118928633
K149018313,1049018313,3010166500,E210166500,K149018313
J287427568,3587427568,6799374351,C257543068,J287427568
W299301017,4899301017,9629823222,W144469287,W299301017
P170083450,1570083450,2271912913,W171912910,P170083450
P170083450,1570083450,2781375326,B281375323,P170083450
P170083450,1570083450,0792191515,H192191518,P170083450
P170083450,1570083450,6287893593,J256670795,P170083450
M162563778,1262563778,9142000085,P272300930,M162563778
Q100786303,1600786303,8859376755,U158887216,Q100786303
R108242443,1708242443,0670521040,G170521047,R108242443
L272519201,3772519201,0027546821,A127546822,L272519201
G226165185,3226165185,4592482814,T292482811,G226165185
K112470629,1012470629,6191698924,X190540704,K112470629
Y120068026,2420068026,2840004624,C240004621,Y120068026
N281266046,3981266046,3398737341,H298737346,N281266046
D124146703,0324146703,2323615294,X123615295,D124146703
D124146703,0324146703,8470886658,Q289484584,D124146703
G119458217,0619458217,9740084901,S105187380,G119458217
J181445006,0981445006,6931941524,V168101370,J181445006
V288034683,4788034683,7200829100,V198135650,V288034683
V288034683,4788034683,7736476351,V198135650,V288034683
V288034683,4788034683,8511277164,V198135650,V288034683
X257109913,4957109913,2378112335,X178112331,X257109913
W224359478,4824359478,0603651793,G103651790,W224359478
W224359478,4824359478,9475848687,B209516189,W224359478
W224359478,4824359478,6123114340,B209516189,W224359478
B234423682,2734423682,4863969956,W263969953,B234423682
B234423682,2734423682,2440292861,Y140292865,B234423682
N194520020,1394520020,1569911576,P169911578,N194520020
F205545002,3105545002,2590654415,Z190654417,F205545002
J135152043,0935152043,1877440878,S177440877,J135152043
M273393211,3873393211,9571680812,T166528029,M273393211
Y240022395,5040022395,6038049972,O204029058,Y240022395
E227103767,3027103767,6667619168,C190073531,E227103767
I117104767,0817104767,1771609120,R171609121,I117104767
F282698617,3182698617,6427530427,Y126891087,F282698617
Y202358592,5002358592,0272326972,C172326978,Y202358592
Y202358592,5002358592,1197095062,L197095060,Y202358592
S153382617,1853382617,2807271965,C207271962,S153382617
D286360783,2986360783,9282251579,X205155221,D286360783
B152634663,0152634663,5958326478,P211645369,B152634663
V201605788,4701605788,4411214558,S211214551,V201605788
J206007460,3506007460,7202997882,N113942211,J206007460
K255642318,3655642318,1470387533,O170387539,K255642318
G196333002,0696333002,5013501349,S278648143,G196333002
J132429001,0932429001,7527230836,M239867991,J132429001
J132429001,0932429001,4877165342,W277165341,J132429001
J132429001,0932429001,4707472157,V207472158,J132429001
H149149491,0749149491,8144735920,N255270147,H149149491
U210460456,4610460456,3516903632,J216903637,U210460456
U210460456,4610460456,4983359101,X283359100,U210460456
H141108470,0741108470,3062376313,E262376313,H141108470
Q130558200,1630558200,1768440078,R168440071,Q130558200
U152169756,2052169756,7368454923,T164306073,U152169756
D121078539,0321078539,9335295522,V132665273,D121078539
D288233332,2988233332,1049456226,K149456220,D288233332
W134126345,2234126345,8317763091,N180954255,W134126345
J174304394,0974304394,4599532522,T299532528,J174304394
M233225305,3833225305,5224445423,M181343537,M233225305
C164400874,0264400874,0378945204,D178945200,C164400874
D102617481,0302617481,0564909049,F164909040,D102617481
T139135037,1939135037,4607236138,U207236137,T139135037
Y246165004,5046165004,9190168992,B223096127,Y246165004
G155977231,0655977231,0065632284,A165632285,G155977231
P172385813,1572385813,2144441869,V144441863,P172385813
L248058146,3748058146,5063235693,J254408647,L248058146
L248058146,3748058146,5270514393,J254408647,L248058146
L248058146,3748058146,6554066262,J254408647,L248058146
Z108968403,2508968403,3063642193,E263642199,Z108968403
J157471190,0957471190,7591560524,G167916398,J157471190
H136414701,0736414701,6437487324,G198053212,H136414701
H136414701,0736414701,6417033497,G198053212,H136414701
Y290455166,5090455166,1653745036,Q153745033,Y290455166
C247775650,2847775650,9028815054,Q103655204,C247775650
M153198914,1253198914,1413260717,O113260718,M153198914
G200167394,3200167394,3831691810,M231691817,G200167394
L152349336,1152349336,3103437206,F203437200,L152349336
W163993485,2263993485,2060633200,U160633209,W163993485
W163993485,2263993485,5957023470,N201460902,W163993485
J171379406,0971379406,2055378111,U155378111,J171379406
F103027456,0503027456,1693160286,Q193160281,F103027456
H112605979,0712605979,2480342910,Y180342919,H112605979
O179261479,1479261479,9349802854,T290652135,O179261479
O179261479,1479261479,3917825007,N217825005,O179261479
A187692903,0087692903,1234705300,M134705306,A187692903
H197903205,0797903205,6887435484,S275763172,H197903205
Q279768644,4279768644,2910692165,D210692160,Q279768644
H107846182,0707846182,1774386347,R174386340,H107846182
J157842500,0957842500,0812005002,I112005009,J157842500
W260250618,4860250618,8530123501,U109404736,W260250618
W260250618,4860250618,7098160278,U109404736,W260250618
W260250618,4860250618,9883421510,U109404736,W260250618
Z220140983,5120140983,3980259712,N280259710,Z220140983
Z278059537,5178059537,1213461840,M113461840,Z278059537
O225495985,4025495985,4153741863,P253741868,O225495985
O225495985,4025495985,0896533994,I196533995,O225495985
Q294878276,4294878276,0050132609,A150132602,Q294878276
K187413894,1087413894,9737150465,Q183794973,K187413894
R240264021,4340264021,1394069545,N194069541,R240264021
R240264021,4340264021,3029622697,E229622694,R240264021
B248099087,2748099087,3384016128,H284016128,B248099087
B248099087,2748099087,9136014184,O261603570,B248099087
O285960538,4085960538,3142315639,F242315631,O285960538
V280509898,4780509898,0101720544,B101720548,V280509898
H237102702,3337102702,5550651524,P125681547,H237102702
X164350035,2364350035,5990095051,J173924254,X164350035
E142014376,0442014376,9005740859,U269579478,E142014376
F245518418,3145518418,0484115194,E184115199,F245518418
Z238956771,5138956771,2175361647,V175361648,Z238956771
Y105430660,2405430660,8559675176,G291526719,Y105430660
L258495857,3758495857,0508160052,F108160052,L258495857
L258495857,3758495857,3563978590,J263978594,L258495857
U215736786,4615736786,4578479734,T278479731,U215736786
U215736786,4615736786,7597666888,A000000000,U215736786
U174542919,2074542919,0528875082,F128875083,U174542919
J155303368,0955303368,1627925228,Q127925223,J155303368
J155303368,0955303368,6252032085,A000000000,J155303368
J155407807,0955407807,2925196481,D225196488,J155407807
N296695102,3996695102,2437475360,Y137475365,N296695102
C243733334,2843733334,5793343042,M201536574,C243733334
C243733334,2843733334,7092917183,M201536574,C243733334
C243733334,2843733334,9520969021,M201536574,C243733334
L183532647,1183532647,4362073195,R262073193,L183532647
U156221015,2056221015,7720208775,T136820239,U156221015
E261735927,3061735927,1489178030,O189178036,E261735927
V209259939,4709259939,8974931997,Z138548391,V209259939
P176503273,1576503273,3810449375,M210449378,P176503273
Y160789013,2460789013,1996385602,T196385605,Y160789013
Y160789013,2460789013,8100451868,I191985634,Y160789013
H172536495,0772536495,2030411858,U130411855,H172536495
L191364966,1191364966,1401815133,O101815133,L191364966
J182644816,0982644816,3580578031,J280578030,J182644816
C214921268,2814921268,0865385335,I165385335,C214921268
C214921268,2814921268,2692123675,A292123673,C214921268
U129468084,2029468084,9735791534,G295427828,U129468084
Q172466181,1672466181,6606708829,X267392009,Q172466181
G209539636,3209539636,1735872154,R135872150,G209539636
P264832896,4164832896,0714100313,H114100313,P264832896
H178783121,0778783121,5029848246,O241603160,H178783121
U274450776,4674450776,7193376651,D265151402,U274450776
U107567506,2007567506,6973486694,Z125142348,U107567506
U272975832,4672975832,8585125881,T263509246,U272975832
U272975832,4672975832,0708996129,H108996120,U272975832
O291127852,4091127852,6220839283,S201093115,O291127852
G200851104,3200851104,3253009070,G253009074,G200851104
Q151078243,1651078243,0530668027,F130668028,Q151078243
Q151078243,1651078243,0669744516,G169744519,Q151078243
Z225242428,5125242428,8787354861,Y121557256,Z225242428
Z225242428,5125242428,0822280961,I122280960,Z225242428
Z225242428,5125242428,5115972056,Y121557256,Z225242428
P261178920,4161178920,2368968877,X168968879,P261178920
I112100009,0812100009,3994069727,N294069729,I112100009
U294955441,4694955441,3068133622,E268133624,U294955441
F124018537,0524018537,3123329511,F223329516,F124018537
K128079665,1028079665,9910493754,V116835745,K128079665
Y214589730,5014589730,2005160676,U105160673,Y214589730
J204668732,3504668732,1914363041,T114363041,J204668732
X170663141,2370663141,0426932269,E126932260,X170663141
F184789235,0584789235,7173052152,S247467409,F184789235
L265619983,3765619983,4166434317,P266434315,L265619983
L265619983,3765619983,5576790690,A000000000,L265619983
P131494544,1531494544,0884399336,I184399335,P131494544
P131494544,1531494544,5766082294,T255113308,P131494544
D282148530,2982148530,2285533854,W185533859,D282148530
H281020420,3381020420,1477074199,O177074195,H281020420
T266242456,4566242456,9531957880,B220438451,T266242456
A173047598,0073047598,4441557223,S241557222,A173047598
A173047598,0073047598,8059272205,A000000000,A173047598
G134900187,0634900187,2313570512,X113570516,G134900187
G134900187,0634900187,8149105237,A000000000,G134900187
K266097641,3666097641,4614329617,U214329616,K266097641
P274079061,4174079061,4282918740,Q282918744,P274079061
G141539376,0641539376,1298463851,M198463851,G141539376
Z246458015,5146458015,0056958796,A156958797,Z246458015
Z101237398,2501237398,4261920384,Q261920388,Z101237398
Z101237398,2501237398,0466824738,E166824732,Z101237398
H203367208,3303367208,0146464447,B146464446,H203367208
J260219017,3560219017,4975679747,X275679740,J260219017
J260219017,3560219017,7702709590,B249993907,J260219017
Z159239353,2559239353,1129308252,L129308253,Z159239353
K116799698,1016799698,2724064210,B224064212,K116799698
K116799698,1016799698,6316106841,A000000000,K116799698
V172438600,2172438600,6753773219,X275934093,V172438600
Q246347699,4246347699,0496861488,E196861489,Q246347699
C104735221,0204735221,6319614715,B221547627,C104735221
V118916936,2118916936,0864092690,I164092696,V118916936
Y172644734,2472644734,3073117323,E273117324,Y172644734
M296834788,3896834788,3363283135,H263283134,M296834788
O219685115,4019685115,9928049104,U279345944,O219685115
F192725941,0592725941,2130606033,V130606037,F192725941
K149300263,1049300263,0983208548,J183208545,K149300263
X100237622,2300237622,0971615352,J171615354,X100237622
M273614591,3873614591,1644201397,Q144201399,M273614591
B119408454,0119408454,0623176393,G123176396,B119408454
B119408454,0119408454,7507046960,J180871438,B119408454
B108367326,0108367326,6545533828,P244840207,B108367326
J159017505,0959017505,7603793912,F222970699,J159017505
W284022527,4884022527,4283394385,Q283394383,W284022527
N206609314,3906609314,6567662379,J141868943,N206609314
K161156938,1061156938,3660023214,K260023210,K161156938
G204513187,3204513187,0030761692,A130761693,G204513187
W255722698,4855722698,5767760357,S281033242,W255722698
W255722698,4855722698,2437583425,Y137583427,W255722698
W255722698,4855722698,3324176720,H224176722,W255722698
K170319390,1070319390,2311912805,X111912801,K170319390
I286553787,3486553787,9511789294,X228973614,I286553787
N116492749,1316492749,0101262763,B101262760,N116492749
E212874740,3012874740,0112301627,B112301624,E212874740
T163749894,1963749894,3479207288,I279207280,T163749894
G292737695,3292737695,1494853868,O194853861,G292737695
G292737695,3292737695,0210927366,C110927360,G292737695
B205174545,2705174545,1450655552,O150655556,B205174545
B205174545,2705174545,4757901253,V257901254,B205174545
B205174545,2705174545,1593921573,P193921571,B205174545
I152773433,0852773433,5254794558,N233345950,I152773433
E295124965,3095124965,0211007822,C111007820,E295124965
M110572023,1210572023,4881758153,W281758156,M110572023
Y115204654,2415204654,6512314919,S256355392,Y115204654
S204500376,4404500376,4490103256,S290103258,S204500376
M164288036,1264288036,1708396087,R108396084,M164288036
M164288036,1264288036,0658254952,G158254959,M164288036
M164288036,1264288036,3862352698,M262352690,M164288036
F118573009,0518573009,4748510044,V248510046,F118573009
F118573009,0518573009,0605526810,G105526810,F118573009
F118573009,0518573009,9369302452,A000000000,F118573009
F118573009,0518573009,0071013048,A171013041,F118573009
F118573009,0518573009,0530232398,F130232398,F118573009
H118350222,0718350222,2438662077,Y138662070,H118350222
H118350222,0718350222,4255068568,Q255068568,H118350222
S131983950,1831983950,1810617570,S110617578,S131983950
M176198707,1276198707,7580317244,L263462146,M176198707
A253139935,2653139935,3870539130,M270539133,A253139935
A253139935,2653139935,0310708913,D110708911,A253139935
N220367091,3920367091,4840665871,W240665873,N220367091
F185611021,0585611021,0668546453,G168546455,F185611021
G244104957,3244104957,3529198757,J229198754,G244104957
J100895848,0900895848,4911056214,X211056215,J100895848
S113822838,1813822838,1224286229,M124286229,S113822838
I120246176,0820246176,8684204626,I213769907,I120246176
T173564483,1973564483,9142850985,I268796404,T173564483
H176612512,0776612512,0890610105,I190610105,H176612512
Z277919025,5177919025,4784174318,V284174317,Z277919025
Z277919025,5177919025,9267517653,A000000000,Z277919025
Y228837641,5028837641,3697552069,K297552062,Y228837641
Y228837641,5028837641,2804242439,C204242435,Y228837641
D230370646,2930370646,0156070352,B156070354,D230370646
U129108565,2029108565,2665301917,A265301915,U129108565
N220645429,3920645429,9680843068,L224334796,N220645429
Z220896800,5120896800,2064434821,U164434827,Z220896800
Z280510803,5180510803,7544344034,D150850114,Z280510803
U250736797,4650736797,1990797039,T190797032,U250736797
R216298442,4316298442,2475978728,Y175978721,R216298442
P283680723,4183680723,2622576406,A222576408,P283680723
P283680723,4183680723,2458605419,Y158605412,P283680723
Q249647641,4249647641,1946418979,T146418979,Q249647641
C104510608,0204510608,3092680793,E292680792,C104510608
C104510608,0204510608,1083701448,K183701447,C104510608
O162175655,1462175655,4879009218,W279009216,O162175655
O162175655,1462175655,4885999127,W285999128,O162175655
D263730312,2963730312,2908915367,D208915366,D263730312
F257221297,3157221297,5258504769,G173796887,F257221297
F257221297,3157221297,6829644051,G173796887,F257221297
F257221297,3157221297,0405064677,E105064670,F257221297
K258185598,3658185598,0568439562,F168439568,K258185598
L232218038,3732218038,9638585858,U169711119,L232218038
J149660370,0949660370,3052355314,E252355315,J149660370
Y251122851,5051122851,8464217097,Z148948543,Y251122851
Y251122851,5051122851,8825524779,Z148948543,Y251122851
Y251122851,5051122851,2970813983,D270813988,Y251122851
R177899047,1777899047,3997324162,N297324160,R177899047
Z170609113,2570609113,3745574610,L245574610,Z170609113
Z170609113,2570609113,2175158220,V175158223,Z170609113
Z170609113,2570609113,0127883897,B127883893,Z170609113
Z170609113,2570609113,1674117864,Q174117863,Z170609113
Z170609113,2570609113,1319583775,N119583772,Z170609113
G296454875,3296454875,7242515922,C220728027,G296454875
G296454875,3296454875,0435212386,E135212384,G296454875
W167368022,2267368022,9621195828,O216859427,W167368022
Z211997296,5111997296,0863738795,I163738794,Z211997296
Z211997296,5111997296,7999547820,A000000000,Z211997296
R280251320,4380251320,1616960080,Q116960082,R280251320
K213563894,3613563894,1096504450,K196504456,K213563894
I114476373,0814476373,0829962053,I129962050,I114476373
K283282662,3683282662,3168073276,F268073273,K283282662
X101603782,2301603782,1842804588,S142804583,X101603782
K185121642,1085121642,8882802473,P231855471,K185121642
Q196691711,1696691711,4242241450,Q242241458,Q196691711
F253599730,3153599730,3354283655,H254283656,F253599730
Y192208681,2492208681,5921805265,W253076465,Y192208681
S280457458,4480457458,2095345958,U195345954,S280457458
S280457458,4480457458,1196003604,L196003604,S280457458
