Original_ID,Plaintext,Encrypted_Numeric,Encrypted_ID,Decrypted_ID,Plus50,Original_Index,Encrypt_Index
T150233467,1950233467,3068572440,F268572447,T150233467,False,0,0
L151193027,1151193027,0945188550,J145188557,L151193027,False,1,1
K253698545,3553698545,1127886570,L127886572,K253698545,False,2,2
B285593517,2685593517,1305594404,N105594402,B285593517,False,3,3
O254858487,3954858487,2897929148,D297929140,O254858487,False,4,4
J155673678,0955673678,3954088327,O254088329,J155673678,False,5,5
P113243165,1513243165,0947187299,J147187298,P113243165,False,6,6
D228478735,2828478735,0332066430,D132066432,D228478735,False,7,7
M176013745,1276013745,4233049470,R233049476,M176013745,False,8,8
M240601646,8740601646,4441873668,T241873661,M240601646,True,9,9
F286499558,3086499558,XXXXXXXXXX,A000000000,,False,10,-1
I110136181,0810136181,2776500327,C276500320,I110136181,False,11,11
K187656273,6087656273,0788202703,H188202705,K187656273,True,12,12
C216627227,2716627227,2603227255,B203227253,C216627227,False,13,13
W118715477,7218715477,2961893120,E261893126,W118715477,True,14,14
A173814071,5073814071,3895647353,N295647350,A173814071,True,15,15
V225907190,4625907190,1040289161,K140289163,V225907190,False,16,16
D111892447,0311892447,3358402384,I258402388,D111892447,False,17,17
O299271320,3999271320,3844044338,N244044339,O299271320,False,18,18
V110284482,2110284482,0450609685,E150609687,V110284482,False,19,19
G298528538,3198528538,0724439070,H124439073,G298528538,False,20,20
I209710806,3309710806,0412407796,E112407790,I209710806,False,21,21
I273658344,3373658344,0336217327,D136217328,I273658344,False,22,22
C239497843,7739497843,3323461113,I223461111,C239497843,True,23,23
Q224727586,4124727586,1053000488,K153000489,Q224727586,False,24,24
P103819326,1503819326,2848735918,D248735918,P103819326,False,25,25
A288979429,7588979429,4487682411,T287682414,A288979429,True,26,26
D131057971,0331057971,0268670953,C168670959,D131057971,False,27,27
M201707850,3701707850,0707043484,H107043487,M201707850,False,28,28
H224128461,3224128461,4167293228,Q267293226,H224128461,False,29,29
N195872470,1395872470,4498364160,T298364168,N195872470,False,30,30
W248923023,4748923023,1913143602,T113143600,W248923023,False,31,31
H171459695,5771459695,0442331200,E142331204,H171459695,True,32,32
P243537690,4043537690,4643607211,V243607212,P243537690,False,33,33
M185181658,1285181658,0165129235,B165129233,M185181658,False,34,34
P188911418,1588911418,1149097687,L149097686,P188911418,False,35,35
V181335694,2181335694,1925315936,T125315938,V181335694,False,36,36
E149674423,5449674423,0431762452,E131762450,E149674423,True,37,37
X219874411,4819874411,0809503067,I109503064,X219874411,False,38,38
U121939648,7021939648,0679114089,G179114083,U121939648,True,39,39
R268128733,4268128733,0481278046,E181278045,R268128733,False,40,40
G229550113,3129550113,0222018315,C122018313,G229550113,False,41,41
P195213249,1595213249,2229742496,W129742490,P195213249,False,42,42
F115420976,5515420976,0063727761,A163727767,F115420976,True,43,43
C120386586,0220386586,1775577818,R175577813,C120386586,False,44,44
H149432964,5749432964,2905055889,E205055883,H149432964,True,45,45
S222507113,4322507113,4397295261,S297295268,S222507113,False,46,46
I284636069,3384636069,0253499293,C153499291,I284636069,False,47,47
F169560252,0569560252,3755153353,M255153352,F169560252,False,48,48
D261148218,7861148218,2236607357,W136607350,D261148218,True,49,49
Q100531077,6600531077,4683861472,V283861474,Q100531077,True,50,50
T218882953,4418882953,4174862923,Q274862921,T218882953,False,51,51
E220238525,2920238525,4934965900,Z234965907,E220238525,False,52,52
U225640037,9525640037,2017180410,U117180419,U225640037,True,53,53
Q250352895,4150352895,1358812203,N158812207,Q250352895,False,54,54
I139030435,5839030435,3134288111,G234288114,I139030435,True,55,55
I123735214,0823735214,2406078894,Z106078899,I123735214,False,56,56
V169046161,2169046161,0411760549,E111760543,V169046161,False,57,57
X136014480,2336014480,2968436965,E268436967,X136014480,False,58,58
N103059114,1303059114,4831206483,X231206482,N103059114,False,59,59
L194852909,1194852909,1535978939,P135978938,L194852909,False,60,60
D185761104,0385761104,2730601984,C230601984,D185761104,False,61,61
K209309695,3509309695,1947598246,T147598243,K209309695,False,62,62
A268670907,2568670907,4405518105,T205518100,A268670907,False,63,63
L249115364,8649115364,3901923218,O201923211,L249115364,True,64,64
B102186470,5102186470,4473916582,T273916584,B102186470,True,65,65
F264576976,3064576976,1793087954,R193087955,F264576976,False,66,66
J291146656,3491146656,2037012637,U137012636,J291146656,False,67,67
D241396567,2841396567,1155680640,L155680641,D241396567,False,68,68
O278977032,3978977032,0852166885,I152166887,O278977032,False,69,69
Z109666597,2409666597,3952399876,O252399871,Z109666597,False,70,70
I237876220,3337876220,2027103155,U127103150,I237876220,False,71,71
R233909515,4233909515,0733951730,H133951731,R233909515,False,72,72
Q171774951,1671774951,0930819377,J130819371,Q171774951,False,73,73
T219351288,4419351288,1215405967,M115405963,T219351288,False,74,74
A158467334,0058467334,3533570229,K233570228,A158467334,False,75,75
C102455702,0202455702,3547414822,K247414824,C102455702,False,76,76
J285595992,8485595992,3771384556,M271384557,J285595992,True,77,77
T104983623,6904983623,2978956758,E278956757,T104983623,True,78,78
K297269971,3597269971,3609354278,L209354276,K297269971,False,79,79
B110870614,0110870614,3692572950,L292572952,B110870614,False,80,80
U203956607,4503956607,2369764520,X169764529,U203956607,False,81,81
C182004727,0282004727,2849741858,D249741857,C182004727,False,82,82
S113973616,6813973616,3291503841,H291503843,S113973616,True,83,83
T154981697,6954981697,4401985604,T201985606,T154981697,True,84,84
I107110780,0807110780,3646518765,L246518764,I107110780,False,85,85
K204658273,8504658273,4380734508,S280734502,K204658273,True,86,86
E170682133,0470682133,2246740865,W146740867,E170682133,False,87,87
G218221987,3118221987,0726786338,H126786337,G218221987,False,88,88
F249559424,3049559424,1353643696,N153643695,F249559424,False,89,89
Q239230009,9139230009,3427215880,J227215885,Q239230009,True,90,90
J243490090,3443490090,1446527994,O146527995,J243490090,False,91,91
F206006942,8006006942,1488364294,O188364294,F206006942,True,92,92
N231790971,3831790971,1454433606,O154433605,N231790971,False,93,93
X169411211,2369411211,4947477090,Z247477094,X169411211,False,94,94
G123206703,0623206703,2319017069,X119017061,G123206703,False,95,95
W221682443,9721682443,1189228707,L189228706,W221682443,True,96,96
N175455848,1375455848,4314083094,S214083098,N175455848,False,97,97
Z224382138,9924382138,1518994262,P118994264,Z224382138,True,98,98
H101057976,0701057976,0702850038,H102850033,H101057976,False,99,99
L210018221,3610018221,4627908119,V227908111,L210018221,False,100,100
P217890180,4017890180,4348065427,S248065420,P217890180,False,101,101
W276966216,4776966216,3998462990,O298462997,W276966216,False,102,102
V272579475,4672579475,0226039688,C126039688,V272579475,False,103,103
D271913772,7871913772,1918734475,T118734472,D271913772,True,104,104
J251820726,8451820726,0847760288,I147760286,J251820726,True,105,105
W186285002,2286285002,3542787284,K242787280,W186285002,False,106,106
D149363988,0349363988,0762006370,H162006377,D149363988,False,107,107
E136506845,0436506845,2888924150,D288924159,E136506845,False,108,108
B157292076,0157292076,4579396733,U279396733,B157292076,False,109,109
G108712595,0608712595,1947875716,T147875718,G108712595,False,110,110
E152081754,0452081754,2411587202,Z111587201,E152081754,False,111,111
D103812631,0303812631,3975123598,O275123590,D103812631,False,112,112
A166386759,0066386759,0205436107,C105436100,A166386759,False,113,113
C274022491,7774022491,0660346494,G160346495,C274022491,True,114,114
G102921652,5602921652,0048654585,A148654583,G102921652,True,115,115
X222256258,4822256258,4061993644,P261993649,X222256258,False,116,116
F237934355,8037934355,3315124041,I215124048,F237934355,True,117,117
F242457114,8042457114,0656065460,G156065469,F242457114,True,118,118
C274699296,2774699296,0875029997,I175029999,C274699296,False,119,119
R130909084,1730909084,1418234834,O118234835,R130909084,False,120,120
Z171834281,2471834281,0727498725,H127498725,Z171834281,False,121,121
H277135927,3277135927,1404102744,O104102741,H277135927,False,122,122
H139256461,0739256461,1882062803,S182062804,H139256461,False,123,123
Z150400561,2450400561,1352531822,N152531829,Z150400561,False,124,124
P227884961,4027884961,4736985555,W236985554,P227884961,False,125,125
K203289550,8503289550,3453588463,J253588460,K203289550,True,126,126
U294338299,4594338299,3335455163,I235455168,U294338299,False,127,127
E245140277,2945140277,0302761364,D102761361,E245140277,False,128,128
R192994614,6792994614,1072611873,K172611875,R192994614,True,129,129
F190759663,5590759663,0630575302,G130575307,F190759663,True,130,130
O220165473,8920165473,0039623320,A139623321,O220165473,True,131,131
X287741376,4887741376,1138741907,L138741905,X287741376,False,132,132
L201881850,3601881850,0848504681,I148504683,L201881850,False,133,133
G221367349,3121367349,4877323559,X277323557,G221367349,False,134,134
P164761738,1564761738,3967605017,O267605017,P164761738,False,135,135
V224136535,9624136535,2242776257,W142776256,V224136535,True,136,136
A204479602,7504479602,1311033643,N111033642,A204479602,True,137,137
D171500219,5371500219,0318831666,D118831661,D171500219,True,138,138
F210564313,3010564313,0711250691,H111250698,F210564313,False,139,139
T142682438,6942682438,1226749473,M126749477,T142682438,True,140,140
H297257040,8297257040,1623674217,Q123674210,H297257040,True,141,141
M297109097,3797109097,3794857078,M294857074,M297109097,False,142,142
L222267074,8622267074,1438348168,O138348167,L222267074,True,143,143
P110853141,1510853141,4619279323,V219279320,P110853141,False,144,144
K188473689,1088473689,XXXXXXXXXX,A000000000,,False,145,-1
H107257747,5707257747,3138420630,G238420637,H107257747,True,146,146
G263234649,8163234649,0793273124,H193273127,G263234649,True,147,147
L204770167,3604770167,1792450853,R192450854,L204770167,False,148,148
K291342319,3591342319,4625125614,V225125610,K291342319,False,149,149
T172606704,6972606704,0429777791,E129777790,T172606704,True,150,150
E114195777,5414195777,0341941550,D141941550,E114195777,True,151,151
U123280139,7023280139,1884130499,S184130491,U123280139,True,152,152
R279448639,4279448639,1988423178,T188423172,R279448639,False,153,153
A247285319,2547285319,0023443774,A123443771,A247285319,False,154,154
S261033741,4361033741,0787542714,H187542712,S261033741,False,155,155
U235981705,4535981705,4450731508,T250731509,U235981705,False,156,156
Q117889122,1617889122,0304413257,D104413257,Q117889122,False,157,157
Z234720837,9934720837,1246973276,M146973274,Z234720837,True,158,158
T191671589,6991671589,2072264078,U172264074,T191671589,True,159,159
V270999960,9670999960,2909379389,E209379386,V270999960,True,160,160
O262016251,3962016251,4669080993,V269080991,O262016251,False,161,161
U121837229,7021837229,4374802906,S274802907,U121837229,True,162,162
K113739449,6013739449,1908272388,T108272389,K113739449,True,163,163
Q127659994,6627659994,3695969220,L295969221,Q127659994,True,164,164
A153826753,0053826753,3738118435,M238118438,A153826753,False,165,165
X122703741,2322703741,4170836846,Q270836847,X122703741,False,166,166
X285601217,4885601217,2571786663,A271786660,X285601217,False,167,167
P158919880,6558919880,3842451515,N242451514,P158919880,True,168,168
V126686134,7126686134,4589064376,U289064370,V126686134,True,169,169
O173929561,6473929561,3514378597,K214378594,O173929561,True,170,170
L136425724,6136425724,3730673356,M230673353,L136425724,True,171,171
A289604930,2589604930,4830458063,X230458060,A289604930,False,172,172
J199900294,0999900294,3227647922,H227647926,J199900294,False,173,173
C198998687,0298998687,1455744098,O155744091,C198998687,False,174,174
G179279625,5679279625,1737883102,R137883107,G179279625,True,175,175
B289410117,2689410117,0208452828,C108452820,B289410117,False,176,176
N145996872,1345996872,3316194250,I216194258,N145996872,False,177,177
S181936652,1881936652,1396323692,N196323690,S181936652,False,178,178
M139498417,1239498417,4365964435,S265964433,M139498417,False,179,179
G200232412,3100232412,4818876306,X218876307,G200232412,False,180,180
U260737466,4560737466,3435678132,J235678136,U260737466,False,181,181
B122542152,0122542152,4625328265,V225328268,B122542152,False,182,182
O246239594,3946239594,0417085782,E117085789,O246239594,False,183,183
L159619751,6159619751,2842534575,D242534576,L159619751,True,184,184
A176582996,0076582996,0678695423,G178695426,A176582996,False,185,185
B242159459,2642159459,3459775100,J259775104,B242159459,False,186,186
H130438449,0730438449,1309268271,N109268273,H130438449,False,187,187
I266574342,8366574342,0934423266,J134423261,I266574342,True,188,188
V238961920,4638961920,3576372538,K276372538,V238961920,False,189,189
T113640766,6913640766,4317444680,S217444683,T113640766,True,190,190
S283034279,4383034279,0077833670,A177833677,S283034279,False,191,191
K147497825,1047497825,0096022687,A196022683,K147497825,False,192,192
T184724682,6984724682,4795923979,W295923975,T184724682,True,193,193
Q186780336,1686780336,4889394499,X289394491,Q186780336,False,194,194
V294924885,9694924885,3206419311,H206419318,V294924885,True,195,195
S174100400,1874100400,0912508166,J112508168,S174100400,False,196,196
V257411196,9657411196,2557364647,A257364640,V257411196,True,197,197
I284155318,3384155318,3205458057,H205458050,I284155318,False,198,198
V162216030,2162216030,1962946773,T162946770,V162216030,False,199,199
G129605880,0629605880,3790859476,M290859472,G129605880,False,200,200
K197670436,1097670436,3736740089,M236740085,K197670436,False,201,201
H175537510,5775537510,3005598437,F205598434,H175537510,True,202,202
T182438245,1982438245,0783742561,H183742564,T182438245,False,203,203
O199709489,6499709489,2966481460,E266481461,O199709489,True,204,204
B113035902,0113035902,0340960895,D140960894,B113035902,False,205,205
M198500658,1298500658,2756917494,C256917492,M198500658,False,206,206
B193505645,0193505645,2638901625,B238901620,B193505645,False,207,207
O103123933,1403123933,0752845885,H152845884,O103123933,False,208,208
X280886738,4880886738,3454998431,J254998430,X280886738,False,209,209
Z127981328,7427981328,0429699842,E129699845,Z127981328,True,210,210
J299103751,3499103751,4137879712,Q237879717,J299103751,False,211,211
W257048766,9757048766,4733678488,W233678483,W257048766,True,212,212
I115310141,0815310141,2336467772,X136467774,I115310141,False,213,213
T203712588,4403712588,XXXXXXXXXX,A000000000,,False,214,-1
R188393814,1788393814,2067835323,U167835323,R188393814,False,215,215
U225427070,4525427070,4511324247,U211324243,U225427070,False,216,216
T146176931,6946176931,4110107102,Q210107107,T146176931,True,217,217
W197179846,7297179846,4991424130,Z291424132,W197179846,True,218,218
S219970460,4319970460,1748507046,R148507049,S219970460,False,219,219
V153777575,2153777575,0887731839,I187731837,V153777575,False,220,220
X151402137,2351402137,4965514382,Z265514381,X151402137,False,221,221
U216983118,4516983118,2308603808,X108603809,U216983118,False,222,222
E142178491,0442178491,3742763056,M242763059,E142178491,False,223,223
J289943618,3489943618,1791761479,R191761472,J289943618,False,224,224
U242273638,4542273638,3119675173,G219675176,U242273638,False,225,225
O213127052,3913127052,3225022071,H225022073,O213127052,False,226,226
W273751106,9773751106,0876222237,I176222231,W273751106,True,227,227
H253790533,8253790533,4285843838,R285843834,H253790533,True,228,228
O104173848,1404173848,0051892345,A151892344,O104173848,False,229,229
U248085383,4548085383,2286881048,W186881043,U248085383,False,230,230
J232432966,3432432966,0559499237,F159499234,J232432966,False,231,231
E223927609,2923927609,1990373205,T190373202,E223927609,False,232,232
G149660565,0649660565,4329875079,S229875078,G149660565,False,233,233
I247498676,3347498676,1067864849,K167864845,I247498676,False,234,234
P250811950,9050811950,2365493627,X165493621,P250811950,True,235,235
B133739394,0133739394,1369359613,N169359610,B133739394,False,236,236
D131257131,5331257131,2231786596,W131786599,D131257131,True,237,237
P128087919,1528087919,1109586558,L109586556,P128087919,False,238,238
Q286384247,4186384247,4656939935,V256939937,Q286384247,False,239,239
U180633421,2080633421,0927371840,J127371843,U180633421,False,240,240
F176002041,5576002041,3483873216,J283873219,F176002041,True,241,241
P282919074,4082919074,2617382334,B217382332,P282919074,False,242,242
H203453236,8203453236,1999545842,T199545848,H203453236,True,243,243
G128750546,5628750546,1111774329,L111774327,G128750546,True,244,244
H257317978,3257317978,4242650701,R242650705,H257317978,False,245,245
F209854360,3009854360,2039217837,U139217834,F209854360,False,246,246
N160446006,6360446006,4009449477,P209449472,N160446006,True,247,247
N236761738,3836761738,1834607480,S134607480,N236761738,False,248,248
B262992709,2662992709,3741634104,M241634100,B262992709,False,249,249
J251398943,8451398943,1155230669,L155230666,J251398943,True,250,250
R162150819,6762150819,3334057595,I234057593,R162150819,True,251,251
W246906444,9746906444,3025669062,F225669069,W246906444,True,252,252
G275621401,3175621401,1581724328,P181724329,G275621401,False,253,253
Z271060523,4971060523,2910908199,E210908198,Z271060523,False,254,254
W265505449,4765505449,0648663445,G148663449,W265505449,False,255,255
D114812905,0314812905,3368007649,I268007643,D114812905,False,256,256
U240375479,9540375479,2512096514,A212096511,U240375479,True,257,257
C118494715,5218494715,0385391179,D185391179,C118494715,True,258,258
R295939751,4295939751,2894865598,D294865591,R295939751,False,259,259
W150927315,2250927315,0938854385,J138854383,W150927315,False,260,260
A222312084,7522312084,2142119996,V142119999,A222312084,True,261,261
I241437526,3341437526,2738551959,C238551955,I241437526,False,262,262
G197684839,5697684839,4907166380,Z207166386,G197684839,True,263,263
H101455936,5701455936,0136414267,B136414261,H101455936,True,264,264
A228565874,7528565874,4715969108,W215969103,A228565874,True,265,265
K226785493,3526785493,1723162094,R123162094,K226785493,False,266,266
S180926241,6880926241,4404262767,T204262764,S180926241,True,267,267
A116239812,0016239812,0819629388,I119629383,A116239812,False,268,268
F261878508,3061878508,0858176647,I158176644,F261878508,False,269,269
P108861268,1508861268,4303716243,S203716248,P108861268,False,270,270
W116857927,2216857927,1221273559,M121273552,W116857927,False,271,271
P100142042,1500142042,4546828632,U246828638,P100142042,False,272,272
I125148791,5825148791,0190862653,B190862654,I125148791,True,273,273
E161380000,0461380000,4768573004,W268573008,E161380000,False,274,274
U196272372,2096272372,0491410738,E191410738,U196272372,False,275,275
P107383238,1507383238,1230195845,M130195842,P107383238,False,276,276
I134540258,0834540258,0263531707,C163531702,I134540258,False,277,277
S116584684,1816584684,0973885482,J173885484,S116584684,False,278,278
L235969961,3635969961,1679627829,Q179627821,L235969961,False,279,279
R240297646,9240297646,3367827511,I267827511,R240297646,True,280,280
H222337140,8222337140,1908267882,T108267889,H222337140,True,281,281
R261572359,9261572359,4269822663,R269822666,R261572359,True,282,282
D197725681,0397725681,3354783808,I254783805,D197725681,False,283,283
T215815147,4415815147,1925946318,T125946315,T215815147,False,284,284
E135400666,5435400666,0556441481,F156441486,E135400666,True,285,285
F214722713,3014722713,2208904123,W108904126,F214722713,False,286,286
Z199977949,2499977949,4752109332,W252109338,Z199977949,False,287,287
X158892844,2358892844,1921464451,T121464450,X158892844,False,288,288
F216291042,3016291042,1051550080,K151550080,F216291042,False,289,289
J296441647,3496441647,0045782088,A145782086,J296441647,False,290,290
W173896706,2273896706,1485835779,O185835775,W173896706,False,291,291
D197693282,0397693282,1464474162,O164474166,D197693282,False,292,292
L254588397,3654588397,2986328185,E286328188,L254588397,False,293,293
D179762382,5379762382,0093449474,A193449470,D179762382,True,294,294
E202162715,7902162715,4162803813,Q262803814,E202162715,True,295,295
E116355119,5416355119,3089502045,F289502041,E116355119,True,296,296
Q260119446,4160119446,1265386430,M165386436,Q260119446,False,297,297
W214765722,4714765722,0732326946,H132326941,W214765722,False,298,298
S108109462,6808109462,3031095976,F231095977,S108109462,True,299,299
S108653634,1808653634,2741993693,C241993695,S108653634,False,300,300
T223238074,4423238074,2376033592,X176033599,T223238074,False,301,301
Z208501740,4908501740,1145676175,L145676179,Z208501740,False,302,302
S206101817,4306101817,1803380573,S103380576,S206101817,False,303,303
D255276014,2855276014,1805189156,S105189154,D255276014,False,304,304
O285595059,8985595059,0447522937,E147522931,O285595059,True,305,305
B164203712,0164203712,2033036504,U133036507,B164203712,False,306,306
E282316888,7982316888,3059773227,F259773222,E282316888,True,307,307
K223504969,8523504969,3152255811,G252255818,K223504969,True,308,308
O289882919,3989882919,4964507694,Z264507690,O289882919,False,309,309
Z133835597,2433835597,4066116003,P266116006,Z133835597,False,310,310
C226372515,2726372515,4881863332,X281863331,C226372515,False,311,311
V260239966,4660239966,3758287148,M258287142,V260239966,False,312,312
E263294527,7963294527,2172658973,V172658973,E263294527,True,313,313
E226103861,2926103861,3528058186,K228058180,E226103861,False,314,314
E211079769,2911079769,3244893112,H244893116,E211079769,False,315,315
X141213771,7341213771,0165036652,B165036650,X141213771,True,316,316
N100153419,1300153419,2312380981,X112380984,N100153419,False,317,317
C250744427,7750744427,1361127845,N161127849,C250744427,True,318,318
Z140467385,2440467385,2612896896,B212896899,Z140467385,False,319,319
T262130133,9462130133,0304068368,D104068361,T262130133,True,320,320
V112924087,7112924087,4717820813,W217820818,V112924087,True,321,321
X143314495,2343314495,2030694825,U130694827,X143314495,False,322,322
N281395382,3881395382,4917488035,Z217488031,N281395382,False,323,323
A193721782,0093721782,2638504276,B238504274,A193721782,False,324,324
A167906826,0067906826,1281237130,M181237134,A167906826,False,325,325
H141796425,0741796425,0652043183,G152043180,H141796425,False,326,326
U244414093,4544414093,1966937557,T166937553,U244414093,False,327,327
J273173226,8473173226,1130133719,L130133718,J273173226,True,328,328
N193349361,1393349361,0969560303,J169560307,N193349361,False,329,329
R141325914,6741325914,0170752857,B170752855,R141325914,True,330,330
K153668152,1053668152,2664265345,B264265345,K153668152,False,331,331
J281303194,3481303194,3304782768,I204782760,J281303194,False,332,332
V186765450,7186765450,4660372100,V260372105,V186765450,True,333,333
V166444692,7166444692,1756897995,R156897995,V166444692,True,334,334
T147403302,1947403302,4061226364,P261226369,T147403302,False,335,335
W143327396,2243327396,2388147529,X188147524,W143327396,False,336,336
U140649543,2040649543,3255970015,H255970010,U140649543,False,337,337
V126944579,2126944579,2808387055,D208387050,V126944579,False,338,338
X154958645,7354958645,1083271408,K183271400,X154958645,True,339,339
L157566962,1157566962,3332137222,I232137224,L157566962,False,340,340
T250356118,4450356118,1244407053,M144407057,T250356118,False,341,341
A241150540,7541150540,3906066555,O206066551,A241150540,True,342,342
V138033732,2138033732,2647775587,B247775581,V138033732,False,343,343
E242080854,2942080854,3358762471,I258762479,E242080854,False,344,344
K212487466,8512487466,0731277281,H131277288,K212487466,True,345,345
P290538510,4090538510,1350168791,N150168793,P290538510,False,346,346
W139500832,7239500832,0693995595,G193995590,W139500832,True,347,347
R259478328,4259478328,1520996088,P120996086,R259478328,False,348,348
P204046098,4004046098,2588089518,A288089516,P204046098,False,349,349
G285787658,3185787658,0294514058,C194514050,G285787658,False,350,350
A199659105,5099659105,4472007502,T272007502,A199659105,True,351,351
V134430397,7134430397,3696189196,L296189191,V134430397,True,352,352
H257946693,8257946693,3147689600,G247689604,H257946693,True,353,353
J298986345,3498986345,4474508246,T274508245,J298986345,False,354,354
C129541654,0229541654,0749337532,H149337539,C129541654,False,355,355
T141690141,6941690141,4744072448,W244072446,T141690141,True,356,356
W182713792,2282713792,4515011385,U215011389,W182713792,False,357,357
X155311520,2355311520,4984038041,Z284038043,X155311520,False,358,358
E241391867,2941391867,3900144887,O200144880,E241391867,False,359,359
A175280466,0075280466,3919237349,O219237349,A175280466,False,360,360
H177924628,5777924628,4083303609,P283303608,H177924628,True,361,361
A214666037,2514666037,1774567584,R174567580,A214666037,False,362,362
J269321330,8469321330,4038318313,P238318315,J269321330,True,363,363
G294012119,8194012119,0871441594,I171441597,G294012119,True,364,364
Q119783623,6619783623,0472432159,E172432153,Q119783623,True,365,365
J283223457,3483223457,3290105566,H290105561,J283223457,False,366,366
D217784437,2817784437,0199169195,B199169192,D217784437,False,367,367
E210703515,2910703515,3370997560,I270997561,E210703515,False,368,368
B113961729,0113961729,2621639060,B221639068,B113961729,False,369,369
C238410959,2738410959,2242419765,W142419765,C238410959,False,370,370
A226398482,2526398482,1657113846,Q157113848,A226398482,False,371,371
V129603146,7129603146,4824080695,X224080697,V129603146,True,372,372
C269192119,2769192119,4743963526,W243963521,C269192119,False,373,373
R238168470,4238168470,3916851290,O216851291,R238168470,False,374,374
I270529006,8370529006,2348929866,X148929863,I270529006,True,375,375
Z291662158,4991662158,4258645641,R258645645,Z291662158,False,376,376
X223831899,9823831899,1337568294,N137568291,X223831899,True,377,377
W115058000,7215058000,1813631866,S113631864,W115058000,True,378,378
F211369241,3011369241,4297876094,R297876097,F211369241,False,379,379
H166952107,0766952107,2315577906,X115577904,H166952107,False,380,380
R294966772,4294966772,4069711288,P269711287,R294966772,False,381,381
S250184531,4350184531,0606750611,G106750616,S250184531,False,382,382
Z215101321,4915101321,0390493841,D190493847,Z215101321,False,383,383
S261912523,9361912523,1828061795,S128061799,S261912523,True,384,384
C272481081,7772481081,0121527883,B121527889,C272481081,True,385,385
W154819074,7254819074,0874975043,I174975040,W154819074,True,386,386
O158675160,1458675160,XXXXXXXXXX,A000000000,,False,387,-1
M223757774,8723757774,1757985373,R157985377,M223757774,True,388,388
K289713004,3589713004,4444558490,T244558498,K289713004,False,389,389
U141103608,7041103608,2623654895,B223654894,U141103608,True,390,390
B229016620,2629016620,2051060012,U151060017,B229016620,False,391,391
Z161737211,2461737211,0155858861,B155858864,Z161737211,False,392,392
I138635178,0838635178,1840657111,S140657118,I138635178,False,393,393
L232494029,8632494029,1661066959,Q161066956,L232494029,True,394,394
S119974804,1819974804,0675424672,G175424672,S119974804,False,395,395
O233253839,3933253839,3040957482,F240957487,O233253839,False,396,396
I225146557,3325146557,2048432724,U148432726,I225146557,False,397,397
Q180504636,1680504636,4993057161,Z293057169,Q180504636,False,398,398
D124813950,0324813950,2155694287,V155694283,D124813950,False,399,399
E188206343,5488206343,3820672267,N220672267,E188206343,True,400,400
S102751453,1802751453,4537291117,U237291117,S102751453,False,401,401
T126972080,1926972080,3510065557,K210065555,T126972080,False,402,402
L159227020,6159227020,2015255492,U115255496,L159227020,True,403,403
A202224903,2502224903,2784750003,C284750002,A202224903,False,404,404
K189869223,1089869223,0469736730,E169736734,K189869223,False,405,405
B185165771,0185165771,0028731573,A128731577,B185165771,False,406,406
H290739245,3290739245,1396602744,N196602743,H290739245,False,407,407
R172981059,1772981059,3888147856,N288147852,R172981059,False,408,408
B296362144,2696362144,1985969623,T185969624,B296362144,False,409,409
P228955754,9028955754,4592698269,U292698269,P228955754,True,410,410
L236341574,8636341574,2966238014,E266238012,L236341574,True,411,411
S256431404,9356431404,1440556971,O140556970,S256431404,True,412,412
O281563417,8981563417,4052953435,P252953438,O281563417,True,413,413
E286018712,2986018712,1304754743,N104754740,E286018712,False,414,414
O103665472,1403665472,1960255036,T160255034,O103665472,False,415,415
U151139610,2051139610,4152849017,Q252849012,U151139610,False,416,416
O203118578,8903118578,2889497199,D289497197,O203118578,True,417,417
O117196828,1417196828,0105577045,B105577044,O117196828,False,418,418
F229710181,3029710181,4499478379,T299478376,F229710181,False,419,419
C231911024,2731911024,3157173061,G257173061,C231911024,False,420,420
U297263039,4597263039,0298051649,C198051648,U297263039,False,421,421
V110702298,2110702298,1436911918,O136911914,V110702298,False,422,422
W196541455,7296541455,0935506141,J135506143,W196541455,True,423,423
G236002622,8136002622,2731445232,C231445234,G236002622,True,424,424
G165254218,0665254218,0768223657,H168223650,G165254218,False,425,425
V174188836,2174188836,3960774396,O260774394,V174188836,False,426,426
O113738302,1413738302,2469400466,Z169400461,O113738302,False,427,427
W153153371,2253153371,0119153231,B119153234,W153153371,False,428,428
T265831753,9465831753,0833297320,I133297328,T265831753,True,429,429
A129797074,0029797074,1336101215,N136101216,A129797074,False,430,430
X130477143,2330477143,4995089774,Z295089772,X130477143,False,431,431
R184870776,1784870776,4982471049,Z282471041,R184870776,False,432,432
S283765699,4383765699,1536927306,P136927304,S283765699,False,433,433
E145874472,5445874472,3266275338,H266275334,E145874472,True,434,434
P181031426,6581031426,3339186256,I239186258,P181031426,True,435,435
H146688571,0746688571,0590304344,F190304341,H146688571,False,436,436
A190608120,0090608120,3551275621,K251275622,A190608120,False,437,437
V112195086,7112195086,4906660506,Z206660507,V112195086,True,438,438
R173764132,1773764132,2827780753,D227780754,R173764132,False,439,439
N128538116,1328538116,0493665651,E193665656,N128538116,False,440,440
C107308011,0207308011,1657017557,Q157017555,C107308011,False,441,441
U161903855,7061903855,3350942043,I250942041,U161903855,True,442,442
J107776846,0907776846,3091953416,F291953410,J107776846,False,443,443
U287347457,4587347457,2516546991,A216546990,U287347457,False,444,444
E128228412,0428228412,2265391325,W165391326,E128228412,False,445,445
C270849290,2770849290,0678620184,G178620188,C270849290,False,446,446
K164729291,1064729291,4076053715,P276053713,K164729291,False,447,447
I189383276,0889383276,0500070841,F100070847,I189383276,False,448,448
S296932319,4396932319,XXXXXXXXXX,A000000000,,False,449,-1
A131144243,5031144243,2410759560,Z110759562,A131144243,True,450,450
D239495144,2839495144,4870549122,X270549128,D239495144,False,451,451
R215192709,9215192709,4513131146,U213131141,R215192709,True,452,452
V285985441,9685985441,4861878204,X261878201,V285985441,True,453,453
H140185786,0740185786,4228311422,R228311428,H140185786,False,454,454
S161262008,1861262008,3306008332,I206008332,S161262008,False,455,455
X179356147,2379356147,4512501620,U212501628,X179356147,False,456,456
W110651912,2210651912,2588429361,A288429368,W110651912,False,457,457
J181421042,0981421042,1942830708,T142830705,J181421042,False,458,458
V130432617,7130432617,3400734662,J200734664,V130432617,True,459,459
D231110233,2831110233,2114973565,V114973563,D231110233,False,460,460
R141600609,6741600609,1581467039,P181467032,R141600609,True,461,461
J150157946,0950157946,4167531398,Q267531399,J150157946,False,462,462
O209802604,3909802604,0197050882,B197050884,O209802604,False,463,463
P171379384,1571379384,3057515135,F257515131,P171379384,False,464,464
V164643884,7164643884,3776165285,M276165283,V164643884,True,465,465
P259456786,4059456786,0895041017,I195041018,P259456786,False,466,466
M232553177,3732553177,4982826054,Z282826050,M232553177,False,467,467
M113291909,1213291909,3647722674,L247722675,M113291909,False,468,468
X200502626,4800502626,0341191177,D141191171,X200502626,False,469,469
E190800119,0490800119,2537111067,A237111069,E190800119,False,470,470
B157138657,0157138657,3727180358,M227180359,B157138657,False,471,471
B239883357,7639883357,2403955958,Z103955953,B239883357,True,472,472
B246340250,2646340250,0776162139,H176162135,B246340250,False,473,473
S201604822,4301604822,0875474057,I175474055,S201604822,False,474,474
C277501131,2777501131,4905430831,Z205430836,C277501131,False,475,475
T275249525,9475249525,4162356318,Q262356312,T275249525,True,476,476
F180971148,5580971148,4296126468,R296126465,F180971148,True,477,477
W163069671,7263069671,0125631343,B125631347,W163069671,True,478,478
M137087194,1237087194,1983225667,T183225668,M137087194,False,479,479
W202354175,9702354175,2494154032,Z194154037,W202354175,True,480,480
H184942743,0784942743,4912111333,Z212111338,H184942743,False,481,481
K189805961,1089805961,3063809015,F263809019,K189805961,False,482,482
Q257758135,9157758135,1482287138,O182287135,Q257758135,True,483,483
B280474384,7680474384,0561853775,F161853779,B280474384,True,484,484
K297423037,3597423037,1257827959,M157827957,K297423037,False,485,485
F158362697,0558362697,0339113886,D139113882,F158362697,False,486,486
R226765987,9226765987,2993953850,E293953855,R226765987,True,487,487
I174768016,0874768016,1655032131,Q155032135,I174768016,False,488,488
A162316788,0062316788,1670096125,Q170096120,A162316788,False,489,489
I298435892,3398435892,3786929633,M286929639,I298435892,False,490,490
K220523284,3520523284,0753847282,H153847287,K220523284,False,491,491
G145547801,0645547801,1077955422,K177955428,G145547801,False,492,492
L254865460,3654865460,3421194345,J221194340,L254865460,False,493,493
E223178437,2923178437,0957478170,J157478170,E223178437,False,494,494
B164484968,0164484968,0556019243,F156019247,B164484968,False,495,495
N208160347,8808160347,3532992793,K232992794,N208160347,True,496,496
X214418735,4814418735,3001792854,F201792858,X214418735,False,497,497
O240235949,8940235949,3117434910,G217434914,O240235949,True,498,498
M124523118,6224523118,3836259785,N236259784,M124523118,True,499,499
X114120130,7314120130,2756045836,C256045839,X114120130,True,500,500
P294772698,9094772698,2305096348,X105096346,P294772698,True,501,501
S259023324,9359023324,0239850315,C139850310,S259023324,True,502,502
O121234626,1421234626,0948366219,J148366219,O121234626,False,503,503
B201194283,2601194283,3506196467,K206196467,B201194283,False,504,504
J195935317,0995935317,3231046092,H231046093,J195935317,False,505,505
W293145631,9793145631,1905695344,T105695342,W293145631,True,506,506
Z191658536,7491658536,4903793271,Z203793270,Z191658536,True,507,507
M132816060,1232816060,0300718104,D100718100,M132816060,False,508,508
B280213989,2680213989,2567477401,A267477403,B280213989,False,509,509
I181976859,0881976859,4201877747,R201877746,I181976859,False,510,510
E266586086,2966586086,2620591693,B220591699,E266586086,False,511,511
I137958270,0837958270,0322616582,D122616586,I137958270,False,512,512
E179923840,5479923840,3292330270,H292330277,E179923840,True,513,513
I135280626,0835280626,2797539476,C297539473,I135280626,False,514,514
C215809225,2715809225,4759895571,W259895574,C215809225,False,515,515
A278045925,2578045925,3590292271,K290292271,A278045925,False,516,516
A210597871,7510597871,1546949235,P146949235,A210597871,True,517,517
K248053696,3548053696,3014318584,F214318582,K248053696,False,518,518
K254735930,8554735930,1475798125,O175798125,K254735930,True,519,519
P194738783,1594738783,0955970694,J155970697,P194738783,False,520,520
Z148604602,7448604602,3428983695,J228983693,Z148604602,True,521,521
M164344995,1264344995,1014348681,K114348688,M164344995,False,522,522
G212890746,8112890746,4529908713,U229908718,G212890746,True,523,523
O191894614,6491894614,1280595949,M180595945,O191894614,True,524,524
S214839535,4314839535,0102224190,B102224197,S214839535,False,525,525
L204435172,3604435172,3511765285,K211765289,L204435172,False,526,526
Z135282085,2435282085,2363590046,X163590045,Z135282085,False,527,527
S214470750,4314470750,0894001275,I194001277,S214470750,False,528,528
Z224473607,4924473607,2374792501,X174792503,Z224473607,False,529,529
Z102510912,7402510912,1575761009,P175761004,Z102510912,True,530,530
L217249644,3617249644,2818002149,D218002149,L217249644,False,531,531
L130932542,1130932542,4459546596,T259546595,L130932542,False,532,532
A195901448,5095901448,4367940850,S267940859,A195901448,True,533,533
R139150185,6739150185,0651258231,G151258237,R139150185,True,534,534
Q298107312,9198107312,1611217760,Q111217769,Q298107312,True,535,535
M133061809,6233061809,0232999187,C132999189,M133061809,True,536,536
X196646293,7396646293,4797175473,W297175471,X196646293,True,537,537
M111498991,1211498991,3179946944,G279946943,M111498991,False,538,538
U173432165,2073432165,4484989077,T284989079,U173432165,False,539,539
P168253157,1568253157,2404757225,Z104757227,P168253157,False,540,540
A254855634,2554855634,2033207624,U133207629,A254855634,False,541,541
Q185330181,1685330181,4535790930,U235790937,Q185330181,False,542,542
E293920852,7993920852,2134966080,V134966081,E293920852,True,543,543
T220091195,9420091195,0148119588,B148119584,T220091195,True,544,544
E159719313,0459719313,1933949260,T133949262,E159719313,False,545,545
Z231735274,4931735274,XXXXXXXXXX,A000000000,,False,546,-1
C190597955,0290597955,2694460040,B294460048,C190597955,False,547,547
F272180644,3072180644,2123298126,V123298124,F272180644,False,548,548
Q271351290,4171351290,4659129582,V259129581,Q271351290,False,549,549
J135187680,0935187680,XXXXXXXXXX,A000000000,,False,550,-1
U227098988,4527098988,3294205046,H294205046,U227098988,False,551,551
A278249307,7578249307,2644214273,B244214277,A278249307,True,552,552
L131842609,1131842609,0115588703,B115588704,L131842609,False,553,553
L232016187,3632016187,4862449270,X262449275,L232016187,False,554,554
E263061297,7963061297,2691361475,B291361473,E263061297,True,555,555
P167089993,1567089993,0311694675,D111694678,P167089993,False,556,556
Z154830707,2454830707,4822395023,X222395020,Z154830707,False,557,557
P158133684,6558133684,1453496639,O153496634,P158133684,True,558,558
K263542381,8563542381,0696962351,G196962350,K263542381,True,559,559
E273530316,7973530316,1754565761,R154565762,E273530316,True,560,560
R179038373,1779038373,4132308403,Q232308402,R179038373,False,561,561
X120378295,2320378295,0836848692,I136848699,X120378295,False,562,562
U265711033,9565711033,0979918442,J179918447,U265711033,True,563,563
W154589580,7254589580,4380490492,S280490491,W154589580,True,564,564
R176739962,6776739962,4530041322,U230041325,R176739962,True,565,565
T266455971,9466455971,1970170496,T170170498,T266455971,True,566,566
D295653219,2895653219,0125977368,B125977361,D295653219,False,567,567
J143330757,5943330757,1029931126,K129931129,J143330757,True,568,568
K183657603,1083657603,1261825900,M161825909,K183657603,False,569,569
V133322109,7133322109,3577101457,K277101451,V133322109,True,570,570
R193358756,1793358756,4848964838,X248964839,R193358756,False,571,571
U192405786,7092405786,2320960584,X120960586,U192405786,True,572,572
B213817102,2613817102,3017015893,F217015890,B213817102,False,573,573
A176173764,5076173764,2460070999,Z160070992,A176173764,True,574,574
S204226348,4304226348,2774931455,C274931452,S204226348,False,575,575
F213694514,3013694514,2450269944,Z150269947,F213694514,False,576,576
U217138564,4517138564,4782503978,W282503978,U217138564,False,577,577
E197750550,0497750550,0397637289,D197637280,E197750550,False,578,578
Q299167929,4199167929,0764122881,H164122886,Q299167929,False,579,579
F227975200,3027975200,3545974445,K245974446,F227975200,False,580,580
N246883232,8846883232,4008963613,P208963619,N246883232,True,581,581
F297540995,3097540995,0023527675,A123527672,F297540995,False,582,582
L241031861,3641031861,1444095453,O144095455,L241031861,False,583,583
O107278582,6407278582,4932871094,Z232871097,O107278582,True,584,584
S201705164,4301705164,3613511608,L213511602,S201705164,False,585,585
F219949910,3019949910,2972994346,E272994341,F219949910,False,586,586
C136082606,0236082606,0923343252,J123343254,C136082606,False,587,587
E162154488,5462154488,2890841735,D290841731,E162154488,True,588,588
R197110583,1797110583,2934947511,E234947512,R197110583,False,589,589
U281669632,9581669632,2041233717,U141233715,U281669632,True,590,590
P281865102,4081865102,4458915601,T258915602,P281865102,False,591,591
L215776960,3615776960,2119374733,V119374730,L215776960,False,592,592
S261305975,4361305975,1201185429,M101185420,S261305975,False,593,593
D128719435,5328719435,4333995428,S233995424,D128719435,True,594,594
E285974131,2985974131,4901753213,Z201753216,E285974131,False,595,595
H289868075,3289868075,4446021374,T246021374,H289868075,False,596,596
P243269802,4043269802,1355575005,N155575000,P243269802,False,597,597
N105800226,6305800226,1205069279,M105069278,N105800226,True,598,598
L208288375,8608288375,4940486286,Z240486288,L208288375,True,599,599
S279050470,9379050470,0152397787,B152397788,S279050470,True,600,600
J131237670,5931237670,2051988409,U151988401,J131237670,True,601,601
V242376537,4642376537,2126836780,V126836785,V242376537,False,602,602
J184585356,0984585356,4867017938,X267017934,J184585356,False,603,603
H225478504,3225478504,0811194138,I111194130,H225478504,False,604,604
I176353406,0876353406,3354501475,I254501473,I176353406,False,605,605
C140295451,0240295451,4314795223,S214795221,C140295451,False,606,606
Q203669061,9103669061,1581304959,P181304959,Q203669061,True,607,607
K271236347,3571236347,1661932210,Q161932212,K271236347,False,608,608
X100722386,2300722386,4635027851,V235027856,X100722386,False,609,609
S294627388,4394627388,4252405197,R252405194,S294627388,False,610,610
O249804039,3949804039,2307290986,X107290988,O249804039,False,611,611
C241575763,2741575763,2990069936,E290069932,C241575763,False,612,612
E258257085,7958257085,0973851122,J173851126,E258257085,True,613,613
G185552831,5685552831,2246388608,W146388607,G185552831,True,614,614
M259931308,3759931308,1678788049,Q178788048,M259931308,False,615,615
H120473329,0720473329,4490888054,T290888053,H120473329,False,616,616
B250371889,2650371889,2675044172,B275044176,B250371889,False,617,617
C216541455,2716541455,0707398174,H107398175,C216541455,False,618,618
X216861878,9816861878,1985940610,T185940612,X216861878,True,619,619
K119705349,1019705349,2797313854,C297313851,K119705349,False,620,620
Q165300963,1665300963,2178047136,V178047138,Q165300963,False,621,621
F176375656,5576375656,4510539771,U210539772,F176375656,True,622,622
S277098678,9377098678,4890247911,X290247916,S277098678,True,623,623
V187754237,2187754237,2126205294,V126205293,V187754237,False,624,624
W177130316,2277130316,4371020460,S271020467,W177130316,False,625,625
L279909105,3679909105,2155846857,V155846856,L279909105,False,626,626
H247260971,8247260971,2467574314,Z167574311,H247260971,True,627,627
O232279053,3932279053,2381617728,X181617722,O232279053,False,628,628
H247257947,8247257947,4579147258,U279147257,H247257947,True,629,629
P255354594,4055354594,0854324530,I154324538,P255354594,False,630,630
O268176587,3968176587,1713111490,R113111499,O268176587,False,631,631
Z175925078,2475925078,0983418378,J183418378,Z175925078,False,632,632
W222073715,4722073715,3977926619,O277926619,W222073715,False,633,633
V282986919,9682986919,3511847241,K211847243,V282986919,True,634,634
S270894725,9370894725,2008141900,U108141903,S270894725,True,635,635
D135678467,0335678467,1444451632,O144451635,D135678467,False,636,636
M143333241,1243333241,0082121456,A182121459,M143333241,False,637,637
V235029078,4635029078,2397866605,X197866606,V235029078,False,638,638
S198879519,1898879519,3580608844,K280608844,S198879519,False,639,639
R299702483,9299702483,1989948732,T189948735,R299702483,True,640,640
F172466629,5572466629,2848656276,D248656279,F172466629,True,641,641
E234473274,2934473274,1546239704,P146239703,E234473274,False,642,642
V261621655,4661621655,1918853462,T118853462,V261621655,False,643,643
G152262788,0652262788,2005170511,U105170513,G152262788,False,644,644
P128250976,6528250976,0334795615,D134795613,P128250976,True,645,645
B147988903,5147988903,0197029999,B197029998,B147988903,True,646,646
J147668118,0947668118,1554865587,P154865584,J147668118,False,647,647
Q152140711,6652140711,2349633890,X149633897,Q152140711,True,648,648
X186275040,2386275040,0248231607,C148231604,X186275040,False,649,649
T290731015,4490731015,2266816093,W166816094,T290731015,False,650,650
L270767549,3670767549,4763752071,W263752071,L270767549,False,651,651
N108289309,6308289309,4038121036,P238121035,N108289309,True,652,652
G104042690,0604042690,2204679968,W104679965,G104042690,False,653,653
Z186492482,7486492482,0106905588,B106905583,Z186492482,True,654,654
R285478063,4285478063,0002270274,A102270278,R285478063,False,655,655
P247759914,4047759914,3409314625,J209314623,P247759914,False,656,656
E105309978,0405309978,2504026732,A204026730,E105309978,False,657,657
B211118053,7611118053,3391419115,I291419112,B211118053,True,658,658
Z280545075,4980545075,3240697596,H240697592,Z280545075,False,659,659
S104621038,1804621038,3120365539,G220365530,S104621038,False,660,660
G293130412,3193130412,1625083589,Q125083588,G293130412,False,661,661
A223615226,2523615226,0593913049,F193913042,A223615226,False,662,662
E187398726,0487398726,0298897228,C198897222,E187398726,False,663,663
W207102117,4707102117,3248184635,H248184632,W207102117,False,664,664
F227270657,3027270657,0511877383,F111877383,F227270657,False,665,665
L222620599,3622620599,1573543040,P173543044,L222620599,False,666,666
T162348802,6962348802,0917968638,J117968630,T162348802,True,667,667
T233249749,4433249749,4571992861,U271992860,T233249749,False,668,668
K135498554,1035498554,2430042784,Z130042781,K135498554,False,669,669
J159201463,0959201463,0959438370,J159438370,J159201463,False,670,670
C161064170,0261064170,3723094301,M223094302,C161064170,False,671,671
V190739619,2190739619,0233459330,C133459336,V190739619,False,672,672
Q234694978,9134694978,3864560915,N264560915,Q234694978,True,673,673
M142377785,1242377785,4762395118,W262395119,M142377785,False,674,674
O268690251,8968690251,2829295691,D229295690,O268690251,True,675,675
P105792042,1505792042,2547838326,A247838320,P105792042,False,676,676
L272878714,8672878714,0792020726,H192020725,L272878714,True,677,677
B153282029,0153282029,2657674033,B257674038,B153282029,False,678,678
X104497044,7304497044,4999769876,Z299769879,X104497044,True,679,679
C103809268,0203809268,4227958341,R227958340,C103809268,False,680,680
O177612656,1477612656,2479916040,Z179916040,O177612656,False,681,681
Z108670524,7408670524,3226155577,H226155578,Z108670524,True,682,682
G291039832,3191039832,3905783759,O205783752,G291039832,False,683,683
J177873145,0977873145,2643608261,B243608261,J177873145,False,684,684
V242918508,4642918508,0924954694,J124954692,V242918508,False,685,685
A269459822,2569459822,4188197933,Q288197930,A269459822,False,686,686
Z251600487,4951600487,1467803279,O167803275,Z251600487,False,687,687
M237802013,3737802013,3248997356,H248997352,M237802013,False,688,688
V203694827,4603694827,3169924113,G269924119,V203694827,False,689,689
A179904369,0079904369,4157367906,Q257367900,A179904369,False,690,690
K279914026,3579914026,0531907225,F131907221,K279914026,False,691,691
M289187569,3789187569,3917738010,O217738014,M289187569,False,692,692
N123838111,1323838111,1676844910,Q176844911,N123838111,False,693,693
O179056950,6479056950,2415689425,Z115689429,O179056950,True,694,694
O157706291,6457706291,1465185372,O165185370,O157706291,True,695,695
Q253066467,9153066467,4044295811,P244295818,Q253066467,True,696,696
U289061209,9589061209,2849161639,D249161633,U289061209,True,697,697
E157305857,0457305857,1906350235,T106350238,E157305857,False,698,698
U187897521,7087897521,3608588280,L208588288,U187897521,True,699,699
D181514672,0381514672,4746769738,W246769730,D181514672,False,700,700
F135758702,5535758702,3204043607,H204043608,F135758702,True,701,701
S177067822,1877067822,2211363878,W111363876,S177067822,False,702,702
Z149215850,2449215850,4195816719,Q295816715,Z149215850,False,703,703
D194630523,5394630523,2463158558,Z163158553,D194630523,True,704,704
D244640679,2844640679,1716912997,R116912991,D244640679,False,705,705
Z280238280,4980238280,3126824307,G226824304,Z280238280,False,706,706
O132115749,1432115749,4606648724,V206648722,O132115749,False,707,707
T136410024,1936410024,3575318392,K275318395,T136410024,False,708,708
O180549537,6480549537,2512028673,A212028673,O180549537,True,709,709
R160773556,1760773556,1012141833,K112141836,R160773556,False,710,710
V209829637,9609829637,1793291110,R193291114,V209829637,True,711,711
R200734151,4200734151,0842365343,I142365340,R200734151,False,712,712
D188845901,0388845901,3774825429,M274825421,D188845901,False,713,713
J187584986,5987584986,4146018681,Q246018687,J187584986,True,714,714
Z195308626,2495308626,2989491672,E289491671,Z195308626,False,715,715
B289758327,2689758327,2562416864,A262416868,B289758327,False,716,716
I108280389,5808280389,4183665500,Q283665506,I108280389,True,717,717
E238500290,7938500290,2443311221,Z143311220,E238500290,True,718,718
T112939120,6912939120,1815131725,S115131721,T112939120,True,719,719
K256107747,8556107747,4975995433,Z275995432,K256107747,True,720,720
Q247736403,4147736403,1187816300,L187816309,Q247736403,False,721,721
B283103113,2683103113,0414625407,E114625409,B283103113,False,722,722
N258455659,8858455659,2511993936,A211993930,N258455659,True,723,723
L277665664,3677665664,3878097835,N278097835,L277665664,False,724,724
V117030964,2117030964,4094155307,P294155301,V117030964,False,725,725
K224843965,3524843965,1645472917,Q145472919,K224843965,False,726,726
G189013719,0689013719,4719208026,W219208020,G189013719,False,727,727
B174950764,5174950764,2921604262,E221604260,B174950764,True,728,728
C141051631,5241051631,0605524398,G105524397,C141051631,True,729,729
X193051112,7393051112,3640335255,L240335257,X193051112,True,730,730
R272710114,9272710114,2590241803,A290241807,R272710114,True,731,731
I103651824,0803651824,4470429905,T270429902,I103651824,False,732,732
Q232845646,4132845646,3845011855,N245011850,Q232845646,False,733,733
O241746816,3941746816,3026032776,F226032778,O241746816,False,734,734
V176529380,2176529380,1084049998,K184049995,V176529380,False,735,735
K247770607,8547770607,3071932639,F271932630,K247770607,True,736,736
H106739802,5706739802,2546413311,A246413313,H106739802,True,737,737
O157166297,6457166297,2258850497,W158850490,O157166297,True,738,738
Q126825421,6626825421,2163343900,V163343901,Q126825421,True,739,739
B142067847,5142067847,1664653495,Q164653493,B142067847,True,740,740
B134728546,0134728546,2269829447,W169829444,B134728546,False,741,741
B286235194,2686235194,2497569965,Z197569964,B286235194,False,742,742
P110151731,1510151731,2608386100,B208386109,P110151731,False,743,743
V179563026,7179563026,1995452115,T195452116,V179563026,True,744,744
X121361114,2321361114,3619566979,L219566972,X121361114,False,745,745
J108989285,0908989285,1454999499,O154999499,J108989285,False,746,746
V260368837,4660368837,0077669424,A177669426,V260368837,False,747,747
Q136803455,6636803455,3505941777,K205941770,Q136803455,True,748,748
D198787845,0398787845,3329112842,I229112841,D198787845,False,749,749
U138611851,2038611851,3175611312,G275611318,U138611851,False,750,750
M242530613,8742530613,3631049744,L231049742,M242530613,True,751,751
A235502341,7535502341,1111532975,L111532979,A235502341,True,752,752
Z114769069,2414769069,2550647088,A250647089,Z114769069,False,753,753
W293175095,4793175095,0181942207,B181942201,W293175095,False,754,754
M238205349,3738205349,0496651532,E196651533,M238205349,False,755,755
E187180206,0487180206,3852488361,N252488369,E187180206,False,756,756
E276744965,2976744965,2780611046,C280611044,E276744965,False,757,757
R161554484,1761554484,2240468183,W140468182,R161554484,False,758,758
M198336514,6298336514,2884612856,D284612857,M198336514,True,759,759
B289601609,2689601609,0976795490,J176795492,B289601609,False,760,760
Q173019622,1673019622,1363498939,N163498937,Q173019622,False,761,761
D242104009,2842104009,3225925358,H225925352,D242104009,False,762,762
M267573114,3767573114,1278899783,M178899781,M267573114,False,763,763
E219106816,7919106816,1005522244,K105522241,E219106816,True,764,764
Q119468470,6619468470,0280280646,C180280649,Q119468470,True,765,765
H214479371,3214479371,3568573622,K268573625,H214479371,False,766,766
K106259427,6006259427,2153544810,V153544814,K106259427,True,767,767
Z130129609,2430129609,0693456820,G193456821,Z130129609,False,768,768
M113838135,6213838135,1572802799,P172802796,M113838135,True,769,769
T201866912,4401866912,0134406800,B134406806,T201866912,False,770,770
P232353008,9032353008,1016980908,K116980907,P232353008,True,771,771
X275201205,9875201205,3780509689,M280509685,X275201205,True,772,772
R123905558,1723905558,1347641586,N147641588,R123905558,False,773,773
X155342829,2355342829,2837118818,D237118810,X155342829,False,774,774
P118402075,6518402075,3250782021,H250782022,P118402075,True,775,775
S238034210,9338034210,3653174058,L253174050,S238034210,True,776,776
T140871508,1940871508,0180231338,B180231330,T140871508,False,777,777
K190111461,6090111461,2154516294,V154516296,K190111461,True,778,778
E119293205,0419293205,3243277457,H243277456,E119293205,False,779,779
Z168322950,2468322950,4192622010,Q292622010,Z168322950,False,780,780
R247083784,9247083784,3669069845,L269069849,R247083784,True,781,781
H183355522,0783355522,1628234954,Q128234950,H183355522,False,782,782
F239798526,3039798526,2730443463,C230443467,F239798526,False,783,783
W209169638,4709169638,4137125441,Q237125443,W209169638,False,784,784
L208728801,8608728801,1299179813,M199179811,L208728801,True,785,785
F126514292,0526514292,3102600709,G202600704,F126514292,False,786,786
U243484733,4543484733,1759573864,R159573867,U243484733,False,787,787
E131570229,0431570229,4875413780,X275413788,E131570229,False,788,788
S145610871,1845610871,2280803838,W180803835,S145610871,False,789,789
Z141985560,2441985560,1611861312,Q111861314,Z141985560,False,790,790
Q106379464,1606379464,4385305135,S285305138,Q106379464,False,791,791
F156519090,0556519090,3895328100,N295328100,F156519090,False,792,792
F229633910,3029633910,2925172698,E225172697,F229633910,False,793,793
C254977691,2754977691,2800541289,D200541286,C254977691,False,794,794
Z136593916,7436593916,2938313032,E238313032,Z136593916,True,795,795
I201522813,3301522813,3042664530,F242664535,I201522813,False,796,796
N187074022,1387074022,4551517792,U251517797,N187074022,False,797,797
U227206819,4527206819,1961468606,T161468606,U227206819,False,798,798
D107357257,0307357257,0406229551,E106229558,D107357257,False,799,799
P291648033,4091648033,2378410312,X178410315,P291648033,False,800,800
R158423229,6758423229,1309853131,N109853133,R158423229,True,801,801
T112517820,1912517820,4617102906,V217102909,T112517820,False,802,802
B259948359,2659948359,2964852267,E264852268,B259948359,False,803,803
J254525291,3454525291,0666664919,G166664914,J254525291,False,804,804
M177122118,6277122118,3827779963,N227779963,M177122118,True,805,805
X285551936,9885551936,4122747161,Q222747167,X285551936,True,806,806
S248411587,9348411587,0393927325,D193927324,S248411587,True,807,807
P264002236,4064002236,4153966073,Q253966079,P264002236,False,808,808
B152157876,5152157876,2895090703,D295090709,B152157876,True,809,809
U125479625,2025479625,4437132025,T237132029,U125479625,False,810,810
S136619491,6836619491,2512554539,A212554535,S136619491,True,811,811
E173162932,0473162932,4721555299,W221555297,E173162932,False,812,812
O238601424,3938601424,0457347123,E157347121,O238601424,False,813,813
C240456287,2740456287,0903156624,J103156629,C240456287,False,814,814
B216414336,2616414336,1668899687,Q168899685,B216414336,False,815,815
D267052444,2867052444,1257395656,M157395659,D267052444,False,816,816
F114762420,0514762420,2438447202,Z138447202,F114762420,False,817,817
M147495162,6247495162,3297710501,H297710503,M147495162,True,818,818
G148202238,0648202238,2025223860,U125223865,G148202238,False,819,819
L200805347,3600805347,3457737635,J257737639,L200805347,False,820,820
K230321390,3530321390,2713582956,C213582957,K230321390,False,821,821
K121244048,1021244048,4138051201,Q238051207,K121244048,False,822,822
K268651438,3568651438,1359941352,N159941350,K268651438,False,823,823
J234155711,8434155711,3342175719,I242175711,J234155711,True,824,824
S264941259,4364941259,XXXXXXXXXX,A000000000,,False,825,-1
W280300986,9780300986,4814845948,X214845948,W280300986,True,826,826
S123792212,6823792212,3397038360,I297038362,S123792212,True,827,827
L145873185,1145873185,2580902842,A280902841,L145873185,False,828,828
O267817178,3967817178,4267197648,R267197641,O267817178,False,829,829
L277406450,3677406450,4750734368,W250734365,L277406450,False,830,830
N250252843,8850252843,2212215855,W112215856,N250252843,True,831,831
X283481048,4883481048,2559929209,A259929200,X283481048,False,832,832
K215368959,3515368959,XXXXXXXXXX,A000000000,,False,833,-1
G155903473,5655903473,2302061463,X102061465,G155903473,True,834,834
M117435649,1217435649,1449973167,O149973161,M117435649,False,835,835
X286582775,4886582775,1362072989,N162072982,X286582775,False,836,836
S191090850,1891090850,0793126252,H193126257,S191090850,False,837,837
A251788958,2551788958,1486521131,O186521133,A251788958,False,838,838
H170970873,5770970873,0027727221,A127727224,H170970873,True,839,839
Z156679006,7456679006,2363960053,X163960054,Z156679006,True,840,840
R265334033,4265334033,2484770761,Z184770768,R265334033,False,841,841
H117381250,5717381250,2989306385,E289306389,H117381250,True,842,842
F285270782,8085270782,4709059630,W209059631,F285270782,True,843,843
O134208023,6434208023,3235113653,H235113656,O134208023,True,844,844
K110147627,6010147627,4118150258,Q218150251,K110147627,True,845,845
E157523953,0457523953,0679509964,G179509961,E157523953,False,846,846
O248773491,3948773491,0561699621,F161699620,O248773491,False,847,847
H256790982,8256790982,3763670978,M263670978,H256790982,True,848,848
R288458723,4288458723,3606519785,L206519788,R288458723,False,849,849
Z262933531,9962933531,0849821059,I149821054,Z262933531,True,850,850
R285291511,4285291511,2220513708,W120513705,R285291511,False,851,851
O171790713,1471790713,4065878143,P265878142,O171790713,False,852,852
U271913669,4571913669,2002897907,U102897904,U271913669,False,853,853
C148014136,0248014136,1823112836,S123112838,C148014136,False,854,854
O245997882,8945997882,4710402592,W210402596,O245997882,True,855,855
I272033138,8372033138,3694220418,L294220412,I272033138,True,856,856
W121583452,2221583452,2708050859,C208050856,W121583452,False,857,857
H196265555,5796265555,4549828402,U249828409,H196265555,True,858,858
L140810651,1140810651,3059668209,F259668207,L140810651,False,859,859
R223936617,9223936617,0391585943,D191585948,R223936617,True,860,860
G127838729,0627838729,3700731148,M200731147,G127838729,False,861,861
V176486595,2176486595,0998511898,J198511898,V176486595,False,862,862
B232241548,7632241548,0391176221,D191176228,B232241548,True,863,863
G114091212,0614091212,2498482690,Z198482694,G114091212,False,864,864
Q223788549,4123788549,0760098891,H160098899,Q223788549,False,865,865
A269457480,2569457480,3080800071,F280800078,A269457480,False,866,866
Z239737092,4939737092,3790514604,M290514608,Z239737092,False,867,867
S288765706,4388765706,3869989531,N269989538,S288765706,False,868,868
E215695385,2915695385,4196820619,Q296820610,E215695385,False,869,869
H196450107,0796450107,2912422016,E212422017,H196450107,False,870,870
A203059884,2503059884,1838809227,S138809220,A203059884,False,871,871
S102606926,6802606926,1699012016,Q199012012,S102606926,True,872,872
E110254480,5410254480,1001404152,K101404158,E110254480,True,873,873
F275031040,3075031040,4211788432,R211788436,F275031040,False,874,874
L289730970,8689730970,1839197409,S139197406,L289730970,True,875,875
V182022007,2182022007,0362758468,D162758467,V182022007,False,876,876
N216155725,3816155725,2057456227,U157456224,N216155725,False,877,877
J262643459,3462643459,1355872004,N155872004,J262643459,False,878,878
O273698812,8973698812,0011203248,A111203246,O273698812,True,879,879
H121878944,0721878944,0527819289,F127819288,H121878944,False,880,880
M230541188,3730541188,1413827485,O113827489,M230541188,False,881,881
I190304861,5890304861,2802707736,D202707731,I190304861,True,882,882
O180738883,1480738883,1288113254,M188113250,O180738883,False,883,883
Q213606629,4113606629,4317764867,S217764863,Q213606629,False,884,884
F197013142,5597013142,3907906013,O207906013,F197013142,True,885,885
O265862120,8965862120,3033291277,F233291278,O265862120,True,886,886
X122453193,7322453193,2160632928,V160632929,X122453193,True,887,887
J257716892,8457716892,1211022024,M111022022,J257716892,True,888,888
C174717171,0274717171,0614195813,G114195812,C174717171,False,889,889
A226378266,2526378266,0791079044,H191079048,A226378266,False,890,890
W116978949,2216978949,1941183097,T141183090,W116978949,False,891,891
O244525873,3944525873,0397415149,D197415141,O244525873,False,892,892
Q259011206,4159011206,3900394281,O200394281,Q259011206,False,893,893
I242407997,8342407997,2341279388,X141279380,I242407997,True,894,894
H156504715,0756504715,3195031396,G295031392,H156504715,False,895,895
A159528096,0059528096,4553961994,U253961992,A159528096,False,896,896
E155138170,5455138170,4643805736,V243805739,E155138170,True,897,897
K113613002,6013613002,2008092175,U108092170,K113613002,True,898,898
L187615496,6187615496,0406327652,E106327657,L187615496,True,899,899
S186926307,1886926307,0289646672,C189646672,S186926307,False,900,900
A134108089,0034108089,0655929185,G155929181,A134108089,False,901,901
N251868765,3851868765,0684447993,G184447996,N251868765,False,902,902
A186660783,0086660783,3052323090,F252323092,A186660783,False,903,903
H112966897,0712966897,1731147873,R131147870,H112966897,False,904,904
I222383763,3322383763,4437860938,T237860931,I222383763,False,905,905
O240544514,3940544514,0431258996,E131258998,O240544514,False,906,906
P235238320,4035238320,1586529467,P186529465,P235238320,False,907,907
U248601663,4548601663,1737560517,R137560513,U248601663,False,908,908
Z128251963,2428251963,XXXXXXXXXX,A000000000,,False,909,-1
M290083714,3790083714,2051428587,U151428582,M290083714,False,910,910
P108773594,1508773594,0838542263,I138542265,P108773594,False,911,911
H148638015,0748638015,3862914764,N262914760,H148638015,False,912,912
O157459091,1457459091,4181869965,Q281869968,O157459091,False,913,913
T127953187,1927953187,2879214595,D279214597,T127953187,False,914,914
O228972818,8928972818,4944046664,Z244046666,O228972818,True,915,915
G155981860,0655981860,1723433330,R123433330,G155981860,False,916,916
X132410128,7332410128,4765967675,W265967672,X132410128,True,917,917
J109764237,0909764237,2493203388,Z193203388,J109764237,False,918,918
H253883006,8253883006,0529354872,F129354878,H253883006,True,919,919
S103384189,1803384189,2307124881,X107124886,S103384189,False,920,920
A165805568,0065805568,1460105730,O160105731,A165805568,False,921,921
Z222164525,4922164525,1718463968,R118463964,Z222164525,False,922,922
F144375211,0544375211,3755934263,M255934261,F144375211,False,923,923
I170762858,0870762858,2109286150,V109286155,I170762858,False,924,924
V144544059,7144544059,1980713765,T180713769,V144544059,True,925,925
S244765495,9344765495,0013231542,A113231546,S244765495,True,926,926
D253863680,7853863680,0240563086,C140563081,D253863680,True,927,927
A178023543,0078023543,3479095048,J279095045,A178023543,False,928,928
E273470691,7973470691,2823853426,D223853424,E273470691,True,929,929
S135664938,6835664938,0115621043,B115621049,S135664938,True,930,930
F244159335,8044159335,1834737381,S134737382,F244159335,True,931,931
K115606176,6015606176,3529177547,K229177547,K115606176,True,932,932
U263785419,9563785419,1399779556,N199779557,U263785419,True,933,933
M223519792,8723519792,2253686371,W153686375,M223519792,True,934,934
R104539721,1704539721,0724832606,H124832603,R104539721,False,935,935
W147653815,2247653815,2594016244,A294016246,W147653815,False,936,936
D290122193,2890122193,3639924601,L239924603,D290122193,False,937,937
I101105329,0801105329,0703517123,H103517125,I101105329,False,938,938
V281734626,4681734626,1358928069,N158928066,V281734626,False,939,939
N242484251,3842484251,0941172279,J141172279,N242484251,False,940,940
P125967983,6525967983,0309570165,D109570169,P125967983,True,941,941
H125636648,5725636648,2319241667,X119241660,H125636648,True,942,942
U114858969,2014858969,2799191483,C299191483,U114858969,False,943,943
E136777282,0436777282,3616718789,L216718782,E136777282,False,944,944
L219449857,3619449857,0149111412,B149111416,L219449857,False,945,945
P160306544,6560306544,0071176261,A171176263,P160306544,True,946,946
U158296556,7058296556,0032173660,A132173668,U158296556,True,947,947
X225513143,9825513143,0233060302,C133060307,X225513143,True,948,948
D278404070,2878404070,0481272390,E181272390,D278404070,False,949,949
A100189338,0000189338,3930945442,O230945444,A100189338,False,950,950
N103646395,1303646395,3489478314,J289478318,N103646395,False,951,951
H132417135,0732417135,1052997361,K152997366,H132417135,False,952,952
M144070556,1244070556,2903299974,E203299978,M144070556,False,953,953
N174120300,1374120300,0216797790,C116797797,N174120300,False,954,954
G119619523,0619619523,XXXXXXXXXX,A000000000,,False,955,-1
P265733785,4065733785,4909548882,Z209548885,P265733785,False,956,956
W266686514,9766686514,3827989678,N227989673,W266686514,True,957,957
L291543147,3691543147,4796039027,W296039020,L291543147,False,958,958
G151546669,0651546669,1865747978,S165747970,G151546669,False,959,959
V236182690,4636182690,2729253999,C229253998,V236182690,False,960,960
B146703988,5146703988,2791294958,C291294952,B146703988,True,961,961
A114585508,0014585508,2194550876,V194550874,A114585508,False,962,962
J128915101,5928915101,2806399806,D206399807,J128915101,True,963,963
K104784427,1004784427,3473740503,J273740503,K104784427,False,964,964
Q255722262,4155722262,0384199876,D184199875,Q255722262,False,965,965
U124232379,7024232379,1316898708,N116898704,U124232379,True,966,966
P154187373,6554187373,4905226895,Z205226897,P154187373,True,967,967
V149325741,2149325741,4132931548,Q232931548,V149325741,False,968,968
H150999238,5750999238,0685925896,G185925890,H150999238,True,969,969
A150916894,5050916894,4342806204,S242806200,A150916894,True,970,970
I230931960,3330931960,4967126859,Z267126859,I230931960,False,971,971
H144749204,0744749204,0587542075,F187542079,H144749204,False,972,972
B197100888,5197100888,0927588711,J127588717,B197100888,True,973,973
A238422582,7538422582,3128253170,G228253177,A238422582,True,974,974
Z180642013,2480642013,3238538237,H238538237,Z180642013,False,975,975
O205202582,8905202582,0435887785,E135887781,O205202582,True,976,976
J154726054,5954726054,1104233040,L104233043,J154726054,True,977,977
U211559881,9511559881,0212283903,C112283908,U211559881,True,978,978
X218496128,9818496128,1929480552,T129480557,X218496128,True,979,979
X284445939,4884445939,1534318801,P134318800,X284445939,False,980,980
V175819607,2175819607,1518031911,P118031919,V175819607,False,981,981
T176216331,1976216331,3755352834,M255352833,T176216331,False,982,982
Z236795252,4936795252,0454070760,E154070767,Z236795252,False,983,983
P190817452,1590817452,4633822063,V233822064,P190817452,False,984,984
W257258575,4757258575,4887310253,X287310255,W257258575,False,985,985
P247502719,9047502719,0049651756,A149651758,P247502719,True,986,986
H262870455,3262870455,4876255746,X276255743,H262870455,False,987,987
I210633196,8310633196,3145990906,G245990902,I210633196,True,988,988
N172171345,1372171345,0130980089,B130980086,N172171345,False,989,989
U281698679,4581698679,3154565983,G254565984,U281698679,False,990,990
I241116666,3341116666,1775082481,R175082486,I241116666,False,991,991
T121996357,1921996357,2009736062,U109736060,T121996357,False,992,992
B288579840,7688579840,0484407565,E184407562,B288579840,True,993,993
O144945364,1444945364,2546447999,A246447998,O144945364,False,994,994
B189504032,5189504032,3662326789,L262326787,B189504032,True,995,995
R164922573,1764922573,2770760723,C270760728,R164922573,False,996,996
T125564995,6925564995,2085778595,U185778595,T125564995,True,997,997
K248785344,3548785344,2870566309,D270566303,K248785344,False,998,998
Z150711210,2450711210,XXXXXXXXXX,A000000000,,False,999,-1
