ID,Numeric,Encrypted_Numeric,Encrypted_ID,Status,Swap_Index,Plus50,Decrypted_Numeric,Decrypted_ID
S900865254,9300865254,8147991182,G47991189,OK,-1,False,9300865254,S900865254
Z164716303,2464716303,4997199193,Z97199190,OK,-1,False,2464716303,Z164716303
A916535691,7516535691,8898836949,N98836945,OK,-1,False,7516535691,A916535691
I889664038,5889664038,6498026803,O98026805,OK,-1,False,5889664038,I889664038
K283983315,3583983315,XXXXXXXXXX,A000000000,FAILED,5,True,,
I845615644,5845615644,8117223066,G17223061,FIXED_50,-1,True,0845615644,I845615644
X226862029,3583983315,XXXXXXXXXX,A000000000,FAILED,7,True,,
C138796701,0238796701,XXXXXXXXXX,A000000000,FAILED,8,True,,
H895567910,3583983315,XXXXXXXXXX,A000000000,FAILED,9,True,,
V821228734,0238796701,4581278728,U81278720,OK,-1,False,0238796701,C138796701
V941635871,3583983315,4056119572,P56119571,FIXED_50,-1,True,8583983315,N1583983315
X152351282,2352351282,3093604646,F93604649,OK,-1,False,2352351282,X152351282
P920390246,9020390246,9785373835,W85373830,OK,-1,False,9020390246,P920390246
P261687504,4061687504,2947266012,E47266014,OK,-1,False,4061687504,P261687504
L224960578,3624960578,1968328778,T68328779,FIXED_50,-1,True,8624960578,N1624960578
C220481882,2720481882,XXXXXXXXXX,A000000000,FAILED,17,True,,
R229632010,4229632010,1314735532,N14735536,OK,-1,False,4229632010,R229632010
G282969345,3182969345,0702343169,H02343168,OK,-1,False,3182969345,G282969345
K247646008,2720481882,2253173046,W53173042,OK,-1,False,2720481882,C220481882
W805220918,7205220918,5389600463,D89600464,OK,-1,False,7205220918,W805220918
G289478132,3189478132,4328441678,S28441678,OK,-1,False,3189478132,G289478132
B118155418,0118155418,3408727520,J08727527,OK,-1,False,0118155418,B118155418
A840593561,5040593561,6975540176,T75540172,OK,-1,False,5040593561,A840593561
J932790592,8432790592,6828396502,S28396509,OK,-1,False,8432790592,J932790592
B188473056,0188473056,4843846661,X43846663,FIXED_50,-1,True,5188473056,K1188473056
U892734704,7092734704,7777995079,C77995075,OK,-1,False,7092734704,U892734704
M256818700,3756818700,2525218960,A25218967,FIXED_50,-1,True,8756818700,N1756818700
H104948161,0704948161,4792546658,W92546652,OK,-1,False,0704948161,H104948161
J853956883,5953956883,XXXXXXXXXX,A000000000,FAILED,29,True,,
R155725762,1755725762,2300668310,X00668314,FIXED_50,-1,True,6755725762,L1755725762
K980689172,5953956883,5677830634,G77830633,OK,-1,False,5953956883,J853956883
F206227996,3006227996,2337174637,X37174636,FIXED_50,-1,True,8006227996,N1006227996
J141416021,0941416021,4768026548,W68026543,FIXED_50,-1,True,5941416021,K1941416021
U286875603,4586875603,0485012700,E85012705,OK,-1,False,4586875603,U286875603
J901311025,8401311025,8108729197,G08729194,FIXED_50,-1,True,3401311025,J901311025
N289115886,3889115886,3974041276,O74041273,OK,-1,False,3889115886,N289115886
I192216471,0892216471,4301702584,S01702583,OK,-1,False,0892216471,I192216471
X285611017,4885611017,2080277778,U80277772,OK,-1,False,4885611017,X285611017
J933204102,8433204102,6391271005,N91271006,OK,-1,False,8433204102,J933204102
B910656012,7610656012,9286321819,R86321816,OK,-1,False,7610656012,B910656012
M224160659,3724160659,1773377887,R73377880,FIXED_50,-1,True,8724160659,N1724160659
Z848774792,7448774792,5820091996,I20091997,OK,-1,False,7448774792,Z848774792
N181343993,1381343993,1741133495,R41133498,FIXED_50,-1,True,6381343993,L1381343993
L267763902,3667763902,4193924507,Q93924500,OK,-1,False,3667763902,L267763902
P117249403,1517249403,XXXXXXXXXX,A000000000,FAILED,48,True,,
Q942091798,9142091798,7569692639,A69692634,FIXED_50,-1,True,4142091798,Q942091798
H811997187,5711997187,9118174999,Q18174993,FIXED_50,-1,True,0711997187,H811997187
J261673462,3461673462,1536862965,P36862962,OK,-1,False,3461673462,J261673462
F188438506,0588438506,XXXXXXXXXX,A000000000,FAILED,51,True,,
Z898611437,1517249403,0304247398,D04247398,OK,-1,False,1517249403,P117249403
G977572085,8177572085,7981361915,E81361918,FIXED_50,-1,True,3177572085,G977572085
V191443407,2191443407,2754666979,C54666979,OK,-1,False,2191443407,V191443407
N265394607,0588438506,XXXXXXXXXX,A000000000,FAILED,53,True,,
A163343609,0063343609,XXXXXXXXXX,A000000000,FAILED,56,True,,
J160823706,0588438506,1565180191,P65180193,OK,-1,False,0588438506,F188438506
Q292061148,4192061148,1582198372,P82198377,OK,-1,False,4192061148,Q292061148
B801550694,5101550694,XXXXXXXXXX,A000000000,FAILED,59,True,,
Q278373123,0063343609,2049413109,U49413101,OK,-1,False,0063343609,A163343609
E224550611,2924550611,3751977782,M51977786,FIXED_50,-1,True,7924550611,M1924550611
S298750824,4398750824,4066613115,P66613111,OK,-1,False,4398750824,S298750824
K965783768,5101550694,5323591761,D23591762,OK,-1,False,5101550694,B801550694
E988716671,7988716671,5194269296,B94269295,OK,-1,False,7988716671,E988716671
P167252647,1567252647,XXXXXXXXXX,A000000000,FAILED,63,True,,
O940017669,8940017669,XXXXXXXXXX,A000000000,FAILED,65,True,,
G827490456,1567252647,4848530837,X48530839,OK,-1,False,1567252647,P167252647
X815872413,7315872413,5952242238,J52242237,OK,-1,False,7315872413,X815872413
K271654774,8940017669,6015420747,K15420741,OK,-1,False,8940017669,O940017669
P903967118,9003967118,8566788283,K66788285,FIXED_50,-1,True,4003967118,P903967118
Z818783407,7418783407,XXXXXXXXXX,A000000000,FAILED,69,True,,
M801069375,6201069375,8777656070,M77656071,OK,-1,False,6201069375,M801069375
C254622066,7418783407,8232701721,H32701727,FIXED_50,-1,True,2418783407,Z818783407
X831531588,7331531588,9665472998,V65472992,FIXED_50,-1,True,2331531588,X831531588
U257961761,4557961761,XXXXXXXXXX,A000000000,FAILED,77,True,,
E188336873,0488336873,4261310741,R61310742,OK,-1,False,0488336873,E188336873
G907506222,8107506222,XXXXXXXXXX,A000000000,FAILED,77,True,,
Q222074279,4122074279,2295774934,W95774932,FIXED_50,-1,True,9122074279,O1122074279
A134950734,0034950734,1183878135,L83878139,OK,-1,False,0034950734,A134950734
A907108873,7507108873,5170803558,B70803553,OK,-1,False,7507108873,A907108873
S284166038,8107506222,6041855716,K41855710,OK,-1,False,8107506222,G907506222
E996079196,7996079196,XXXXXXXXXX,A000000000,FAILED,81,True,,
X178236575,2378236575,1781463188,R81463180,FIXED_50,-1,True,7378236575,M1378236575
P828073839,6528073839,XXXXXXXXXX,A000000000,FAILED,82,True,,
Z108118261,7996079196,5441178933,E41178937,OK,-1,False,7996079196,E996079196
K818349065,6528073839,XXXXXXXXXX,A000000000,FAILED,85,True,,
U840811258,7040811258,6949646883,T49646881,FIXED_50,-1,True,2040811258,U840811258
R960972359,9260972359,XXXXXXXXXX,A000000000,FAILED,86,True,,
S297517718,6528073839,6595744481,P95744485,OK,-1,False,6528073839,P828073839
I213051650,9260972359,7706524733,C06524731,FIXED_50,-1,True,4260972359,R960972359
M801143054,6201143054,6858199524,S58199527,OK,-1,False,6201143054,M801143054
Q220567646,4120567646,0558532966,F58532966,OK,-1,False,4120567646,Q220567646
Z909681723,9909681723,9305290391,S05290391,FIXED_50,-1,True,4909681723,Z909681723
L153106200,1153106200,XXXXXXXXXX,A000000000,FAILED,93,True,,
M121817248,1221817248,3825925850,N25925851,FIXED_50,-1,True,6221817248,L1221817248
Z851910417,7451910417,5833972942,I33972947,OK,-1,False,7451910417,Z851910417
V888207151,1153106200,XXXXXXXXXX,A000000000,FAILED,99,True,,
S892350788,6892350788,9147873145,Q47873147,OK,-1,False,6892350788,S892350788
W276024919,4776024919,1256626546,M56626540,OK,-1,False,4776024919,W276024919
T172664724,1972664724,2751127599,C51127591,OK,-1,False,1972664724,T172664724
I993757217,8393757217,9826600445,X26600443,OK,-1,False,8393757217,I993757217
T892458655,6992458655,6111865842,L11865842,OK,-1,False,6992458655,T892458655
C801227262,1153106200,XXXXXXXXXX,A000000000,FAILED,101,True,,
P944637399,9044637399,9749063524,W49063520,FIXED_50,-1,True,4044637399,P944637399
M137404202,1153106200,XXXXXXXXXX,A000000000,FAILED,103,True,,
D850912759,5350912759,XXXXXXXXXX,A000000000,FAILED,107,True,,
N122400408,1153106200,4681812688,V81812689,FIXED_50,-1,True,6153106200,L1153106200
F915418356,8015418356,8461593541,J61593543,OK,-1,False,8015418356,F915418356
M828777312,6228777312,7803133134,D03133131,OK,-1,False,6228777312,M828777312
O892989867,6492989867,7676606723,B76606729,OK,-1,False,6492989867,O892989867
Q923199644,5350912759,7916763208,E16763206,OK,-1,False,5350912759,D850912759
S207488135,4307488135,4273868402,R73868404,OK,-1,False,4307488135,S207488135
H205902483,3205902483,XXXXXXXXXX,A000000000,FAILED,112,True,,
X210025305,4810025305,4616883790,V16883794,FIXED_50,-1,True,9810025305,O1810025305
H109466397,0709466397,1152819882,L52819888,FIXED_50,-1,True,5709466397,K1709466397
T991148983,3205902483,2739153098,C39153097,FIXED_50,-1,True,8205902483,N1205902483
K915677368,8515677368,5490695853,E90695854,OK,-1,False,8515677368,K915677368
B237532651,2637532651,XXXXXXXXXX,A000000000,FAILED,117,True,,
T129150157,1929150157,XXXXXXXXXX,A000000000,FAILED,117,True,,
R106366520,1706366520,1942317116,T42317114,OK,-1,False,1706366520,R106366520
U214382944,1929150157,4028066634,P28066636,FIXED_50,-1,True,6929150157,L1929150157
Q142575220,1642575220,0387733870,D87733877,OK,-1,False,1642575220,Q142575220
H114916537,0714916537,4849260084,X49260087,OK,-1,False,0714916537,H114916537
B980574847,7680574847,7645761509,B45761508,OK,-1,False,7680574847,B980574847
O818071806,6418071806,XXXXXXXXXX,A000000000,FAILED,123,True,,
T211920816,4411920816,0277786541,C77786543,OK,-1,False,4411920816,T211920816
D181946781,6418071806,6071087679,K71087677,FIXED_50,-1,True,1418071806,O818071806
J240038123,3440038123,0251661401,C51661407,FIXED_50,-1,True,8440038123,N1440038123
L130229308,1130229308,XXXXXXXXXX,A000000000,FAILED,129,True,,
M947022638,8747022638,XXXXXXXXXX,A000000000,FAILED,128,True,,
U894264956,7094264956,XXXXXXXXXX,A000000000,FAILED,129,True,,
N140271067,8747022638,6288555169,M88555163,OK,-1,False,8747022638,M947022638
Q222610220,7094264956,5342990984,D42990981,OK,-1,False,7094264956,U894264956
S213993067,4313993067,XXXXXXXXXX,A000000000,FAILED,132,True,,
E196602804,0496602804,2518316953,A18316958,OK,-1,False,0496602804,E196602804
A158325260,4313993067,1539853815,P39853812,FIXED_50,-1,True,9313993067,O1313993067
K253998246,3553998246,XXXXXXXXXX,A000000000,FAILED,137,True,,
U872716255,7072716255,9375751105,S75751103,OK,-1,False,7072716255,U872716255
A179468993,0079468993,XXXXXXXXXX,A000000000,FAILED,137,True,,
D917573894,7817573894,6807945291,S07945299,FIXED_50,-1,True,2817573894,D917573894
F848637154,0079468993,1653328826,Q53328826,OK,-1,False,0079468993,A179468993
S265774645,4365774645,1638547115,Q38547110,OK,-1,False,4365774645,S265774645
O999289166,8999289166,7450622251,Z50622258,OK,-1,False,8999289166,O999289166
U934558662,9534558662,6619709676,Q19709676,OK,-1,False,9534558662,U934558662
C228591081,2728591081,4453354669,T53354661,FIXED_50,-1,True,7728591081,M1728591081
L146668259,1146668259,3104171097,G04171090,OK,-1,False,1146668259,L146668259
W139283489,2239283489,2714579894,C14579899,OK,-1,False,2239283489,W139283489
V820512586,7120512586,XXXXXXXXXX,A000000000,FAILED,147,True,,
R167198051,1767198051,XXXXXXXXXX,A000000000,FAILED,148,True,,
W241801864,4741801864,0641978255,G41978257,FIXED_50,-1,True,9741801864,O1741801864
O285558903,7120512586,6871245975,S71245979,FIXED_50,-1,True,2120512586,V820512586
B181763100,1767198051,2222868043,W22868043,OK,-1,False,1767198051,R167198051
B934468603,7634468603,7125729498,V25729492,OK,-1,False,7634468603,B934468603
G281173961,3181173961,3283110668,H83110669,OK,-1,False,3181173961,G281173961
F804851478,5504851478,9509724343,U09724345,OK,-1,False,5504851478,F804851478
H189752105,0789752105,2272658406,W72658408,FIXED_50,-1,True,5789752105,K1789752105
Q106232055,1606232055,4231030260,R31030268,FIXED_50,-1,True,6606232055,L1606232055
A164377949,0064377949,4937806161,Z37806165,OK,-1,False,0064377949,A164377949
I986630041,8386630041,6841235247,S41235241,OK,-1,False,8386630041,I986630041
J200253904,3400253904,XXXXXXXXXX,A000000000,FAILED,158,True,,
F125259818,0525259818,1596838694,P96838697,OK,-1,False,0525259818,F125259818
Z245797639,3400253904,4652840996,V52840991,FIXED_50,-1,True,8400253904,N1400253904
F230255600,3030255600,XXXXXXXXXX,A000000000,FAILED,161,True,,
D283212771,2883212771,1838828695,S38828694,OK,-1,False,2883212771,D283212771
Z968362183,3030255600,1166126269,L66126261,OK,-1,False,3030255600,F230255600
I177416751,0877416751,0121269734,B21269734,FIXED_50,-1,True,5877416751,K1877416751
I124710622,0824710622,4345046840,S45046846,OK,-1,False,0824710622,I124710622
H813087193,5713087193,6431442373,O31442376,FIXED_50,-1,True,0713087193,H813087193
V122371025,2122371025,1689973197,Q89973191,OK,-1,False,2122371025,V122371025
J824333876,5924333876,5101219533,B01219536,FIXED_50,-1,True,0924333876,J824333876
B909049378,7609049378,XXXXXXXXXX,A000000000,FAILED,170,True,,
P812001872,6512001872,6491940464,O91940464,OK,-1,False,6512001872,P812001872
L234181552,3634181552,XXXXXXXXXX,A000000000,FAILED,171,True,,
Z955786071,7609049378,9670507820,V70507822,OK,-1,False,7609049378,B909049378
H953465557,3634181552,0612811709,G12811707,FIXED_50,-1,True,8634181552,N1634181552
A891211661,5091211661,5046954031,A46954031,OK,-1,False,5091211661,A891211661
B918892565,7618892565,9217299064,R17299063,OK,-1,False,7618892565,B918892565
A902491828,7502491828,5664913223,G64913221,OK,-1,False,7502491828,A902491828
X239988130,4839988130,2674298240,B74298243,FIXED_50,-1,True,9839988130,O1839988130
V291217963,4691217963,3716514072,M16514072,FIXED_50,-1,True,9691217963,O1691217963
G818420991,5618420991,8502350538,K02350536,OK,-1,False,5618420991,G818420991
G255892468,3155892468,3892706571,N92706579,FIXED_50,-1,True,8155892468,N1155892468
U906563135,9506563135,XXXXXXXXXX,A000000000,FAILED,181,True,,
J999114436,8499114436,7310287512,X10287512,OK,-1,False,8499114436,J999114436
P872736690,9506563135,5425206698,E25206696,OK,-1,False,9506563135,U906563135
B954623833,7654623833,XXXXXXXXXX,A000000000,FAILED,184,True,,
S826456422,6826456422,6670527188,Q70527185,FIXED_50,-1,True,1826456422,S826456422
U896536508,7654623833,5233168042,C33168041,FIXED_50,-1,True,2654623833,B954623833
H247564429,3247564429,XXXXXXXXXX,A000000000,FAILED,188,True,,
E252830026,2952830026,4129313502,Q29313500,FIXED_50,-1,True,7952830026,M1952830026
X142547598,2342547598,XXXXXXXXXX,A000000000,FAILED,189,True,,
A283301583,3247564429,2752372067,C52372063,OK,-1,False,3247564429,H247564429
P954315962,2342547598,0524724774,F24724772,OK,-1,False,2342547598,X142547598
U174755649,2074755649,3885766083,N85766083,OK,-1,False,2074755649,U174755649
C136064760,0236064760,3167085638,G67085633,OK,-1,False,0236064760,C136064760
V962269411,9662269411,8701587201,M01587209,OK,-1,False,9662269411,V962269411
G909793616,8109793616,8961855179,O61855178,FIXED_50,-1,True,3109793616,G909793616
G844268314,5644268314,5700576091,H00576092,OK,-1,False,5644268314,G844268314
L247135608,3647135608,1992104383,T92104381,FIXED_50,-1,True,8647135608,N1647135608
F146896099,0546896099,1232399474,M32399475,OK,-1,False,0546896099,F146896099
X907994591,9807994591,9184548065,Q84548069,OK,-1,False,9807994591,X907994591
H143045298,0743045298,1026006370,K26006379,OK,-1,False,0743045298,H143045298
C879665729,5279665729,XXXXXXXXXX,A000000000,FAILED,201,True,,
E247204130,2947204130,1774550487,R74550481,OK,-1,False,2947204130,E247204130
Z823223230,5279665729,XXXXXXXXXX,A000000000,FAILED,204,True,,
F148133942,0548133942,XXXXXXXXXX,A000000000,FAILED,206,True,,
W277338314,4777338314,1002855445,K02855441,OK,-1,False,4777338314,W277338314
Q997336788,5279665729,8057922085,F57922088,OK,-1,False,5279665729,C879665729
S813642996,6813642996,5433947895,E33947893,FIXED_50,-1,True,1813642996,S813642996
B124723762,0548133942,4220470460,R20470461,FIXED_50,-1,True,5548133942,K1548133942
W186518122,2286518122,4943969489,Z43969486,OK,-1,False,2286518122,W186518122
T820878461,6920878461,7435809046,Z35809044,OK,-1,False,6920878461,T820878461
W917328403,9717328403,5992593727,J92593722,OK,-1,False,9717328403,W917328403
Q163688606,1663688606,XXXXXXXXXX,A000000000,FAILED,212,True,,
I261941021,3361941021,4234841376,R34841370,OK,-1,False,3361941021,I261941021
I156433789,1663688606,XXXXXXXXXX,A000000000,FAILED,214,True,,
C998536727,7798536727,XXXXXXXXXX,A000000000,FAILED,216,True,,
V128782380,1663688606,0905451396,J05451391,OK,-1,False,1663688606,Q163688606
G193758749,0693758749,XXXXXXXXXX,A000000000,FAILED,219,True,,
D218855239,7798536727,9791940327,W91940329,OK,-1,False,7798536727,C998536727
E815525988,5415525988,XXXXXXXXXX,A000000000,FAILED,223,True,,
X125734113,2325734113,0947098878,J47098876,OK,-1,False,2325734113,X125734113
T152443578,0693758749,XXXXXXXXXX,A000000000,FAILED,221,True,,
Q226073134,4126073134,4340572017,S40572010,OK,-1,False,4126073134,Q226073134
O956532775,0693758749,2636760586,B36760580,OK,-1,False,0693758749,G193758749
O233163661,3933163661,4480721995,T80721990,FIXED_50,-1,True,8933163661,N1933163661
H879665742,5415525988,XXXXXXXXXX,A000000000,FAILED,225,True,,
A924391149,7524391149,5490264171,E90264171,OK,-1,False,7524391149,A924391149
K224035703,5415525988,5015939294,A15939291,OK,-1,False,5415525988,E815525988
O885045832,6485045832,7746448875,C46448872,OK,-1,False,6485045832,O885045832
V830254153,7130254153,7845063154,D45063152,OK,-1,False,7130254153,V830254153
X804814727,7304814727,7218722611,W18722618,FIXED_50,-1,True,2304814727,X804814727
B898804647,5198804647,5146806774,B46806773,OK,-1,False,5198804647,B898804647
E972353855,7972353855,9923261045,Z23261045,FIXED_50,-1,True,2972353855,E972353855
S257098243,4357098243,1661278661,Q61278666,FIXED_50,-1,True,9357098243,O1357098243
F910294178,8010294178,9254032146,R54032148,OK,-1,False,8010294178,F910294178
B229219747,2629219747,2883867424,D83867427,OK,-1,False,2629219747,B229219747
F297090909,3097090909,XXXXXXXXXX,A000000000,FAILED,236,True,,
C109094690,0209094690,XXXXXXXXXX,A000000000,FAILED,248,True,,
Q170534944,3097090909,2354989181,X54989186,FIXED_50,-1,True,8097090909,N1097090909
G838555584,5638555584,7194674188,V94674186,OK,-1,False,5638555584,G838555584
C284476107,2784476107,4679443078,V79443076,FIXED_50,-1,True,7784476107,M1784476107
J880489080,5980489080,XXXXXXXXXX,A000000000,FAILED,245,True,,
E262846116,2962846116,3453270628,J53270626,OK,-1,False,2962846116,E262846116
T218815774,4418815774,4813274266,X13274266,FIXED_50,-1,True,9418815774,O1418815774
W933342958,9733342958,7141805525,V41805522,FIXED_50,-1,True,4733342958,W933342958
X939510672,9839510672,8482602501,J82602501,FIXED_50,-1,True,4839510672,X939510672
P102515007,1502515007,0109402477,B09402477,OK,-1,False,1502515007,P102515007
A973722163,5980489080,7864014517,D64014517,OK,-1,False,5980489080,J880489080
P240970424,4040970424,4360591739,S60591735,OK,-1,False,4040970424,P240970424
L157711038,1157711038,1766499659,R66499657,OK,-1,False,1157711038,L157711038
G868246141,0209094690,4147834279,Q47834271,OK,-1,False,0209094690,C109094690
O898404096,6498404096,5412586498,E12586498,FIXED_50,-1,True,1498404096,O898404096
Q193061391,1693061391,XXXXXXXXXX,A000000000,FAILED,252,True,,
T815308621,6915308621,6137403580,L37403584,OK,-1,False,6915308621,T815308621
O891960779,1693061391,XXXXXXXXXX,A000000000,FAILED,254,True,,
W289749630,4789749630,3830022892,N30022894,OK,-1,False,4789749630,W289749630
B195731143,1693061391,0511299216,F11299215,OK,-1,False,1693061391,Q193061391
M950320349,8750320349,6354380461,N54380466,OK,-1,False,8750320349,M950320349
M280937107,3780937107,2499065588,Z99065588,OK,-1,False,3780937107,M280937107
J102027375,0902027375,2749952658,C49952655,FIXED_50,-1,True,5902027375,K1902027375
H273185494,3273185494,XXXXXXXXXX,A000000000,FAILED,261,True,,
K885566010,6085566010,8403001060,J03001068,OK,-1,False,6085566010,K885566010
O212919716,3912919716,2433544504,Z33544500,FIXED_50,-1,True,8912919716,N1912919716
I985124179,3273185494,1302325553,N02325557,OK,-1,False,3273185494,H273185494
K291240249,3591240249,1859189645,S59189647,OK,-1,False,3591240249,K291240249
F177122088,0577122088,1183831384,L83831387,FIXED_50,-1,True,5577122088,K1577122088
R145153709,1745153709,1488199907,O88199904,OK,-1,False,1745153709,R145153709
O121825270,1421825270,2671502000,B71502008,OK,-1,False,1421825270,O121825270
T861142211,6961142211,6716986091,R16986092,OK,-1,False,6961142211,T861142211
S104148696,1804148696,2102419485,V02419480,OK,-1,False,1804148696,S104148696
J204668241,3404668241,0924688074,J24688078,OK,-1,False,3404668241,J204668241
R200231137,4200231137,4019484417,P19484411,OK,-1,False,4200231137,R200231137
K110920966,1010920966,0316289943,D16289940,FIXED_50,-1,True,6010920966,L1010920966
N800144012,6300144012,7442180073,Z42180072,FIXED_50,-1,True,1300144012,N800144012
A256850735,2556850735,XXXXXXXXXX,A000000000,FAILED,274,True,,
H244152329,3244152329,4269731733,R69731734,FIXED_50,-1,True,8244152329,N1244152329
I844909012,2556850735,XXXXXXXXXX,A000000000,FAILED,277,True,,
K993419380,8593419380,9632951597,V32951595,FIXED_50,-1,True,3593419380,K993419380
F152160288,0552160288,3425896409,J25896405,OK,-1,False,0552160288,F152160288
L947606857,2556850735,3013239630,F13239639,OK,-1,False,2556850735,A256850735
D199711210,0399711210,3336584865,I36584867,FIXED_50,-1,True,5399711210,K1399711210
I259599740,3359599740,0021997616,A21997616,OK,-1,False,3359599740,I259599740
X231780874,4831780874,3767096048,M67096041,OK,-1,False,4831780874,X231780874
P205623375,4005623375,3914418134,O14418132,FIXED_50,-1,True,9005623375,O1005623375
N129237930,1329237930,XXXXXXXXXX,A000000000,FAILED,289,True,,
J126204105,0926204105,2913086231,E13086235,FIXED_50,-1,True,5926204105,K1926204105
G133406199,0633406199,1315569568,N15569563,FIXED_50,-1,True,5633406199,K1633406199
H216417137,3216417137,3169836669,G69836665,OK,-1,False,3216417137,H216417137
A896499629,5096499629,8281750223,H81750221,OK,-1,False,5096499629,A896499629
Q866653805,6666653805,9522365797,U22365791,OK,-1,False,6666653805,Q866653805
A238346890,2538346890,2512331254,A12331255,OK,-1,False,2538346890,A238346890
W806634489,1329237930,4615298196,V15298193,OK,-1,False,1329237930,N129237930
L135172484,1135172484,4936762456,Z36762459,FIXED_50,-1,True,6135172484,L1135172484
X186873966,2386873966,1260646894,M60646890,OK,-1,False,2386873966,X186873966
L219554942,3619554942,XXXXXXXXXX,A000000000,FAILED,295,True,,
Q251296038,4151296038,XXXXXXXXXX,A000000000,FAILED,296,True,,
O919113243,8919113243,7818976450,D18976451,OK,-1,False,8919113243,O919113243
V810656571,3619554942,3578968953,K78968959,FIXED_50,-1,True,8619554942,N1619554942
H836663977,4151296038,1292547330,M92547335,FIXED_50,-1,True,9151296038,O1151296038
Z951198995,9951198995,6696845554,Q96845553,OK,-1,False,9951198995,Z951198995
V968084430,9668084430,5042599534,A42599534,FIXED_50,-1,True,4668084430,V968084430
X134709986,2334709986,0981804292,J81804292,OK,-1,False,2334709986,X134709986
B959083508,7659083508,5977481722,J77481721,OK,-1,False,7659083508,B959083508
G248759725,3148759725,1537802298,P37802291,OK,-1,False,3148759725,G248759725
J190188167,0990188167,XXXXXXXXXX,A000000000,FAILED,304,True,,
U266263116,4566263116,4671782323,V71782325,FIXED_50,-1,True,9566263116,O1566263116
C856119662,0990188167,2413315263,Z13315263,FIXED_50,-1,True,5990188167,K1990188167
I268323049,3368323049,1892121854,S92121854,OK,-1,False,3368323049,I268323049
U166148014,2066148014,3458661021,J58661029,OK,-1,False,2066148014,U166148014
Q212013826,4112013826,3926872475,O26872477,FIXED_50,-1,True,9112013826,O1112013826
J994801470,8494801470,7148081596,V48081593,FIXED_50,-1,True,3494801470,J994801470
N152471620,1352471620,0854231245,I54231241,FIXED_50,-1,True,6352471620,L1352471620
S973463799,9373463799,7469506577,Z69506570,OK,-1,False,9373463799,S973463799
G116005634,0616005634,3931453331,O31453331,OK,-1,False,0616005634,G116005634
U991533232,9591533232,5260827056,C60827051,OK,-1,False,9591533232,U991533232
Z188832911,2488832911,0774053364,H74053364,FIXED_50,-1,True,7488832911,M1488832911
D970645902,7870645902,XXXXXXXXXX,A000000000,FAILED,317,True,,
L841845956,6141845956,7138969541,V38969544,FIXED_50,-1,True,1141845956,L841845956
K814580122,6014580122,8167648812,G67648812,OK,-1,False,6014580122,K814580122
R284578751,7870645902,7134487318,V34487318,OK,-1,False,7870645902,D970645902
F811525214,5511525214,6590751357,P90751355,OK,-1,False,5511525214,F811525214
H838262094,5738262094,9284887707,R84887704,FIXED_50,-1,True,0738262094,H838262094
O252289448,3952289448,1231987374,M31987373,FIXED_50,-1,True,8952289448,N1952289448
D838413346,5338413346,8437093428,J37093427,OK,-1,False,5338413346,D838413346
Q931642752,9131642752,6663826726,Q63826726,FIXED_50,-1,True,4131642752,Q931642752
X229833628,4829833628,3057176406,F57176402,FIXED_50,-1,True,9829833628,O1829833628
M904808401,8704808401,6001721260,K01721262,OK,-1,False,8704808401,M904808401
B999802176,7699802176,9783480509,W83480501,OK,-1,False,7699802176,B999802176
U281714187,4581714187,3384039854,I84039855,OK,-1,False,4581714187,U281714187
F984650502,8084650502,XXXXXXXXXX,A000000000,FAILED,329,True,,
T105130948,1905130948,XXXXXXXXXX,A000000000,FAILED,331,True,,
V901827886,8084650502,7514950632,A14950636,OK,-1,False,8084650502,F984650502
U922145600,9522145600,8745641712,M45641715,OK,-1,False,9522145600,U922145600
S835485244,1905130948,3917057976,O17057971,FIXED_50,-1,True,6905130948,L1905130948
K140432246,1040432246,1524841098,P24841097,OK,-1,False,1040432246,K140432246
J920818361,8420818361,8217535114,H17535110,OK,-1,False,8420818361,J920818361
W808834209,7208834209,9359000608,S59000601,FIXED_50,-1,True,2208834209,W808834209
V290879558,4690879558,XXXXXXXXXX,A000000000,FAILED,338,True,,
I803150308,5803150308,XXXXXXXXXX,A000000000,FAILED,340,True,,
K173400727,1073400727,2206103269,W06103261,FIXED_50,-1,True,6073400727,L1073400727
A823056452,4690879558,3913590604,O13590608,OK,-1,False,4690879558,V290879558
Q830817360,6630817360,5910295061,J10295069,OK,-1,False,6630817360,Q830817360
A255014922,5803150308,8254531088,H54531087,OK,-1,False,5803150308,I803150308
L862879961,6162879961,6904846634,T04846638,OK,-1,False,6162879961,L862879961
D125272668,0325272668,2506368717,A06368719,OK,-1,False,0325272668,D125272668
N138553661,1338553661,XXXXXXXXXX,A000000000,FAILED,347,True,,
Z252019819,4952019819,3221019249,H21019241,OK,-1,False,4952019819,Z252019819
N833973836,6333973836,6013531781,K13531787,OK,-1,False,6333973836,N833973836
F262056784,3062056784,2957050862,E57050868,OK,-1,False,3062056784,F262056784
Z265499143,1338553661,2297498263,W97498266,OK,-1,False,1338553661,N138553661
X916075778,9816075778,7947058677,E47058678,OK,-1,False,9816075778,X916075778
P145901954,1545901954,1974811047,T74811043,OK,-1,False,1545901954,P145901954
M245759450,3745759450,0820813300,I20813300,OK,-1,False,3745759450,M245759450
V917328625,9617328625,8720482301,M20482309,FIXED_50,-1,True,4617328625,V917328625
X193919084,2393919084,4173230384,Q73230383,OK,-1,False,2393919084,X193919084
X941560379,9841560379,XXXXXXXXXX,A000000000,FAILED,361,True,,
V903494714,9603494714,8734119275,M34119275,OK,-1,False,9603494714,V903494714
P264537663,4064537663,XXXXXXXXXX,A000000000,FAILED,360,True,,
W938958787,9738958787,7304964908,X04964900,FIXED_50,-1,True,4738958787,W938958787
D121509968,0321509968,2568164967,A68164968,OK,-1,False,0321509968,D121509968
A249273684,2549273684,1046476533,K46476537,OK,-1,False,2549273684,A249273684
H833977429,5733977429,9060378030,P60378037,FIXED_50,-1,True,0733977429,H833977429
V932617052,4064537663,3233012906,H33012903,OK,-1,False,4064537663,P264537663
Z110049897,9841560379,8368390367,I68390366,OK,-1,False,9841560379,X941560379
W135263481,2235263481,XXXXXXXXXX,A000000000,FAILED,367,True,,
Q131678381,1631678381,1428831680,O28831687,OK,-1,False,1631678381,Q131678381
Q879877631,6679877631,5195291619,B95291611,FIXED_50,-1,True,1679877631,Q879877631
M277628671,3777628671,4784028003,W84028001,OK,-1,False,3777628671,M277628671
R826946260,6726946260,6224371484,M24371485,OK,-1,False,6726946260,R826946260
Z988676320,2235263481,0462325810,E62325816,OK,-1,False,2235263481,W135263481
X996986341,9896986341,5091241946,A91241945,OK,-1,False,9896986341,X996986341
P821560188,6521560188,9917798626,Z17798620,OK,-1,False,6521560188,P821560188
G918840691,8118840691,5152825714,B52825711,FIXED_50,-1,True,3118840691,G918840691
L261035123,3661035123,XXXXXXXXXX,A000000000,FAILED,373,True,,
B250668403,2650668403,0868480281,I68480289,OK,-1,False,2650668403,B250668403
O850266725,3661035123,XXXXXXXXXX,A000000000,FAILED,375,True,,
Q855396326,6655396326,8754597226,M54597220,FIXED_50,-1,True,1655396326,Q855396326
O127151395,3661035123,1796795335,R96795331,FIXED_50,-1,True,8661035123,N1661035123
D853907652,5353907652,9686813273,V86813279,OK,-1,False,5353907652,D853907652
H149933395,0749933395,1829565078,S29565077,OK,-1,False,0749933395,H149933395
U160726470,2060726470,XXXXXXXXXX,A000000000,FAILED,380,True,,
U269449565,4569449565,1757931379,R57931375,OK,-1,False,4569449565,U269449565
Q826977255,2060726470,2352014225,X52014220,FIXED_50,-1,True,7060726470,M1060726470
S960019385,9360019385,5514733206,F14733209,FIXED_50,-1,True,4360019385,S960019385
W898646626,7298646626,5736141544,H36141547,OK,-1,False,7298646626,W898646626
F816642587,5516642587,5491011963,E91011969,FIXED_50,-1,True,0516642587,F816642587
W176823367,2276823367,2227795152,W27795152,FIXED_50,-1,True,7276823367,M1276823367
H295101956,3295101956,3114967147,G14967142,OK,-1,False,3295101956,H295101956
E845046114,5445046114,5127617099,B27617096,OK,-1,False,5445046114,E845046114
G926817115,8126817115,9120009329,Q20009321,FIXED_50,-1,True,3126817115,G926817115
A991067334,7591067334,6036452835,K36452832,OK,-1,False,7591067334,A991067334
T876057096,6976057096,8451250246,J51250246,OK,-1,False,6976057096,T876057096
Z905116029,9905116029,7708532542,C08532544,OK,-1,False,9905116029,Z905116029
W112335331,2212335331,2880489814,D80489814,FIXED_50,-1,True,7212335331,M1212335331
N223073998,3823073998,XXXXXXXXXX,A000000000,FAILED,395,True,,
W878392841,7278392841,9034325198,P34325195,OK,-1,False,7278392841,W878392841
M281614096,3781614096,XXXXXXXXXX,A000000000,FAILED,396,True,,
Q937187554,3823073998,3370194726,I70194727,OK,-1,False,3823073998,N223073998
D835911498,3781614096,0204932825,C04932828,OK,-1,False,3781614096,M281614096
S229450797,4329450797,XXXXXXXXXX,A000000000,FAILED,401,True,,
U834794282,7034794282,8412216469,J12216460,OK,-1,False,7034794282,U834794282
V291015790,4691015790,XXXXXXXXXX,A000000000,FAILED,401,True,,
J926351338,8426351338,XXXXXXXXXX,A000000000,FAILED,402,True,,
Q829222748,4691015790,1124255002,L24255007,OK,-1,False,4691015790,V291015790
Z293864249,8426351338,8525242380,K25242386,FIXED_50,-1,True,3426351338,J926351338
E988312593,7988312593,7296330198,W96330198,OK,-1,False,7988312593,E988312593
C260384924,2760384924,2420202991,Z20202995,OK,-1,False,2760384924,C260384924
V886401240,7186401240,5903861158,J03861151,FIXED_50,-1,True,2186401240,V886401240
S921800164,9321800164,6068943807,K68943808,FIXED_50,-1,True,4321800164,S921800164
T117660611,1917660611,1040133805,K40133800,FIXED_50,-1,True,6917660611,L1917660611
G943815124,8143815124,XXXXXXXXXX,A000000000,FAILED,410,True,,
J291958352,3491958352,0355296960,D55296961,OK,-1,False,3491958352,J291958352
E298478657,8143815124,9068312742,P68312746,OK,-1,False,8143815124,G943815124
J991656526,8491656526,XXXXXXXXXX,A000000000,FAILED,415,True,,
F916989854,8016989854,6179216775,L79216778,OK,-1,False,8016989854,F916989854
Q861855676,6661855676,6120847844,L20847843,FIXED_50,-1,True,1661855676,Q861855676
T952091141,9452091141,6699891878,Q99891879,FIXED_50,-1,True,4452091141,T952091141
W907922202,8491656526,7737124224,C37124225,FIXED_50,-1,True,3491656526,J991656526
P978273032,9078273032,9299380146,R99380141,OK,-1,False,9078273032,P978273032
R268198888,4268198888,3715184368,M15184365,OK,-1,False,4268198888,R268198888
H203572049,3203572049,3236493274,H36493277,OK,-1,False,3203572049,H203572049
V918437963,9618437963,XXXXXXXXXX,A000000000,FAILED,422,True,,
K251156839,3551156839,XXXXXXXXXX,A000000000,FAILED,425,True,,
A138200799,0038200799,0109325617,B09325617,OK,-1,False,0038200799,A138200799
H924714694,9618437963,XXXXXXXXXX,A000000000,FAILED,424,True,,
D206468637,2806468637,1633555032,Q33555032,OK,-1,False,2806468637,D206468637
E153613269,9618437963,5726579813,H26579815,FIXED_50,-1,True,4618437963,V918437963
V928148213,3551156839,0771741180,H71741189,OK,-1,False,3551156839,K251156839
G278277898,3178277898,XXXXXXXXXX,A000000000,FAILED,428,True,,
K884235552,6084235552,XXXXXXXXXX,A000000000,FAILED,432,True,,
R259333486,3178277898,0772203916,H72203919,OK,-1,False,3178277898,G278277898
T213844480,4413844480,XXXXXXXXXX,A000000000,FAILED,431,True,,
V162558266,2162558266,1556719124,P56719122,FIXED_50,-1,True,7162558266,M1162558266
R901604316,4413844480,4481053485,T81053482,OK,-1,False,4413844480,T213844480
S998615575,6084235552,9391634745,S91634741,FIXED_50,-1,True,1084235552,K884235552
E184729943,0484729943,3491250001,J91250002,OK,-1,False,0484729943,E184729943
J915477518,8415477518,XXXXXXXXXX,A000000000,FAILED,437,True,,
V859379862,7159379862,6727132860,R27132868,OK,-1,False,7159379862,V859379862
T199463490,1999463490,1451398092,O51398099,OK,-1,False,1999463490,T199463490
C976496331,8415477518,XXXXXXXXXX,A000000000,FAILED,440,True,,
L225259645,3625259645,2094799279,U94799272,FIXED_50,-1,True,8625259645,N1625259645
N165673683,1365673683,XXXXXXXXXX,A000000000,FAILED,441,True,,
Q936482621,8415477518,9000709851,P00709856,OK,-1,False,8415477518,J915477518
E951042400,1365673683,1245606601,M45606603,FIXED_50,-1,True,6365673683,L1365673683
T108256216,1908256216,3489599436,J89599432,OK,-1,False,1908256216,T108256216
U161176778,2061176778,XXXXXXXXXX,A000000000,FAILED,450,True,,
G215913059,3115913059,3999537318,O99537314,OK,-1,False,3115913059,G215913059
H843877258,5743877258,5708353807,H08353804,FIXED_50,-1,True,0743877258,H843877258
H133544739,0733544739,3696575075,L96575078,OK,-1,False,0733544739,H133544739
X966458861,9866458861,8043298960,F43298962,FIXED_50,-1,True,4866458861,X966458861
B145577457,0145577457,0791051401,H91051408,FIXED_50,-1,True,5145577457,K1145577457
P858292226,6558292226,XXXXXXXXXX,A000000000,FAILED,453,True,,
R260526246,2061176778,3553401047,K53401042,FIXED_50,-1,True,7061176778,M1061176778
A142246150,0042246150,1646138423,Q46138429,OK,-1,False,0042246150,A142246150
H155551863,0755551863,0725512759,H25512750,OK,-1,False,0755551863,H155551863
W172599673,6558292226,8834798499,N34798491,FIXED_50,-1,True,1558292226,P858292226
W884144422,7284144422,6160447415,L60447416,OK,-1,False,7284144422,W884144422
X210480600,4810480600,1176881319,L76881313,FIXED_50,-1,True,9810480600,O1810480600
C159544823,0259544823,2670239445,B70239444,OK,-1,False,0259544823,C159544823
Q938990395,9138990395,6023368655,K23368652,OK,-1,False,9138990395,Q938990395
N127905560,1327905560,3816813103,N16813106,OK,-1,False,1327905560,N127905560
K942189628,8542189628,7366298586,X66298587,OK,-1,False,8542189628,K942189628
Q103053285,1603053285,XXXXXXXXXX,A000000000,FAILED,464,True,,
R238442739,4238442739,1944650797,T44650792,OK,-1,False,4238442739,R238442739
N140434957,1340434957,4679934646,V79934643,OK,-1,False,1340434957,N140434957
Z186016875,2486016875,0274749651,C74749655,FIXED_50,-1,True,7486016875,M1486016875
T256428220,1603053285,XXXXXXXXXX,A000000000,FAILED,468,True,,
F987053354,8087053354,9607241542,V07241540,FIXED_50,-1,True,3087053354,F987053354
H245255605,3245255605,XXXXXXXXXX,A000000000,FAILED,468,True,,
H843784856,5743784856,5383936230,D83936232,OK,-1,False,5743784856,H843784856
E145182264,3245255605,0398437560,D98437564,OK,-1,False,3245255605,H245255605
J915677545,8415677545,5465262531,E65262534,FIXED_50,-1,True,3415677545,J915677545
T962983576,9462983576,XXXXXXXXXX,A000000000,FAILED,472,True,,
L112643668,1112643668,2318344408,X18344403,OK,-1,False,1112643668,L112643668
Q831248743,9462983576,5121693412,B21693412,OK,-1,False,9462983576,T962983576
R283535501,4283535501,1415718729,O15718728,OK,-1,False,4283535501,R283535501
O135091175,1435091175,4840963699,X40963694,FIXED_50,-1,True,6435091175,L1435091175
J242283386,3442283386,0323019190,D23019190,FIXED_50,-1,True,8442283386,N1442283386
D182702103,0382702103,4078954264,P78954261,OK,-1,False,0382702103,D182702103
K162699530,1062699530,XXXXXXXXXX,A000000000,FAILED,482,True,,
K274185472,3574185472,4560164407,U60164409,OK,-1,False,3574185472,K274185472
U880797273,7080797273,7257473269,W57473261,FIXED_50,-1,True,2080797273,U880797273
S109489709,1809489709,3757284377,M57284379,FIXED_50,-1,True,6809489709,L1809489709
U150282658,2050282658,2156036071,V56036071,FIXED_50,-1,True,7050282658,M1050282658
E275383226,1062699530,1788693179,R88693177,OK,-1,False,1062699530,K162699530
B264679932,2664679932,XXXXXXXXXX,A000000000,FAILED,487,True,,
G994525008,8194525008,9917025380,Z17025382,OK,-1,False,8194525008,G994525008
X223380066,4823380066,XXXXXXXXXX,A000000000,FAILED,491,True,,
F276131478,3076131478,XXXXXXXXXX,A000000000,FAILED,491,True,,
M145004789,2664679932,XXXXXXXXXX,A000000000,FAILED,490,True,,
G217968249,3117968249,1833006193,S33006198,OK,-1,False,3117968249,G217968249
J262778313,3462778313,1734847548,R34847549,OK,-1,False,3462778313,J262778313
W864879246,2664679932,XXXXXXXXXX,A000000000,FAILED,494,True,,
G257218808,3076131478,3966052854,O66052851,OK,-1,False,3076131478,F276131478
I913408475,8313408475,6318046654,N18046650,OK,-1,False,8313408475,I913408475
X854509431,7354509431,9345109027,S45109020,OK,-1,False,7354509431,X854509431
I803912282,2664679932,XXXXXXXXXX,A000000000,FAILED,496,True,,
W848019526,7248019526,9000987224,P00987225,OK,-1,False,7248019526,W848019526
A191506858,2664679932,1261247023,M61247024,FIXED_50,-1,True,7664679932,M1664679932
N184451054,1384451054,0158593368,B58593367,FIXED_50,-1,True,6384451054,L1384451054
P171117437,1571117437,XXXXXXXXXX,A000000000,FAILED,501,True,,
F227550427,3027550427,0706002698,H06002695,OK,-1,False,3027550427,F227550427
Z863315968,7463315968,9061512519,P61512515,FIXED_50,-1,True,2463315968,Z863315968
Z299784884,1571117437,4772421860,W72421869,OK,-1,False,1571117437,P171117437
C984998853,7784998853,8272459000,H72459006,OK,-1,False,7784998853,C984998853
R100818472,1700818472,0687490437,G87490432,FIXED_50,-1,True,6700818472,L1700818472
G802224429,5602224429,XXXXXXXXXX,A000000000,FAILED,509,True,,
Q928736254,9128736254,6964854160,T64854165,OK,-1,False,9128736254,Q928736254
J995977553,8495977553,6715621238,R15621234,FIXED_50,-1,True,3495977553,J995977553
D965506194,7865506194,5059019794,A59019792,OK,-1,False,7865506194,D965506194
X906837891,9806837891,6628803165,Q28803169,FIXED_50,-1,True,4806837891,X906837891
N192633257,5602224429,XXXXXXXXXX,A000000000,FAILED,511,True,,
S199449597,1899449597,2581932707,A81932704,FIXED_50,-1,True,6899449597,L1899449597
O268286408,5602224429,9215100525,R15100527,OK,-1,False,5602224429,G802224429
M135443149,1235443149,4740072180,W40072181,FIXED_50,-1,True,6235443149,L1235443149
L113763169,1113763169,1795343389,R95343388,OK,-1,False,1113763169,L113763169
R983892265,9283892265,6007188212,K07188216,FIXED_50,-1,True,4283892265,R983892265
K101179424,1001179424,4165169206,Q65169204,OK,-1,False,1001179424,K101179424
R861466929,6761466929,7368917643,X68917647,FIXED_50,-1,True,1761466929,R861466929
J102406974,0902406974,1247355258,M47355252,OK,-1,False,0902406974,J102406974
Z875269435,7475269435,5424801101,E24801106,OK,-1,False,7475269435,Z875269435
J957180690,8457180690,XXXXXXXXXX,A000000000,FAILED,521,True,,
E123336348,0423336348,XXXXXXXXXX,A000000000,FAILED,524,True,,
I923335014,8457180690,5860424771,I60424774,FIXED_50,-1,True,3457180690,J957180690
M146290234,1246290234,1166188278,L66188270,OK,-1,False,1246290234,M146290234
W165071697,2265071697,0300174033,D00174036,OK,-1,False,2265071697,W165071697
K838687655,0423336348,3254300496,H54300499,OK,-1,False,0423336348,E123336348
I224165334,3324165334,2579173076,A79173071,OK,-1,False,3324165334,I224165334
L901924041,8601924041,5421539109,E21539103,OK,-1,False,8601924041,L901924041
V816913897,7116913897,6909882159,T09882152,FIXED_50,-1,True,2116913897,V816913897
H886558323,5786558323,7874524619,D74524619,OK,-1,False,5786558323,H886558323
B853207922,5153207922,XXXXXXXXXX,A000000000,FAILED,534,True,,
A177661503,0077661503,3688875786,L88875783,OK,-1,False,0077661503,A177661503
F908014973,8008014973,9575948949,U75948948,OK,-1,False,8008014973,F908014973
G220760435,3120760435,4895835131,X95835136,OK,-1,False,3120760435,G220760435
D916729776,7816729776,8902784330,O02784330,FIXED_50,-1,True,2816729776,D916729776
H927398441,5153207922,8500289915,K00289918,FIXED_50,-1,True,0153207922,B853207922
U815991289,7015991289,XXXXXXXXXX,A000000000,FAILED,538,True,,
N957178451,8857178451,6878299036,S78299037,OK,-1,False,8857178451,N957178451
S882740163,6882740163,XXXXXXXXXX,A000000000,FAILED,540,True,,
M178630986,7015991289,7829308017,D29308012,OK,-1,False,7015991289,U815991289
Z809996996,7409996996,6551555315,P51555319,OK,-1,False,7409996996,Z809996996
S914541712,6882740163,8193857165,G93857163,OK,-1,False,6882740163,S882740163
N159970500,1359970500,4027682210,P27682216,FIXED_50,-1,True,6359970500,L1359970500
N880732810,6380732810,8194536722,G94536725,FIXED_50,-1,True,1380732810,N880732810
O157159372,1457159372,1474285458,O74285451,OK,-1,False,1457159372,O157159372
C289193630,2789193630,4097572634,P97572636,FIXED_50,-1,True,7789193630,M1789193630
Q274184684,4174184684,4197559839,Q97559830,OK,-1,False,4174184684,Q274184684
O949960376,8949960376,6425189695,O25189699,OK,-1,False,8949960376,O949960376
O190020496,1490020496,1874212335,S74212334,OK,-1,False,1490020496,O190020496
H822204531,5722204531,8891451450,N91451453,OK,-1,False,5722204531,H822204531
A292904207,2592904207,2011917008,U11917005,FIXED_50,-1,True,7592904207,M1592904207
W223173518,4723173518,0977517833,J77517839,FIXED_50,-1,True,9723173518,O1723173518
I254423090,3354423090,0220851252,C20851257,OK,-1,False,3354423090,I254423090
D893009644,5393009644,5777102037,H77102037,OK,-1,False,5393009644,D893009644
H973539772,8273539772,9123207083,Q23207089,OK,-1,False,8273539772,H973539772
F238363378,3038363378,1431566486,O31566484,FIXED_50,-1,True,8038363378,N1038363378
F893019820,5593019820,6282900791,M82900799,OK,-1,False,5593019820,F893019820
X844662814,7344662814,5183497844,B83497845,OK,-1,False,7344662814,X844662814
O268301642,3968301642,1754826914,R54826911,OK,-1,False,3968301642,O268301642
N852597598,6352597598,XXXXXXXXXX,A000000000,FAILED,560,True,,
T103870681,1903870681,1409719630,O09719639,OK,-1,False,1903870681,T103870681
G809283186,6352597598,9073724187,P73724187,FIXED_50,-1,True,1352597598,N852597598
B143500305,0143500305,4890774641,X90774647,OK,-1,False,0143500305,B143500305
U141768743,2041768743,1060692570,K60692579,OK,-1,False,2041768743,U141768743
J178858455,0978858455,0426643913,E26643911,OK,-1,False,0978858455,J178858455
V945372348,9645372348,5665075248,G65075248,OK,-1,False,9645372348,V945372348
T206131745,4406131745,4092025565,P92025561,OK,-1,False,4406131745,T206131745
I158630491,0858630491,2027139409,U27139400,OK,-1,False,0858630491,I158630491
F902883278,8002883278,7076497011,U76497019,OK,-1,False,8002883278,F902883278
R843747190,6743747190,8721693299,M21693299,FIXED_50,-1,True,1743747190,R843747190
I214257263,3314257263,XXXXXXXXXX,A000000000,FAILED,571,True,,
C274718616,2774718616,4397589228,S97589223,OK,-1,False,2774718616,C274718616
V997958770,3314257263,1337925139,N37925136,FIXED_50,-1,True,8314257263,N1314257263
A983646901,7583646901,6281910127,M81910120,OK,-1,False,7583646901,A983646901
P230513015,4030513015,3495613898,J95613890,OK,-1,False,4030513015,P230513015
J288381721,3488381721,XXXXXXXXXX,A000000000,FAILED,576,True,,
C296645201,2796645201,XXXXXXXXXX,A000000000,FAILED,578,True,,
G931614948,3488381721,1205211635,M05211639,OK,-1,False,3488381721,J288381721
E192728012,0492728012,4432574251,T32574252,OK,-1,False,0492728012,E192728012
J169453200,2796645201,2335017726,X35017727,OK,-1,False,2796645201,C296645201
X156865956,2356865956,2293492328,W93492320,OK,-1,False,2356865956,X156865956
N273771583,3873771583,0860999771,I60999772,OK,-1,False,3873771583,N273771583
U133487855,2033487855,0167450645,B67450642,OK,-1,False,2033487855,U133487855
Z878641064,7478641064,6388763045,N88763040,FIXED_50,-1,True,2478641064,Z878641064
E900612181,7900612181,6090066904,K90066901,FIXED_50,-1,True,2900612181,E900612181
C882331081,5282331081,9745136417,W45136415,OK,-1,False,5282331081,C882331081
S207541208,4307541208,1769847209,R69847208,FIXED_50,-1,True,9307541208,O1307541208
O295011631,3995011631,1521402867,P21402865,FIXED_50,-1,True,8995011631,N1995011631
L814041540,6114041540,5482198022,E82198024,OK,-1,False,6114041540,L814041540
G116502772,0616502772,XXXXXXXXXX,A000000000,FAILED,590,True,,
C222906300,2722906300,1967450324,T67450325,OK,-1,False,2722906300,C222906300
J883619437,0616502772,0679871146,G79871147,OK,-1,False,0616502772,G116502772
C258373448,2758373448,2914859519,E14859518,OK,-1,False,2758373448,C258373448
L131169196,1131169196,2702780268,C02780266,OK,-1,False,1131169196,L131169196
C159971124,0259971124,XXXXXXXXXX,A000000000,FAILED,597,True,,
D919853000,7819853000,XXXXXXXXXX,A000000000,FAILED,596,True,,
D179162319,0379162319,4730214629,W30214622,OK,-1,False,0379162319,D179162319
R925738784,7819853000,XXXXXXXXXX,A000000000,FAILED,598,True,,
E838347357,0259971124,3664700553,L64700556,OK,-1,False,0259971124,C159971124
A169715921,7819853000,6813594841,S13594842,OK,-1,False,7819853000,D919853000
N216709161,3816709161,0259844417,C59844417,OK,-1,False,3816709161,N216709161
F944634177,8044634177,6630214912,Q30214912,FIXED_50,-1,True,3044634177,F944634177
W957025409,9757025409,9637572175,V37572174,OK,-1,False,9757025409,W957025409
Q110020063,1610020063,1135750453,L35750451,OK,-1,False,1610020063,Q110020063
C299959739,2799959739,0029799376,A29799372,OK,-1,False,2799959739,C299959739
A235295476,2535295476,XXXXXXXXXX,A000000000,FAILED,606,True,,
P229454961,4029454961,2396247913,X96247914,FIXED_50,-1,True,9029454961,O1029454961
H207645721,2535295476,3702084024,M02084025,FIXED_50,-1,True,7535295476,M1535295476
L156023413,1156023413,2126005950,V26005951,OK,-1,False,1156023413,L156023413
J849174800,5949174800,8584376019,K84376014,OK,-1,False,5949174800,J849174800
D866004786,5366004786,8066767749,F66767746,OK,-1,False,5366004786,D866004786
G952517088,8152517088,6859386486,S59386480,OK,-1,False,8152517088,G952517088
W948906188,9748906188,7965184089,E65184082,OK,-1,False,9748906188,W948906188
X210102432,4810102432,1709866555,R09866554,FIXED_50,-1,True,9810102432,O1810102432
X822988060,7322988060,5653148687,G53148683,OK,-1,False,7322988060,X822988060
G928087428,8128087428,XXXXXXXXXX,A000000000,FAILED,617,True,,
O231936988,3931936988,3940082555,O40082555,OK,-1,False,3931936988,O231936988
H946124050,8246124050,6677203281,Q77203286,FIXED_50,-1,True,3246124050,H946124050
N926539022,8128087428,7740986780,C40986784,FIXED_50,-1,True,3128087428,G928087428
L900800855,8600800855,6626242765,Q26242766,OK,-1,False,8600800855,L900800855
F815647908,5515647908,7380255236,X80255235,FIXED_50,-1,True,0515647908,F815647908
R289174824,4289174824,3563579407,K63579404,OK,-1,False,4289174824,R289174824
B268488124,2668488124,XXXXXXXXXX,A000000000,FAILED,627,True,,
L230710539,3630710539,3713737955,M13737957,OK,-1,False,3630710539,L230710539
P911415712,9011415712,7307945299,X07945292,OK,-1,False,9011415712,P911415712
D882763548,5382763548,XXXXXXXXXX,A000000000,FAILED,628,True,,
C104697084,0204697084,4092450240,P92450242,OK,-1,False,0204697084,C104697084
S257495804,4357495804,4412464289,T12464282,FIXED_50,-1,True,9357495804,O1357495804
N194053640,2668488124,XXXXXXXXXX,A000000000,FAILED,629,True,,
B820582278,5382763548,XXXXXXXXXX,A000000000,FAILED,630,True,,
S845695298,2668488124,XXXXXXXXXX,A000000000,FAILED,633,True,,
K949423445,5382763548,XXXXXXXXXX,A000000000,FAILED,632,True,,
S856789265,6856789265,8891755806,N91755803,FIXED_50,-1,True,1856789265,S856789265
O800891232,5382763548,XXXXXXXXXX,A000000000,FAILED,635,True,,
I946040438,2668488124,4959339229,Z59339225,OK,-1,False,2668488124,B268488124
W229667724,4729667724,4790757676,W90757675,OK,-1,False,4729667724,W229667724
J800440829,5382763548,XXXXXXXXXX,A000000000,FAILED,637,True,,
U100683516,2000683516,4172259413,Q72259419,OK,-1,False,2000683516,U100683516
I150235387,5382763548,XXXXXXXXXX,A000000000,FAILED,639,True,,
Q916158151,9116158151,6533911332,P33911337,FIXED_50,-1,True,4116158151,Q916158151
N221349686,5382763548,8528784907,K28784907,OK,-1,False,5382763548,D882763548
H204144370,3204144370,4474666130,T74666139,FIXED_50,-1,True,8204144370,N1204144370
U828547286,7028547286,XXXXXXXXXX,A000000000,FAILED,644,True,,
R255680199,4255680199,XXXXXXXXXX,A000000000,FAILED,644,True,,
M211590625,3711590625,1937856498,T37856499,OK,-1,False,3711590625,M211590625
U172656830,4255680199,0685626392,G85626390,FIXED_50,-1,True,9255680199,O1255680199
U136218923,2036218923,1822035456,S22035450,OK,-1,False,2036218923,U136218923
W179978298,2279978298,3066488643,F66488648,OK,-1,False,2279978298,W179978298
U912104302,9512104302,5588687643,F88687647,OK,-1,False,9512104302,U912104302
E903214534,7903214534,5606910877,G06910873,OK,-1,False,7903214534,E903214534
U816999234,7016999234,XXXXXXXXXX,A000000000,FAILED,651,True,,
P282786057,4082786057,1942603903,T42603900,OK,-1,False,4082786057,P282786057
G897099629,7016999234,8537596488,K37596488,OK,-1,False,7016999234,U816999234
C885925085,5285925085,6315025337,N15025337,FIXED_50,-1,True,0285925085,C885925085
C842470983,5242470983,8658116017,L58116015,OK,-1,False,5242470983,C842470983
L217669744,3617669744,0305273818,D05273810,FIXED_50,-1,True,8617669744,N1617669744
X109212372,2309212372,2287962171,W87962179,OK,-1,False,2309212372,X109212372
W800917292,7200917292,XXXXXXXXXX,A000000000,FAILED,660,True,,
G822496994,5622496994,9098569747,P98569744,OK,-1,False,5622496994,G822496994
V159778343,2159778343,4136076236,Q36076236,OK,-1,False,2159778343,V159778343
A131026991,0031026991,XXXXXXXXXX,A000000000,FAILED,664,True,,
X124641324,7200917292,5415281048,E15281043,OK,-1,False,7200917292,W800917292
W847648998,7247648998,5166014773,B66014771,OK,-1,False,7247648998,W847648998
H124296980,0724296980,XXXXXXXXXX,A000000000,FAILED,664,True,,
P289685731,4089685731,1941951827,T41951827,OK,-1,False,4089685731,P289685731
O184481796,0724296980,XXXXXXXXXX,A000000000,FAILED,666,True,,
O258237635,3958237635,1847657215,S47657210,FIXED_50,-1,True,8958237635,N1958237635
B189206282,0724296980,2563485516,A63485515,OK,-1,False,0724296980,H124296980
V910932809,9610932809,9995423556,Z95423553,OK,-1,False,9610932809,V910932809
D966988252,7866988252,8981871017,O81871016,OK,-1,False,7866988252,D966988252
M231196945,3731196945,2058352358,U58352353,FIXED_50,-1,True,8731196945,N1731196945
S169951968,1869951968,2186836516,V86836516,OK,-1,False,1869951968,S169951968
B184042411,0184042411,2759819582,C59819587,OK,-1,False,0184042411,B184042411
I931132492,8331132492,6348256600,N48256600,OK,-1,False,8331132492,I931132492
W888015459,7288015459,XXXXXXXXXX,A000000000,FAILED,676,True,,
H990721103,8290721103,XXXXXXXXXX,A000000000,FAILED,677,True,,
C878657732,5278657732,8234208366,H34208363,OK,-1,False,5278657732,C878657732
C136624211,7288015459,9798128168,W98128161,FIXED_50,-1,True,2288015459,W888015459
M203643555,8290721103,XXXXXXXXXX,A000000000,FAILED,681,True,,
N847420455,6347420455,7055920910,U55920915,OK,-1,False,6347420455,N847420455
E871052302,5471052302,XXXXXXXXXX,A000000000,FAILED,681,True,,
T835670931,6935670931,8644320830,L44320832,FIXED_50,-1,True,1935670931,T835670931
S889597759,5471052302,XXXXXXXXXX,A000000000,FAILED,683,True,,
G890123079,5690123079,8205056023,H05056024,OK,-1,False,5690123079,G890123079
V944028136,5471052302,XXXXXXXXXX,A000000000,FAILED,685,True,,
C861797436,5261797436,6210684519,M10684513,OK,-1,False,5261797436,C861797436
N270301776,5471052302,8574108096,K74108095,OK,-1,False,5471052302,E871052302
T875211390,6975211390,9727504933,W27504933,OK,-1,False,6975211390,T875211390
R879129720,6779129720,5620046311,G20046316,OK,-1,False,6779129720,R879129720
Z280007418,4980007418,3273964588,H73964584,OK,-1,False,4980007418,Z280007418
P135658526,1535658526,4827109867,X27109861,OK,-1,False,1535658526,P135658526
Q988502827,9188502827,8890058927,N90058921,OK,-1,False,9188502827,Q988502827
Q128606602,1628606602,1292649687,M92649683,FIXED_50,-1,True,6628606602,L1628606602
Z236647699,4936647699,4632082126,V32082126,OK,-1,False,4936647699,Z236647699
Z840323453,7440323453,7058438479,U58438478,FIXED_50,-1,True,2440323453,Z840323453
U801547513,7001547513,8738076595,M38076593,FIXED_50,-1,True,2001547513,U801547513
X205495859,4805495859,4724485347,W24485348,OK,-1,False,4805495859,X205495859
N176520755,1376520755,1858382165,S58382162,FIXED_50,-1,True,6376520755,L1376520755
L820464031,6120464031,7003168032,U03168038,FIXED_50,-1,True,1120464031,L820464031
O265073007,3965073007,4328608611,S28608619,OK,-1,False,3965073007,O265073007
F865542716,5565542716,5855010624,I55010624,FIXED_50,-1,True,0565542716,F865542716
K191465333,1091465333,3268321545,H68321540,OK,-1,False,1091465333,K191465333
L872086718,6172086718,8934702953,O34702951,OK,-1,False,6172086718,L872086718
Q992725445,9192725445,6865798058,S65798058,FIXED_50,-1,True,4192725445,Q992725445
J922513618,8422513618,8078791581,F78791583,OK,-1,False,8422513618,J922513618
K278646547,3578646547,3786435910,M86435915,OK,-1,False,3578646547,K278646547
S244825807,4344825807,XXXXXXXXXX,A000000000,FAILED,708,True,,
D290918448,2890918448,3232691001,H32691008,OK,-1,False,2890918448,D290918448
V143264374,2143264374,XXXXXXXXXX,A000000000,FAILED,712,True,,
A800996113,4344825807,1578678813,P78678817,OK,-1,False,4344825807,S244825807
V980031086,9680031086,9460759544,T60759545,OK,-1,False,9680031086,V980031086
Z834350659,7434350659,8696966091,L96966091,OK,-1,False,7434350659,Z834350659
N222623449,3822623449,XXXXXXXXXX,A000000000,FAILED,713,True,,
E999226839,2143264374,0883240059,I83240058,FIXED_50,-1,True,7143264374,M1143264374
G953381340,3822623449,0197501025,B97501027,OK,-1,False,3822623449,N222623449
E196371813,0496371813,XXXXXXXXXX,A000000000,FAILED,717,True,,
T813083434,6913083434,7315879896,X15879896,FIXED_50,-1,True,1913083434,T813083434
B832361930,5132361930,5602781667,G02781661,OK,-1,False,5132361930,B832361930
C128133103,0496371813,1424893051,O24893056,OK,-1,False,0496371813,E196371813
C899893845,5299893845,6390588861,N90588860,OK,-1,False,5299893845,C899893845
L836075531,6136075531,XXXXXXXXXX,A000000000,FAILED,721,True,,
O926508510,8926508510,XXXXXXXXXX,A000000000,FAILED,722,True,,
F986479710,6136075531,7110565976,V10565977,OK,-1,False,6136075531,L836075531
X160030354,8926508510,5785223869,H85223867,OK,-1,False,8926508510,O926508510
V245534193,4645534193,2464579607,Z64579604,OK,-1,False,4645534193,V245534193
K827679129,6027679129,7497965510,Z97965516,OK,-1,False,6027679129,K827679129
C104766664,0204766664,2089428836,U89428837,FIXED_50,-1,True,5204766664,K1204766664
A237710207,2537710207,1475822357,O75822350,OK,-1,False,2537710207,A237710207
E254614637,2954614637,XXXXXXXXXX,A000000000,FAILED,729,True,,
X852071890,7352071890,XXXXXXXXXX,A000000000,FAILED,731,True,,
W964197590,2954614637,3237098523,H37098525,FIXED_50,-1,True,7954614637,M1954614637
V963984319,9663984319,6921047716,T21047719,OK,-1,False,9663984319,V963984319
C134541657,7352071890,8580121656,K80121657,OK,-1,False,7352071890,X852071890
S101130094,1801130094,0712081154,H12081157,FIXED_50,-1,True,6801130094,L1801130094
T185649204,1985649204,1834038738,S34038738,OK,-1,False,1985649204,T185649204
U273910657,4573910657,4034199767,P34199762,FIXED_50,-1,True,9573910657,O1573910657
K963466022,8563466022,8758303319,M58303313,FIXED_50,-1,True,3563466022,K963466022
H961981202,8261981202,9644117079,V44117076,OK,-1,False,8261981202,H961981202
I960509390,8360509390,7770555542,C70555546,OK,-1,False,8360509390,I960509390
P187006178,1587006178,0725828034,H25828039,FIXED_50,-1,True,6587006178,L1587006178
K189729797,1089729797,1068393631,K68393635,OK,-1,False,1089729797,K189729797
B102622462,0102622462,4648465827,V48465828,OK,-1,False,0102622462,B102622462
D220492251,2820492251,4937983375,Z37983372,FIXED_50,-1,True,7820492251,M1820492251
Z186952125,2486952125,XXXXXXXXXX,A000000000,FAILED,744,True,,
D909854899,7809854899,XXXXXXXXXX,A000000000,FAILED,745,True,,
Q988294151,2486952125,0000141485,A00141481,OK,-1,False,2486952125,Z186952125
L898334139,7809854899,6381270375,N81270373,OK,-1,False,7809854899,D909854899
J941550962,8441550962,XXXXXXXXXX,A000000000,FAILED,750,True,,
Z200842520,4900842520,1285553680,M85553681,OK,-1,False,4900842520,Z200842520
L845613665,6145613665,9200324217,R00324211,FIXED_50,-1,True,1145613665,L845613665
M815888011,6215888011,8533904829,K33904822,OK,-1,False,6215888011,M815888011
S846424702,8441550962,7144283191,V44283199,OK,-1,False,8441550962,J941550962
K160616917,1060616917,4864496654,X64496654,FIXED_50,-1,True,6060616917,L1060616917
E186432023,0486432023,2846338046,D46338047,OK,-1,False,0486432023,E186432023
C252219187,2752219187,0033157662,A33157668,OK,-1,False,2752219187,C252219187
E953198138,7953198138,9954095435,Z54095437,OK,-1,False,7953198138,E953198138
L985410346,8685410346,8605973061,L05973068,FIXED_50,-1,True,3685410346,L985410346
V297696520,4697696520,3050585577,F50585574,OK,-1,False,4697696520,V297696520
V897368989,7197368989,5662899228,G62899228,FIXED_50,-1,True,2197368989,V897368989
N282711040,3882711040,0577483829,F77483826,OK,-1,False,3882711040,N282711040
G226910653,3126910653,XXXXXXXXXX,A000000000,FAILED,761,True,,
E940421217,7940421217,7263983915,W63983910,OK,-1,False,7940421217,E940421217
X811309375,3126910653,1743086051,R43086054,OK,-1,False,3126910653,G226910653
W104235671,2204235671,1373266715,N73266718,OK,-1,False,2204235671,W104235671
Q289029510,4189029510,XXXXXXXXXX,A000000000,FAILED,765,True,,
R843368073,6743368073,XXXXXXXXXX,A000000000,FAILED,768,True,,
U928842402,4189029510,0101100004,B01100001,OK,-1,False,4189029510,Q289029510
T903223802,9403223802,5601128199,G01128197,OK,-1,False,9403223802,T903223802
M252585942,3752585942,0389968074,D89968074,OK,-1,False,3752585942,M252585942
L294093073,6743368073,5654366542,G54366541,OK,-1,False,6743368073,R843368073
D810568508,5310568508,7703720911,C03720919,OK,-1,False,5310568508,D810568508
C851604942,5251604942,5257079362,C57079363,FIXED_50,-1,True,0251604942,C851604942
H150370582,0750370582,0739385667,H39385663,FIXED_50,-1,True,5750370582,K1750370582
F875125183,5575125183,9691318678,V91318674,OK,-1,False,5575125183,F875125183
S209650175,4309650175,4588376544,U88376541,FIXED_50,-1,True,9309650175,O1309650175
K944341537,8544341537,5567770858,F67770852,OK,-1,False,8544341537,K944341537
K890889422,6090889422,9627193678,V27193670,FIXED_50,-1,True,1090889422,K890889422
L971542504,8671542504,XXXXXXXXXX,A000000000,FAILED,779,True,,
W177317439,2277317439,2339568258,X39568252,OK,-1,False,2277317439,W177317439
K229969437,3529969437,4771252679,W71252673,OK,-1,False,3529969437,K229969437
V921602607,8671542504,6704407754,R04407755,OK,-1,False,8671542504,L971542504
F277724333,3077724333,2494858322,Z94858323,FIXED_50,-1,True,8077724333,N1077724333
K147604366,1047604366,3939157194,O39157194,OK,-1,False,1047604366,K147604366
L813874625,6113874625,8137693442,G37693443,OK,-1,False,6113874625,L813874625
B820455945,5120455945,8148588944,G48588944,OK,-1,False,5120455945,B820455945
J984907027,8484907027,XXXXXXXXXX,A000000000,FAILED,787,True,,
S883623563,6883623563,9521492994,U21492995,OK,-1,False,6883623563,S883623563
F975542720,8075542720,5808987163,I08987163,OK,-1,False,8075542720,F975542720
X157548712,8484907027,7280568484,W80568480,OK,-1,False,8484907027,J984907027
V945050829,9645050829,8900195577,O00195577,OK,-1,False,9645050829,V945050829
D235176415,2835176415,4816377171,X16377175,OK,-1,False,2835176415,D235176415
Z255169692,4955169692,4125435565,Q25435569,FIXED_50,-1,True,9955169692,O1955169692
L922431149,8622431149,XXXXXXXXXX,A000000000,FAILED,795,True,,
Q920791164,9120791164,5678491798,G78491792,OK,-1,False,9120791164,Q920791164
R870609601,6770609601,5960176356,J60176359,OK,-1,False,6770609601,R870609601
P141931858,1541931858,1322634303,N22634306,OK,-1,False,1541931858,P141931858
M865477335,8622431149,6057501371,K57501376,OK,-1,False,8622431149,L922431149
J130979375,0930979375,XXXXXXXXXX,A000000000,FAILED,799,True,,
F210008301,3010008301,2746032445,C46032441,FIXED_50,-1,True,8010008301,N1010008301
Z886718092,7486718092,8761503045,M61503041,OK,-1,False,7486718092,Z886718092
G130116689,0930979375,1801950243,S01950247,OK,-1,False,0930979375,J130979375
R981338482,9281338482,5729237324,H29237323,FIXED_50,-1,True,4281338482,R981338482
T251347391,4451347391,3428590274,J28590277,OK,-1,False,4451347391,T251347391
H296253897,3296253897,2514110859,A14110852,OK,-1,False,3296253897,H296253897
U957887773,9557887773,XXXXXXXXXX,A000000000,FAILED,806,True,,
P832229876,6532229876,9652896843,V52896844,OK,-1,False,6532229876,P832229876
R297992532,4297992532,4865222791,X65222792,FIXED_50,-1,True,9297992532,O1297992532
G288258270,9557887773,7941534235,E41534231,OK,-1,False,9557887773,U957887773
N164317579,1364317579,XXXXXXXXXX,A000000000,FAILED,809,True,,
L995133472,8695133472,7857386714,D57386713,OK,-1,False,8695133472,L995133472
C142989143,1364317579,3937128920,O37128926,OK,-1,False,1364317579,N164317579
Q194740935,1694740935,XXXXXXXXXX,A000000000,FAILED,812,True,,
T873183848,6973183848,6663254523,Q63254524,OK,-1,False,6973183848,T873183848
E934397497,1694740935,3037222063,F37222065,OK,-1,False,1694740935,Q194740935
B974096243,7674096243,XXXXXXXXXX,A000000000,FAILED,815,True,,
O818632050,6418632050,7843846980,D43846984,OK,-1,False,6418632050,O818632050
E264662832,7674096243,XXXXXXXXXX,A000000000,FAILED,817,True,,
G252826891,3152826891,1756964959,R56964950,FIXED_50,-1,True,8152826891,N1152826891
P237231669,7674096243,9319800234,S19800234,FIXED_50,-1,True,2674096243,B974096243
F997302604,8097302604,7324080302,X24080307,OK,-1,False,8097302604,F997302604
A147060329,0047060329,4585755993,U85755997,OK,-1,False,0047060329,A147060329
C963720953,7763720953,6965583550,T65583558,OK,-1,False,7763720953,C963720953
P252708456,4052708456,0402914249,E02914244,FIXED_50,-1,True,9052708456,O1052708456
R182707467,1782707467,3423723208,J23723203,FIXED_50,-1,True,6782707467,L1782707467
W127557205,2227557205,XXXXXXXXXX,A000000000,FAILED,825,True,,
L996341147,8696341147,7651165282,B51165281,OK,-1,False,8696341147,L996341147
H151731552,2227557205,XXXXXXXXXX,A000000000,FAILED,830,True,,
Q267187559,4167187559,3603212220,L03212228,OK,-1,False,4167187559,Q267187559
U843968576,7043968576,6592940748,P92940743,OK,-1,False,7043968576,U843968576
O899782482,6499782482,XXXXXXXXXX,A000000000,FAILED,834,True,,
I210113895,3310113895,0536786740,F36786746,OK,-1,False,3310113895,I210113895
X840670507,2227557205,2187283398,V87283395,OK,-1,False,2227557205,W127557205
K987186012,8587186012,XXXXXXXXXX,A000000000,FAILED,835,True,,
U118972371,2018972371,1318817092,N18817093,OK,-1,False,2018972371,U118972371
R230755088,4230755088,0695395048,G95395044,FIXED_50,-1,True,9230755088,O1230755088
J119530430,6499782482,XXXXXXXXXX,A000000000,FAILED,838,True,,
J164266298,8587186012,5133556740,B33556746,OK,-1,False,8587186012,K987186012
L191629739,1191629739,2112958081,V12958083,FIXED_50,-1,True,6191629739,L1191629739
V202551412,4602551412,XXXXXXXXXX,A000000000,FAILED,839,True,,
G996474451,6499782482,XXXXXXXXXX,A000000000,FAILED,840,True,,
U249860620,4602551412,2048446818,U48446811,OK,-1,False,4602551412,V202551412
L276379561,6499782482,XXXXXXXXXX,A000000000,FAILED,842,True,,
G220100662,3120100662,2804001458,D04001456,FIXED_50,-1,True,8120100662,N1120100662
X206957590,6499782482,6688327006,Q88327000,OK,-1,False,6499782482,O899782482
K889683183,6089683183,XXXXXXXXXX,A000000000,FAILED,846,True,,
H853439742,5753439742,7713780277,C13780276,OK,-1,False,5753439742,H853439742
J887259731,5987259731,9168239950,Q68239958,OK,-1,False,5987259731,J887259731
L147330101,6089683183,6655670799,Q55670792,OK,-1,False,6089683183,K889683183
S109147331,1809147331,0426840226,E26840223,OK,-1,False,1809147331,S109147331
E142517701,0442517701,2126494850,V26494850,FIXED_50,-1,True,5442517701,K1442517701
W165078374,2265078374,2880219883,D80219885,OK,-1,False,2265078374,W165078374
A249480081,2549480081,1773215068,R73215063,FIXED_50,-1,True,7549480081,M1549480081
O938940046,8938940046,XXXXXXXXXX,A000000000,FAILED,855,True,,
O894929494,6494929494,8753865703,M53865701,OK,-1,False,6494929494,O894929494
K228866697,3528866697,0298331295,C98331299,FIXED_50,-1,True,8528866697,N1528866697
U991046154,9591046154,6755439757,R55439756,FIXED_50,-1,True,4591046154,U991046154
L843368925,8938940046,7184374188,V84374188,FIXED_50,-1,True,3938940046,O938940046
O947563548,8947563548,XXXXXXXXXX,A000000000,FAILED,863,True,,
G277620046,3177620046,0546349444,F46349442,FIXED_50,-1,True,8177620046,N1177620046
E820661651,5420661651,XXXXXXXXXX,A000000000,FAILED,860,True,,
S259965461,4359965461,2312794468,X12794463,OK,-1,False,4359965461,S259965461
I145344940,5420661651,7090691520,U90691528,OK,-1,False,5420661651,E820661651
Q883855429,6683855429,9227035663,R27035660,FIXED_50,-1,True,1683855429,Q883855429
D986811136,7886811136,8116878587,G16878580,OK,-1,False,7886811136,D986811136
K195683597,8947563548,5345828094,D45828099,FIXED_50,-1,True,3947563548,O947563548
X187371201,2387371201,2293684004,W93684006,OK,-1,False,2387371201,X187371201
L944505602,8644505602,8221422740,H21422742,OK,-1,False,8644505602,L944505602
R219225503,4219225503,1205057737,M05057733,OK,-1,False,4219225503,R219225503
N113984517,1313984517,XXXXXXXXXX,A000000000,FAILED,870,True,,
M806771932,6206771932,8921204293,O21204295,OK,-1,False,6206771932,M806771932
O153445804,1453445804,2772843555,C72843554,FIXED_50,-1,True,6453445804,L1453445804
M244980237,1313984517,XXXXXXXXXX,A000000000,FAILED,873,True,,
M869561703,6269561703,XXXXXXXXXX,A000000000,FAILED,873,True,,
G223642658,3123642658,4200069073,R00069079,OK,-1,False,3123642658,G223642658
Z859984268,6269561703,7167163424,V67163421,OK,-1,False,6269561703,M869561703
X119551135,2319551135,1416461633,O16461639,OK,-1,False,2319551135,X119551135
P298501891,4098501891,2869743229,D69743224,OK,-1,False,4098501891,P298501891
W840740793,7240740793,8435576622,J35576629,OK,-1,False,7240740793,W840740793
P116377186,1516377186,XXXXXXXXXX,A000000000,FAILED,879,True,,
W287154142,4787154142,3237793359,H37793356,OK,-1,False,4787154142,W287154142
J924019677,1516377186,3878601870,N78601871,OK,-1,False,1516377186,P116377186
N968631905,8868631905,8663342833,L63342830,OK,-1,False,8868631905,N968631905
W809815137,7209815137,8122800199,G22800196,OK,-1,False,7209815137,W809815137
A992401410,7592401410,XXXXXXXXXX,A000000000,FAILED,885,True,,
C908129814,7708129814,XXXXXXXXXX,A000000000,FAILED,885,True,,
F826266786,5526266786,9876708609,X76708609,OK,-1,False,5526266786,F826266786
W941296134,7708129814,9324902155,S24902156,OK,-1,False,7708129814,C908129814
O270621159,3970621159,1041555005,K41555006,OK,-1,False,3970621159,O270621159
Q985774198,9185774198,XXXXXXXXXX,A000000000,FAILED,890,True,,
S159129249,1859129249,4242909520,R42909523,OK,-1,False,1859129249,S159129249
W198202791,2298202791,4466119793,T66119792,FIXED_50,-1,True,7298202791,M1298202791
J261299304,9185774198,7764808285,C64808287,OK,-1,False,9185774198,Q985774198
E943338497,7943338497,7418413130,Z18413133,OK,-1,False,7943338497,E943338497
Z915448805,9915448805,7650915160,B50915161,FIXED_50,-1,True,4915448805,Z915448805
B189237536,0189237536,3207503870,H07503871,FIXED_50,-1,True,5189237536,K1189237536
A295523660,2595523660,0917873006,J17873003,OK,-1,False,2595523660,A295523660
F873228592,5573228592,6808780486,S08780489,OK,-1,False,5573228592,F873228592
B990408789,7690408789,XXXXXXXXXX,A000000000,FAILED,898,True,,
L135115970,1135115970,3338044068,I38044062,FIXED_50,-1,True,6135115970,L1135115970
I971247365,7690408789,XXXXXXXXXX,A000000000,FAILED,900,True,,
C879686022,5279686022,6857535242,S57535243,FIXED_50,-1,True,0279686022,C879686022
P997409258,7690408789,9451022103,T51022106,FIXED_50,-1,True,2690408789,B990408789
J924069686,8424069686,5905133941,J05133945,OK,-1,False,8424069686,J924069686
F869987926,5569987926,XXXXXXXXXX,A000000000,FAILED,904,True,,
Q194195145,1694195145,3366781678,I66781678,FIXED_50,-1,True,6694195145,L1694195145
D817554940,5569987926,5205608155,C05608156,FIXED_50,-1,True,0569987926,F869987926
B867873407,5167873407,8012422613,F12422616,OK,-1,False,5167873407,B867873407
S857072465,6857072465,XXXXXXXXXX,A000000000,FAILED,908,True,,
H912900797,8212900797,5201962762,C01962766,OK,-1,False,8212900797,H912900797
A878573131,6857072465,XXXXXXXXXX,A000000000,FAILED,914,True,,
O228837645,3928837645,0905947053,J05947052,OK,-1,False,3928837645,O228837645
A254283594,2554283594,1570499430,P70499430,OK,-1,False,2554283594,A254283594
B234658005,2634658005,1759792237,R59792232,OK,-1,False,2634658005,B234658005
B905187840,7605187840,7979808234,E79808237,OK,-1,False,7605187840,B905187840
T997889787,9497889787,9257812203,R57812200,OK,-1,False,9497889787,T997889787
Q253744868,6857072465,9748933118,W48933112,FIXED_50,-1,True,1857072465,S857072465
C857728736,5257728736,7640154066,B40154067,OK,-1,False,5257728736,C857728736
J173828144,0973828144,2676346178,B76346171,FIXED_50,-1,True,5973828144,K1973828144
R128803237,1728803237,XXXXXXXXXX,A000000000,FAILED,919,True,,
N271263999,3871263999,4067400758,P67400752,OK,-1,False,3871263999,N271263999
W923691079,1728803237,XXXXXXXXXX,A000000000,FAILED,921,True,,
O910819413,8910819413,7983258785,E83258781,FIXED_50,-1,True,3910819413,O910819413
S881204211,1728803237,2442148624,Z42148623,OK,-1,False,1728803237,R128803237
P892670415,6592670415,XXXXXXXXXX,A000000000,FAILED,924,True,,
H280525766,3280525766,2534064960,A34064968,OK,-1,False,3280525766,H280525766
R965016543,6592670415,XXXXXXXXXX,A000000000,FAILED,926,True,,
X874516352,7374516352,7748196455,C48196451,OK,-1,False,7374516352,X874516352
C239230035,6592670415,5402962811,E02962815,FIXED_50,-1,True,1592670415,P892670415
B144931680,0144931680,3296802217,H96802210,FIXED_50,-1,True,5144931680,K1144931680
V946533952,9646533952,5898083339,I98083336,FIXED_50,-1,True,4646533952,V946533952
N292275793,3892275793,4771252509,W71252502,FIXED_50,-1,True,8892275793,N1892275793
A233472233,2533472233,4889062458,X89062458,FIXED_50,-1,True,7533472233,M1533472233
H213645700,3213645700,4925694413,Z25694413,FIXED_50,-1,True,8213645700,N1213645700
L297482545,3697482545,XXXXXXXXXX,A000000000,FAILED,938,True,,
U136429060,2036429060,1528987210,P28987218,FIXED_50,-1,True,7036429060,M1036429060
O926364885,8926364885,XXXXXXXXXX,A000000000,FAILED,938,True,,
O225545837,3925545837,4824803748,X24803746,FIXED_50,-1,True,8925545837,N1925545837
U112787609,2012787609,3548086331,K48086337,OK,-1,False,2012787609,U112787609
W122277953,2222277953,1057283496,K57283495,FIXED_50,-1,True,7222277953,M1222277953
V107252823,8926364885,5995016935,J95016937,FIXED_50,-1,True,3926364885,O926364885
B240942527,2640942527,4653153717,V53153719,OK,-1,False,2640942527,B240942527
I248131072,3348131072,4973675339,Z73675335,OK,-1,False,3348131072,I248131072
B286849036,2686849036,XXXXXXXXXX,A000000000,FAILED,943,True,,
N810362951,6310362951,5053248984,A53248986,OK,-1,False,6310362951,N810362951
Q178252967,2686849036,3201229915,H01229910,FIXED_50,-1,True,7686849036,M1686849036
P835245372,6535245372,6406283330,O06283332,FIXED_50,-1,True,1535245372,P835245372
O212225942,3912225942,0326933835,D26933839,OK,-1,False,3912225942,O212225942
M861073037,6261073037,XXXXXXXXXX,A000000000,FAILED,948,True,,
P295448431,4095448431,0084657334,A84657331,FIXED_50,-1,True,9095448431,O1095448431
F106917260,6261073037,8710176233,M10176232,OK,-1,False,6261073037,M861073037
O965329526,8965329526,6642064124,Q42064128,OK,-1,False,8965329526,O965329526
L928895978,8628895978,8311227880,I11227883,FIXED_50,-1,True,3628895978,L928895978
W807879133,7207879133,5664291688,G64291686,FIXED_50,-1,True,2207879133,W807879133
P926689993,9026689993,6081454150,K81454153,OK,-1,False,9026689993,P926689993
T241771652,4441771652,2043934679,U43934674,OK,-1,False,4441771652,T241771652
X932504327,9832504327,7723691402,C23691400,FIXED_50,-1,True,4832504327,X932504327
I132714732,0832714732,2572022138,A72022133,OK,-1,False,0832714732,I132714732
F214399072,3014399072,3100390737,G00390731,OK,-1,False,3014399072,F214399072
N290806656,3890806656,XXXXXXXXXX,A000000000,FAILED,959,True,,
H103873101,0703873101,XXXXXXXXXX,A000000000,FAILED,962,True,,
A161452374,3890806656,2003806881,U03806888,OK,-1,False,3890806656,N290806656
C819712261,5219712261,9331628936,S31628932,OK,-1,False,5219712261,C819712261
E194677287,0494677287,XXXXXXXXXX,A000000000,FAILED,964,True,,
Z852335310,0703873101,2886804482,D86804486,OK,-1,False,0703873101,H103873101
I833738267,5833738267,7784310779,C84310779,FIXED_50,-1,True,0833738267,I833738267
E998112532,0494677287,XXXXXXXXXX,A000000000,FAILED,967,True,,
V817301024,7117301024,XXXXXXXXXX,A000000000,FAILED,970,True,,
L982971628,8682971628,8591556002,K91556004,FIXED_50,-1,True,3682971628,L982971628
A206797621,0494677287,XXXXXXXXXX,A000000000,FAILED,971,True,,
P931865978,9031865978,7432417124,Z32417124,FIXED_50,-1,True,4031865978,P931865978
B914825077,7614825077,6041449481,K41449481,FIXED_50,-1,True,2614825077,B914825077
M926188284,7117301024,8038721615,F38721614,OK,-1,False,7117301024,V817301024
X821969632,0494677287,4003361452,P03361452,OK,-1,False,0494677287,E194677287
D902746527,7802746527,6162368068,L62368061,FIXED_50,-1,True,2802746527,D902746527
M164378151,1264378151,3539452783,K39452789,FIXED_50,-1,True,6264378151,L1264378151
L203950214,3603950214,XXXXXXXXXX,A000000000,FAILED,977,True,,
P955289238,9055289238,XXXXXXXXXX,A000000000,FAILED,978,True,,
J269163249,3469163249,3122622911,G22622910,FIXED_50,-1,True,8469163249,N1469163249
J838573333,3603950214,4919364222,Z19364226,OK,-1,False,3603950214,L203950214
P917921568,9055289238,XXXXXXXXXX,A000000000,FAILED,981,True,,
P131618231,1531618231,1904799768,T04799765,OK,-1,False,1531618231,P131618231
U141031518,2041031518,XXXXXXXXXX,A000000000,FAILED,982,True,,
Z150407640,9055289238,XXXXXXXXXX,A000000000,FAILED,985,True,,
Q170264385,2041031518,0664991246,G64991249,FIXED_50,-1,True,7041031518,M1041031518
J280637495,3480637495,0119783386,B19783381,FIXED_50,-1,True,8480637495,N1480637495
C169688216,0269688216,XXXXXXXXXX,A000000000,FAILED,987,True,,
K982752801,9055289238,6134990068,L34990062,FIXED_50,-1,True,4055289238,P955289238
K246804748,3546804748,3365595681,I65595687,FIXED_50,-1,True,8546804748,N1546804748
U867197560,0269688216,1690686432,Q90686430,FIXED_50,-1,True,5269688216,K1269688216
U843931953,7043931953,9768790029,W68790024,FIXED_50,-1,True,2043931953,U843931953
V980849266,9680849266,5053576854,A53576850,OK,-1,False,9680849266,V980849266
F287711222,3087711222,3638353755,L38353750,FIXED_50,-1,True,8087711222,N1087711222
W967502333,9767502333,8179798602,G79798603,OK,-1,False,9767502333,W967502333
U905854780,9505854780,7561394281,A61394284,OK,-1,False,9505854780,U905854780
I210087701,3310087701,1961105104,T61105107,OK,-1,False,3310087701,I210087701
E833536158,5433536158,6449240290,O49240297,OK,-1,False,5433536158,E833536158
F910831868,8010831868,7239861336,W39861334,FIXED_50,-1,True,3010831868,F910831868
F250906733,3050906733,4496370198,T96370196,OK,-1,False,3050906733,F250906733
H108230419,0708230419,3620559561,L20559560,OK,-1,False,0708230419,H108230419
O877445891,6477445891,XXXXXXXXXX,A000000000,FAILED,-1,True,,
