ID,Numeric,plaintext,original_plaintext,Encrypted_Numeric,Status
Z164716303,2464716303,251653569,246471630,926487123,FIXED_50
A916535691,7516535691,751653569,751653569,436551198,FIXED_50
S900865254,9300865254,430086525,930086525,902942584,FIXED_50
I889664038,5889664038,088966403,588966403,541776680,FIXED_50
K283983315,3583983315,858398331,358398331,300069570,FIXED_50
I845615644,5845615644,584561564,584561564,617543705,OK
C138796701,0238796701,023879670,023879670,397917714,OK
X226862029,4826862029,482686202,482686202,021879654,OK
H895567910,5795567910,079556791,579556791,853503642,FIXED_50
V821228734,7121228734,712122873,712122873,928463139,OK
V941635871,9641635871,464163587,964163587,976264174,FIXED_50
X152351282,2352351282,235235128,235235128,296881103,OK
P920390246,9020390246,902039024,902039024,700520392,OK
L224960578,3624960578,362496057,362496057,341387023,OK
P261687504,4061687504,406168750,406168750,047690847,OK
C220481882,2720481882,272048188,272048188,420482192,OK
G282969345,3182969345,818296934,318296934,420231510,FIXED_50
R229632010,4229632010,922963201,422963201,042540439,FIXED_50
K247646008,3547646008,854764600,354764600,368373752,FIXED_50
G289478132,3189478132,318947813,318947813,474267456,OK
W805220918,7205220918,220522091,720522091,661015702,FIXED_50
A840593561,5040593561,504059356,504059356,699360395,OK
B118155418,0118155418,011815541,011815541,331636818,OK
J932790592,8432790592,843279059,843279059,797731250,OK
B188473056,0188473056,018847305,018847305,337212071,OK
U892734704,7092734704,209273470,709273470,814032072,FIXED_50
M256818700,3756818700,375681870,375681870,220466864,OK
H104948161,0704948161,070494816,070494816,313671601,OK
R155725762,1755725762,175572576,175572576,249149609,OK
J853956883,5953956883,095395688,595395688,941803647,FIXED_50
K980689172,8580689172,858068917,858068917,708854708,OK
F206227996,3006227996,300622799,300622799,197361448,OK
J141416021,0941416021,094141602,094141602,076606176,OK
J901311025,8401311025,840131102,840131102,826344287,OK
N289115886,3889115886,388911588,388911588,295598809,OK
U286875603,4586875603,958687560,458687560,476121112,FIXED_50
X285611017,4885611017,488561101,488561101,003511678,OK
J933204102,8433204102,843320410,843320410,580053222,OK
I192216471,0892216471,089221647,089221647,090030567,OK
M224160659,3724160659,138134399,372416065,119095940,OK
N181343993,1381343993,138134399,138134399,000406097,OK
Z848774792,7448774792,744877479,744877479,755970660,OK
L267763902,3667763902,366776390,366776390,104172802,OK
B910656012,7610656012,761065601,761065601,820601719,OK
Q942091798,9142091798,914209179,914209179,575880778,OK
P117249403,1517249403,151724940,151724940,085071992,OK
J261673462,3461673462,817757208,346167346,696230045,OK
Z898611437,7498611437,749861143,749861143,664682282,OK
G977572085,8177572085,817757208,817757208,586966291,OK
F188438506,0588438506,058843850,058843850,355715165,OK
H811997187,5711997187,571199718,571199718,627175054,OK
V191443407,2191443407,219144340,219144340,439500176,OK
N265394607,3865394607,886539460,386539460,382446067,FIXED_50
A163343609,0063343609,506334360,006334360,435337321,FIXED_50
J160823706,0960823706,596082370,096082370,295472076,FIXED_50
B801550694,5101550694,510155069,510155069,720836777,OK
Q292061148,4192061148,919206114,419206114,476122653,FIXED_50
E224550611,2924550611,792455061,292455061,407175167,FIXED_50
S298750824,4398750824,439875082,439875082,358698999,OK
K965783768,8565783768,356578376,856578376,863265183,FIXED_50
E988716671,7988716671,798871667,798871667,577712242,OK
P167252647,1567252647,156725264,156725264,494049323,OK
O940017669,8940017669,394001766,894001766,905504219,FIXED_50
Q278373123,4178373123,417837312,417837312,453105270,OK
G827490456,5627490456,562749045,562749045,518446248,OK
X815872413,7315872413,731587241,731587241,651987161,OK
K271654774,3571654774,857165477,357165477,026670677,FIXED_50
P903967118,9003967118,900396711,900396711,679322897,OK
Z818783407,7418783407,741878340,741878340,990582469,OK
M801069375,6201069375,620106937,620106937,788846166,OK
C254622066,2754622066,775462206,275462206,455061816,FIXED_50
X831531588,7331531588,733153158,733153158,932347524,OK
U257961761,4557961761,455796176,455796176,044859308,OK
G907506222,8107506222,810750622,810750622,721863134,OK
Q222074279,4122074279,003495073,412207427,326588266,OK
A134950734,0034950734,003495073,003495073,326588266,OK
E188336873,0488336873,048833687,048833687,006882856,OK
A907108873,7507108873,250710887,750710887,514865421,FIXED_50
S284166038,4384166038,438416603,438416603,410727655,OK
E996079196,7996079196,799607919,799607919,913263750,OK
P828073839,6528073839,652807383,652807383,690175890,OK
X178236575,2378236575,237823657,237823657,486449054,OK
K818349065,6018349065,601834906,601834906,553367159,OK
Z108118261,2408118261,240811826,240811826,188490463,OK
U840811258,7040811258,704081125,704081125,963203659,OK
R960972359,9260972359,926097235,926097235,565286045,OK
S297517718,4397517718,439751771,439751771,499926926,OK
I213051650,3313051650,331305165,331305165,442280528,OK
Q220567646,4120567646,912056764,412056764,207056932,FIXED_50
M801143054,6201143054,620114305,620114305,762546853,OK
Z909681723,9909681723,990968172,990968172,546527968,OK
L153106200,1153106200,115310620,115310620,021721471,OK
M121817248,1221817248,122181724,122181724,088955515,OK
Z851910417,7451910417,745191041,745191041,805587283,OK
V888207151,7188207151,218820715,718820715,898998403,FIXED_50
W276024919,4776024919,477602491,477602491,089713442,OK
S892350788,6892350788,189235078,689235078,857945016,FIXED_50
I993757217,8393757217,699245865,839375721,831280837,OK
T892458655,6992458655,699245865,699245865,831280837,OK
T172664724,1972664724,697266472,197266472,213494782,FIXED_50
C801227262,5201227262,520122726,520122726,764350671,OK
P944637399,9044637399,904463739,904463739,899323077,OK
D850912759,5350912759,535091275,535091275,979832496,OK
N122400408,1322400408,132240040,132240040,280054248,OK
F915418356,8015418356,801541835,801541835,652855128,OK
M137404202,1237404202,123740420,123740420,408950590,OK
M828777312,6228777312,622877731,622877731,923704853,OK
O892989867,6492989867,149298986,649298986,923840881,FIXED_50
Q923199644,9123199644,412319964,912319964,934782869,FIXED_50
S207488135,4307488135,930748813,430748813,416276607,FIXED_50
H205902483,3205902483,320590248,320590248,307342341,OK
X210025305,4810025305,481002530,481002530,170347217,OK
T991148983,9491148983,351567736,949114898,588483659,FIXED_50
K915677368,8515677368,851567736,851567736,099569966,FIXED_50
H109466397,0709466397,070946639,070946639,456129876,OK
B237532651,2637532651,263753265,263753265,256154064,OK
T129150157,1929150157,192915015,192915015,387663748,OK
R106366520,1706366520,670636652,170636652,087466984,FIXED_50
U214382944,4514382944,451438294,451438294,221380157,OK
H114916537,0714916537,071491653,071491653,238238307,OK
Q142575220,1642575220,664257522,164257522,350454975,FIXED_50
B980574847,7680574847,268057484,768057484,665937720,FIXED_50
O818071806,6418071806,141807180,641807180,589211850,FIXED_50
D181946781,0381946781,538194678,038194678,439720020,FIXED_50
T211920816,4411920816,441192081,441192081,356035420,OK
J240038123,3440038123,344003812,344003812,008847337,OK
M947022638,8747022638,874702263,874702263,789115942,OK
L130229308,1130229308,113022930,113022930,322254240,OK
U894264956,7094264956,709426495,709426495,641983239,OK
Q222610220,4122610220,931399306,412261022,195010623,FIXED_50
S213993067,4313993067,431399306,431399306,749604997,FIXED_50
N140271067,1340271067,134027106,134027106,017613516,OK
E196602804,0496602804,049660280,049660280,301874198,OK
A158325260,0058325260,005832526,005832526,188028354,OK
K253998246,3553998246,355399824,355399824,312255559,OK
U872716255,7072716255,707271625,707271625,824400231,OK
A179468993,0079468993,007946899,007946899,412839746,OK
F848637154,5548637154,054863715,554863715,688953075,FIXED_50
D917573894,7817573894,781757389,781757389,968425486,OK
O999289166,8999289166,899928916,899928916,634126290,OK
S265774645,4365774645,936577464,436577464,222748609,FIXED_50
U934558662,9534558662,953455866,953455866,716458266,OK
L146668259,1146668259,114666825,114666825,203986472,OK
C228591081,2728591081,272859108,272859108,478830998,OK
V820512586,7120512586,712051258,712051258,554163722,OK
W139283489,2239283489,223928348,223928348,489063849,OK
R167198051,1767198051,676719805,176719805,219237742,FIXED_50
W241801864,4741801864,974180186,474180186,337260879,FIXED_50
O285558903,3985558903,398555890,398555890,436085845,OK
B181763100,0181763100,018176310,018176310,371655749,OK
B934468603,7634468603,763446860,763446860,549304127,OK
G281173961,3181173961,318117396,318117396,150539678,OK
F804851478,5504851478,550485147,550485147,918024908,OK
H189752105,0789752105,078975210,078975210,372998804,OK
Q106232055,1606232055,160623205,160623205,147835393,OK
A164377949,0064377949,506437794,006437794,323060504,FIXED_50
I986630041,8386630041,838663004,838663004,889915722,OK
F125259818,0525259818,052525981,052525981,011860183,OK
J200253904,3400253904,340025390,340025390,319606495,OK
Z245797639,4945797639,494579763,494579763,332888932,OK
D283212771,2883212771,087741675,288321277,039592363,OK
I177416751,0877416751,087741675,087741675,468337402,OK
Z968362183,9968362183,496836218,996836218,945369303,FIXED_50
F230255600,3030255600,803025560,303025560,050274712,FIXED_50
I124710622,0824710622,082471062,082471062,137616269,OK
V122371025,2122371025,592433387,212237102,535170824,OK
J824333876,5924333876,592433387,592433387,535170824,OK
H813087193,5713087193,071308719,571308719,606472551,FIXED_50
B909049378,7609049378,760904937,760904937,719584343,OK
P812001872,6512001872,651200187,651200187,942009279,OK
Z955786071,9955786071,995578607,995578607,799162883,OK
L234181552,3634181552,863418155,363418155,187755885,FIXED_50
H953465557,8253465557,825346555,825346555,907975132,OK
B918892565,7618892565,483998813,761889256,475563358,OK
X239988130,4839988130,483998813,483998813,038431583,OK
A902491828,7502491828,750249182,750249182,931275739,OK
A891211661,5091211661,509121166,509121166,560588055,OK
V291217963,4691217963,469121796,469121796,473258849,OK
G818420991,5618420991,561842099,561842099,717001299,OK
U906563135,9506563135,450656313,950656313,677161667,FIXED_50
G255892468,3155892468,315589246,315589246,445033977,OK
P872736690,6572736690,157273669,657273669,904485294,FIXED_50
J999114436,8499114436,349911443,849911443,786381887,FIXED_50
S826456422,6826456422,209653650,682645642,966344388,FIXED_50
U896536508,7096536508,709653650,709653650,300349054,FIXED_50
B954623833,7654623833,765462383,765462383,609585353,OK
H247564429,3247564429,824756442,324756442,242722043,FIXED_50
X142547598,2342547598,234254759,234254759,114190659,OK
E252830026,2952830026,295283002,295283002,135432924,OK
A283301583,2583301583,258330158,258330158,286855073,OK
P954315962,9054315962,905431596,905431596,762747448,OK
U174755649,2074755649,207475564,207475564,419156587,OK
C136064760,0236064760,523606476,023606476,365644444,FIXED_50
V962269411,9662269411,466226941,966226941,921490527,FIXED_50
G909793616,8109793616,810979361,810979361,801388270,OK
G844268314,5644268314,564426831,564426831,501133738,OK
L247135608,3647135608,864713560,364713560,107084712,FIXED_50
X907994591,9807994591,980799459,980799459,855487099,OK
H143045298,0743045298,527966572,074304529,646157041,OK
C879665729,5279665729,527966572,527966572,646157041,OK
E247204130,2947204130,242322323,294720413,983271422,FIXED_50
Z823223230,7423223230,742322323,742322323,100232678,FIXED_50
F148133942,0548133942,054813394,054813394,403371134,OK
F146896099,0546896099,054689609,054689609,116654764,OK
Q997336788,9197336788,919733678,919733678,544651423,OK
W277338314,4777338314,477733831,477733831,395346248,OK
S813642996,6813642996,681364299,681364299,844397579,OK
B124723762,0124723762,012472376,012472376,114543841,OK
W186518122,2286518122,728651812,228651812,363355007,FIXED_50
T820878461,6920878461,192087846,692087846,955681045,FIXED_50
W917328403,9717328403,471732840,971732840,910298599,FIXED_50
Q163688606,1663688606,666368860,166368860,289435384,FIXED_50
I261941021,3361941021,336194102,336194102,402091902,OK
I156433789,0856433789,085643378,085643378,198767109,OK
C998536727,7798536727,279853672,779853672,588828792,FIXED_50
V128782380,2128782380,712878238,212878238,141248289,FIXED_50
G193758749,0693758749,569375874,069375874,473603180,FIXED_50
E815525988,5415525988,541552598,541552598,973797644,OK
X125734113,2325734113,232573411,232573411,414335893,OK
D218855239,2818855239,281885523,281885523,114521333,OK
Q226073134,4126073134,412607313,412607313,000050358,OK
T152443578,1952443578,195244357,195244357,244578781,OK
O956532775,8956532775,895653277,895653277,512581076,OK
H879665742,5779665742,577966574,577966574,724690400,OK
O233163661,3933163661,893316366,393316366,358244749,FIXED_50
A924391149,7524391149,752439114,752439114,889610242,OK
K224035703,3524035703,852403570,352403570,063092005,FIXED_50
O885045832,6485045832,648504583,648504583,695750111,OK
X804814727,7304814727,730481472,730481472,730255383,OK
V830254153,7130254153,713025415,713025415,816398681,OK
B898804647,5198804647,519880464,519880464,921329897,OK
E972353855,7972353855,297235385,797235385,918135742,FIXED_50
F910294178,8010294178,801029417,801029417,695588713,OK
S257098243,4357098243,935709824,435709824,159922511,FIXED_50
F297090909,3097090909,309709090,309709090,309008270,OK
C109094690,0209094690,020909469,020909469,483737191,OK
B229219747,2629219747,262921974,262921974,050431395,OK
Q170534944,1670534944,667053494,167053494,000053629,FIXED_50
G838555584,5638555584,063855558,563855558,704269949,FIXED_50
C284476107,2784476107,278447610,278447610,482665874,OK
J880489080,5980489080,098048908,598048908,711965822,FIXED_50
T218815774,4418815774,441881577,441881577,295573168,OK
E262846116,2962846116,296284611,296284611,123181987,OK
X939510672,9839510672,757372216,983951067,673307831,OK
A973722163,7573722163,257372216,757372216,629149534,FIXED_50
P102515007,1502515007,150251500,150251500,136977652,OK
W933342958,9733342958,973334295,973334295,809046564,OK
P240970424,4040970424,404097042,404097042,426331389,OK
L157711038,1157711038,115771103,115771103,011437911,OK
G868246141,5668246141,566824614,566824614,640818856,OK
O898404096,6498404096,149840409,649840409,979991602,FIXED_50
Q193061391,1693061391,169306139,169306139,395865192,OK
T815308621,6915308621,691530862,691530862,546833871,OK
W289749630,4789749630,478974963,478974963,256725297,OK
B195731143,0195731143,519573114,019573114,496478296,FIXED_50
M950320349,8750320349,378093710,875032034,240731389,OK
M280937107,3780937107,378093710,378093710,240731389,OK
O891960779,6491960779,649196077,649196077,739844234,OK
H273185494,3273185494,608556601,327318549,942015292,OK
K885566010,6085566010,608556601,608556601,942015292,OK
J102027375,0902027375,590202737,090202737,068204716,FIXED_50
O212919716,3912919716,891291971,391291971,099050441,FIXED_50
I985124179,8385124179,338512417,838512417,994815818,FIXED_50
F177122088,0577122088,057712208,057712208,137647531,OK
K291240249,3591240249,859124024,359124024,037935626,FIXED_50
R145153709,1745153709,674515370,174515370,283082499,FIXED_50
O121825270,1421825270,642182527,142182527,060424516,FIXED_50
T861142211,6961142211,696114221,696114221,804490168,OK
S104148696,1804148696,180414869,180414869,258978761,OK
R200231137,4200231137,420023113,420023113,325294794,OK
J204668241,3404668241,340466824,340466824,488167541,OK
N800144012,6300144012,630014401,630014401,932096754,OK
K110920966,1010920966,101092096,101092096,479714195,OK
A256850735,2556850735,255685073,255685073,061360449,OK
I844909012,5844909012,584490901,584490901,726921500,OK
K993419380,8593419380,359341938,859341938,784661038,FIXED_50
H244152329,3244152329,824415232,324415232,491945910,FIXED_50
F152160288,0552160288,055216028,055216028,390070182,OK
L947606857,8647606857,864760685,864760685,551981431,OK
D199711210,0399711210,039971121,039971121,161524018,OK
I259599740,3359599740,835959974,335959974,382774084,FIXED_50
P205623375,4005623375,400562337,400562337,433478188,OK
X231780874,4831780874,483178087,483178087,348514975,OK
N129237930,1329237930,132923793,132923793,191562665,OK
G133406199,0633406199,321641713,063340619,094851525,OK
H216417137,3216417137,321641713,321641713,094851525,OK
J126204105,0926204105,092620410,092620410,295533247,OK
A896499629,5096499629,009649962,509649962,623991548,FIXED_50
Q866653805,6666653805,666665380,666665380,723170208,OK
A238346890,2538346890,753834689,253834689,350373188,FIXED_50
L135172484,1135172484,113517248,113517248,306139565,OK
W806634489,7206634489,720663448,720663448,532421821,OK
L219554942,3619554942,415129603,361955494,192226246,OK
Q251296038,4151296038,415129603,415129603,192226246,OK
O919113243,8919113243,891911324,891911324,525355268,OK
V810656571,7110656571,573666397,711065657,872654162,OK
H836663977,5736663977,573666397,573666397,872654162,OK
Z951198995,9951198995,495119899,995119899,873125362,FIXED_50
X186873966,2386873966,238687396,238687396,462456150,OK
X134709986,2334709986,733470998,233470998,457140531,FIXED_50
V968084430,9668084430,966808443,966808443,873345091,OK
B959083508,7659083508,765908350,765908350,965081456,OK
G248759725,3148759725,314875972,314875972,117893668,OK
J190188167,0990188167,099018816,099018816,411075362,OK
U266263116,4566263116,456626311,456626311,474969057,OK
C856119662,5256119662,525611966,525611966,647429667,OK
I268323049,3368323049,336832304,336832304,268269604,OK
U166148014,2066148014,206614801,206614801,461370645,OK
J994801470,8494801470,849480147,849480147,774487785,OK
Q212013826,4112013826,411201382,411201382,112030844,OK
S973463799,9373463799,561600563,937346379,006565061,FIXED_50
G116005634,0616005634,061600563,061600563,835278446,FIXED_50
N152471620,1352471620,135247162,135247162,297326659,OK
U991533232,9591533232,459153323,959153323,908255179,FIXED_50
D970645902,7870645902,287064590,787064590,600601784,FIXED_50
L841845956,6141845956,114184595,614184595,793254597,FIXED_50
Z188832911,2488832911,248883291,248883291,452475561,OK
K814580122,6014580122,101458012,601458012,920934097,FIXED_50
R284578751,4284578751,428457875,428457875,288802237,OK
F811525214,5511525214,551152521,551152521,651100216,OK
H838262094,5738262094,573826209,573826209,736036276,OK
O252289448,3952289448,395228944,395228944,252405115,OK
D838413346,5338413346,533841334,533841334,989543411,OK
Q931642752,9131642752,913164275,913164275,962338168,OK
X229833628,4829833628,482983362,482983362,089668203,OK
M904808401,8704808401,370480840,870480840,899133604,FIXED_50
B999802176,7699802176,769980217,769980217,793417997,OK
U281714187,4581714187,458171418,458171418,031598669,OK
F984650502,8084650502,808465050,808465050,506804309,OK
V901827886,9601827886,952214560,960182788,900293698,OK
U922145600,9522145600,952214560,952214560,900293698,OK
T105130948,1905130948,190513094,190513094,325261121,OK
K140432246,1040432246,104043224,104043224,312518120,OK
J920818361,8420818361,469087955,842081836,371507151,OK
V290879558,4690879558,469087955,469087955,344623979,OK
W808834209,7208834209,720883420,720883420,505531186,OK
S835485244,6835485244,183548524,683548524,929021906,FIXED_50
I803150308,5803150308,580315030,580315030,726026130,OK
K173400727,1073400727,107340072,107340072,434576350,OK
Q830817360,6630817360,163081736,663081736,892828066,FIXED_50
A823056452,5023056452,502305645,502305645,871058592,OK
A255014922,2555014922,755501492,255501492,166834701,FIXED_50
D125272668,0325272668,532527266,032527266,104139452,FIXED_50
L862879961,6162879961,616287996,616287996,783863370,OK
N138553661,1338553661,133855366,133855366,233994039,OK
N833973836,6333973836,633397383,633397383,756476540,OK
Z252019819,4952019819,495201981,495201981,046455941,OK
F262056784,3062056784,306205678,306205678,058760775,OK
Z265499143,4965499143,496549914,496549914,174757372,OK
X916075778,9816075778,481607577,981607577,590509713,FIXED_50
M245759450,3745759450,961732862,374575945,709714152,OK
V917328625,9617328625,961732862,961732862,709714152,OK
P145901954,1545901954,154590195,154590195,187650997,OK
X193919084,2393919084,239391908,239391908,375942673,OK
X941560379,9841560379,484156037,984156037,659642327,FIXED_50
P264537663,4064537663,406453766,406453766,446180717,OK
V903494714,9603494714,960349471,960349471,739673827,OK
W938958787,9738958787,973895878,973895878,543090606,OK
D121509968,0321509968,532150996,032150996,197907923,FIXED_50
A249273684,2549273684,754927368,254927368,279003330,FIXED_50
H833977429,5733977429,073397742,573397742,517239015,FIXED_50
V932617052,9632617052,463261705,963261705,541953154,FIXED_50
Z110049897,2410049897,241004989,241004989,176509066,OK
Q131678381,1631678381,163167838,163167838,453162088,OK
W135263481,2235263481,223526348,223526348,008623362,OK
M277628671,3777628671,377762867,377762867,092458589,OK
R826946260,6726946260,498867632,672694626,999393647,FIXED_50
Z988676320,9988676320,998867632,998867632,133287224,FIXED_50
Q879877631,6679877631,667987763,667987763,707327665,OK
P821560188,6521560188,652156018,652156018,528217817,OK
X996986341,9896986341,989698634,989698634,848360695,OK
G918840691,8118840691,811884069,811884069,968381763,OK
L261035123,3661035123,366103512,366103512,159473634,OK
B250668403,2650668403,265066840,265066840,313722532,OK
Q855396326,6655396326,642715139,665539632,442846012,FIXED_50
O127151395,1427151395,142715139,142715139,683319450,FIXED_50
D853907652,5353907652,535390765,535390765,900186477,OK
O850266725,6450266725,645026672,645026672,798864525,OK
H149933395,0749933395,074993339,074993339,136384120,OK
U269449565,4569449565,956944956,456944956,005732865,FIXED_50
U160726470,2060726470,706072647,206072647,011137923,FIXED_50
S960019385,9360019385,936001938,936001938,958593220,OK
Q826977255,6626977255,162697725,662697725,913347288,FIXED_50
W898646626,7298646626,729864662,729864662,842085185,OK
W176823367,2276823367,727682336,227682336,064432094,FIXED_50
F816642587,5516642587,551664258,551664258,510269338,OK
H295101956,3295101956,829510195,329510195,098078375,FIXED_50
E845046114,5445046114,044504611,544504611,911336866,FIXED_50
G926817115,8126817115,312681711,812681711,821575573,FIXED_50
T876057096,6976057096,697605709,697605709,879941924,OK
Z905116029,9905116029,990511602,990511602,709103536,OK
A991067334,7591067334,759106733,759106733,667668295,OK
W112335331,2212335331,221233533,221233533,355225704,OK
N223073998,3823073998,382307399,382307399,253833709,OK
W878392841,7278392841,727839284,727839284,613047513,OK
M281614096,3781614096,378161409,378161409,244779637,OK
Q937187554,9137187554,913718755,913718755,510708905,OK
D835911498,5335911498,533591149,533591149,841243946,OK
S229450797,4329450797,432945079,432945079,057848879,OK
V291015790,4691015790,469101579,469101579,379800759,OK
U834794282,7034794282,703479428,703479428,776963701,OK
Q829222748,6629222748,662922274,662922274,873492029,OK
Z293864249,4993864249,999386424,499386424,046460283,FIXED_50
J926351338,8426351338,342635133,842635133,830731446,FIXED_50
C260384924,2760384924,776038492,276038492,376893963,FIXED_50
E988312593,7988312593,798831259,798831259,559118275,OK
S921800164,9321800164,191766061,932180016,453726140,OK
T117660611,1917660611,191766061,191766061,453726140,OK
V886401240,7186401240,218640124,718640124,987485223,FIXED_50
G943815124,8143815124,314381512,814381512,945831543,FIXED_50
J291958352,3491958352,849195835,349195835,158546044,FIXED_50
E298478657,2998478657,799847865,299847865,078536518,FIXED_50
J991656526,8491656526,849165652,849165652,876195542,OK
F916989854,8016989854,801698985,801698985,774179205,OK
Q861855676,6661855676,166185567,666185567,804094023,FIXED_50
T952091141,9452091141,445209114,945209114,504446931,FIXED_50
W907922202,9707922202,470792220,970792220,593230601,FIXED_50
P978273032,9078273032,907827303,907827303,595771400,OK
H203572049,3203572049,961843796,320357204,887523393,OK
V918437963,9618437963,961843796,961843796,887523393,OK
K251156839,3551156839,355115683,355115683,218657746,OK
A138200799,0038200799,003820079,003820079,407313556,OK
R268198888,4268198888,426819888,426819888,200222284,OK
H924714694,8224714694,822471469,822471469,925252860,OK
D206468637,2806468637,280646863,280646863,376846713,OK
E153613269,0453613269,045361326,045361326,496933969,OK
V928148213,9628148213,462814821,962814821,780462194,FIXED_50
G278277898,3178277898,317827789,317827789,305279513,OK
R259333486,4259333486,425933348,425933348,161278654,OK
K884235552,6084235552,108423555,608423555,640390987,FIXED_50
T213844480,4413844480,441384448,441384448,245317099,OK
R901604316,9201604316,920160431,920160431,771952299,OK
S998615575,9398615575,939861557,939861557,824246414,OK
V162558266,2162558266,216255826,216255826,295150041,OK
E184729943,0484729943,548472994,048472994,281502414,FIXED_50
J915477518,8415477518,841547751,841547751,796473488,OK
V859379862,7159379862,715937986,715937986,543600085,OK
T199463490,1999463490,199946349,199946349,415098810,OK
L225259645,3625259645,362525964,362525964,278835391,OK
C976496331,7776496331,777649633,777649633,960348667,OK
N165673683,1365673683,636567368,136567368,159459692,FIXED_50
Q936482621,9136482621,913648262,913648262,992630199,OK
E951042400,7951042400,795104240,795104240,805215881,OK
T108256216,1908256216,190825621,190825621,302520570,OK
U161176778,2061176778,206117677,206117677,307636851,OK
H843877258,5743877258,074387725,574387725,764622093,FIXED_50
H133544739,0733544739,573354473,073354473,112887332,FIXED_50
G215913059,3115913059,311591305,311591305,135057297,OK
X966458861,9866458861,486645886,986645886,545676889,FIXED_50
B145577457,0145577457,014557745,014557745,388128484,OK
R260526246,4260526246,926052624,426052624,250363823,FIXED_50
P858292226,6558292226,155829222,655829222,872070400,FIXED_50
A142246150,0042246150,004224615,004224615,045870383,OK
H155551863,0755551863,075555186,075555186,328510669,OK
W884144422,7284144422,228414442,728414442,695113250,FIXED_50
W172599673,2272599673,227259967,227259967,030915017,OK
X210480600,4810480600,481048060,481048060,194030328,OK
C159544823,0259544823,025954482,025954482,099750777,OK
Q938990395,9138990395,413899039,913899039,785298268,FIXED_50
K942189628,8542189628,854218962,854218962,721005574,OK
Q103053285,1603053285,160305328,160305328,347920472,OK
R238442739,4238442739,634043495,423844273,107063098,FIXED_50
N140434957,1340434957,134043495,134043495,968556429,FIXED_50
N127905560,1327905560,632790556,132790556,119374835,FIXED_50
T256428220,4456428220,445642822,445642822,002950747,OK
Z186016875,2486016875,248601687,248601687,417475016,OK
F987053354,8087053354,808705335,808705335,588691021,OK
H245255605,3245255605,824525560,324525560,358765453,FIXED_50
E145182264,0445182264,841567754,044518226,796167586,OK
J915677545,8415677545,841567754,841567754,796167586,OK
H843784856,5743784856,574378485,574378485,637617851,OK
T962983576,9462983576,946298357,946298357,658873282,OK
L112643668,1112643668,111264366,111264366,205419003,OK
Q831248743,6631248743,663124874,663124874,622460201,OK
R283535501,4283535501,428353550,428353550,154523902,OK
O135091175,1435091175,143509117,143509117,396024733,OK
J242283386,3442283386,844228338,344228338,457534808,FIXED_50
D182702103,0382702103,538270210,038270210,174348210,FIXED_50
K162699530,1062699530,606269953,106269953,195228203,FIXED_50
K274185472,3574185472,857418547,357418547,348623469,FIXED_50
U880797273,7080797273,708079727,708079727,636708423,OK
S109489709,1809489709,680948970,180948970,146489525,FIXED_50
U150282658,2050282658,705028265,205028265,109736444,FIXED_50
E275383226,2975383226,797538322,297538322,312737479,FIXED_50
B264679932,2664679932,766467993,266467993,355491075,FIXED_50
X223380066,4823380066,982338006,482338006,185900516,FIXED_50
F276131478,3076131478,307613147,307613147,142357657,OK
M145004789,1245004789,124500478,124500478,008042417,OK
G994525008,8194525008,319452500,819452500,590242702,FIXED_50
G217968249,3117968249,811796824,311796824,407113805,FIXED_50
W864879246,7264879246,726487924,726487924,506924159,OK
G257218808,3157218808,315721880,315721880,015195364,OK
I913408475,8313408475,831340847,831340847,840914821,OK
J262778313,3462778313,346277831,346277831,266533717,OK
X854509431,7354509431,235450943,735450943,847576435,FIXED_50
I803912282,5803912282,080391228,580391228,562352657,FIXED_50
A191506858,0091506858,138445105,009150685,061548160,OK
N184451054,1384451054,138445105,138445105,061548160,OK
W848019526,7248019526,724801952,724801952,845458240,OK
P171117437,1571117437,157111743,157111743,044737843,OK
F227550427,3027550427,302755042,302755042,472255582,OK
Z299784884,4999784884,278499885,499978488,817470817,FIXED_50
C984998853,7784998853,778499885,778499885,147091547,FIXED_50
Z863315968,7463315968,746331596,746331596,851865525,OK
G802224429,5602224429,060222442,560222442,668213506,FIXED_50
R100818472,1700818472,170081847,170081847,148598051,OK
Q928736254,9128736254,912873625,912873625,707886130,OK
J995977553,8495977553,849597755,849597755,730140002,OK
X906837891,9806837891,639263325,980683789,388090031,FIXED_50
N192633257,1392633257,139263325,139263325,730949066,FIXED_50
D965506194,7865506194,286550619,786550619,658062585,FIXED_50
S199449597,1899449597,189944959,189944959,195446711,OK
O268286408,3968286408,896828640,396828640,097878959,FIXED_50
L113763169,1113763169,111376316,111376316,082117381,OK
M135443149,1235443149,123544314,123544314,328474332,OK
R983892265,9283892265,928389226,928389226,763034880,OK
R861466929,6761466929,676146692,676146692,948514104,OK
K101179424,1001179424,100117942,100117942,225125727,OK
J102406974,0902406974,090240697,090240697,418801038,OK
Z875269435,7475269435,747526943,747526943,715152827,OK
J957180690,8457180690,345718069,845718069,894518360,FIXED_50
E123336348,0423336348,042333634,042333634,058525234,OK
I923335014,8323335014,332333501,832333501,917309029,FIXED_50
M146290234,1246290234,124629023,124629023,182806273,OK
K838687655,6038687655,860192404,603868765,961658014,OK
L901924041,8601924041,578655832,860192404,880016409,OK
V816913897,7116913897,578655832,711691389,855453391,OK
H886558323,5786558323,578655832,578655832,855453391,OK
I224165334,3324165334,332416533,332416533,072574854,OK
W165071697,2265071697,226507169,226507169,297396574,OK
B853207922,5153207922,515320792,515320792,803303945,OK
A177661503,0077661503,007766150,007766150,013044438,OK
F908014973,8008014973,300801497,800801497,686501251,FIXED_50
D916729776,7816729776,781672977,781672977,543579194,OK
G220760435,3120760435,812076043,312076043,037679683,FIXED_50
U815991289,7015991289,201599128,701599128,967185982,FIXED_50
H927398441,8227398441,822739844,822739844,501862600,OK
S882740163,6882740163,688274016,688274016,710895693,OK
M178630986,1278630986,627863098,127863098,338214359,FIXED_50
Z809996996,7409996996,931454171,740999699,564218229,OK
S914541712,9314541712,931454171,931454171,564218229,OK
N957178451,8857178451,885717845,885717845,879227984,OK
N159970500,1359970500,135997050,135997050,469237927,OK
O157159372,1457159372,645715937,145715937,456126255,FIXED_50
N880732810,6380732810,138073281,638073281,793152597,FIXED_50
C289193630,2789193630,278919363,278919363,053562825,OK
Q274184684,4174184684,417418468,417418468,469032530,OK
O190020496,1490020496,649002049,149002049,384133335,FIXED_50
O949960376,8949960376,394996037,894996037,976035783,FIXED_50
H822204531,5722204531,572220453,572220453,942511382,OK
A292904207,2592904207,259290420,259290420,470800156,OK
W223173518,4723173518,972317351,472317351,365149344,FIXED_50
D893009644,5393009644,539300964,539300964,890940221,OK
I254423090,3354423090,335442309,335442309,042149196,OK
H973539772,8273539772,827353977,827353977,992561488,OK
F238363378,3038363378,303836337,303836337,146264209,OK
F893019820,5593019820,559301982,559301982,898090392,OK
O268301642,3968301642,396830164,396830164,007000508,OK
X844662814,7344662814,734466281,734466281,899679713,OK
N852597598,6352597598,635259759,635259759,702320930,OK
G809283186,5609283186,560928318,560928318,992132082,OK
T103870681,1903870681,690387068,190387068,069288560,FIXED_50
B143500305,0143500305,014350030,014350030,498750721,OK
U141768743,2041768743,204176874,204176874,103118711,OK
J178858455,0978858455,097885845,097885845,440460474,OK
V945372348,9645372348,964537234,964537234,742532665,OK
T206131745,4406131745,440613174,440613174,398010459,OK
I158630491,0858630491,585863049,085863049,069209546,FIXED_50
R843747190,6743747190,331425726,674374719,398730843,OK
I214257263,3314257263,331425726,331425726,398730843,OK
F902883278,8002883278,800288327,800288327,840454567,OK
C274718616,2774718616,777471861,277471861,030879098,FIXED_50
V997958770,9697958770,969795877,969795877,620066936,OK
A983646901,7583646901,258364690,758364690,663382787,FIXED_50
J288381721,3488381721,848838172,348838172,255109232,FIXED_50
P230513015,4030513015,903051301,403051301,240185930,FIXED_50
C296645201,2796645201,279664520,279664520,159885590,OK
G931614948,8131614948,313161494,813161494,824521540,FIXED_50
E192728012,0492728012,549272801,049272801,147777865,FIXED_50
J169453200,0969453200,096945320,096945320,179949958,OK
X156865956,2356865956,735686595,235686595,040694282,FIXED_50
N273771583,3873771583,387377158,387377158,368160727,OK
U133487855,2033487855,203348785,203348785,262556574,OK
Z878641064,7478641064,747864106,747864106,620998540,OK
E900612181,7900612181,790061218,790061218,982816195,OK
C882331081,5282331081,528233108,528233108,988862425,OK
O295011631,3995011631,399501163,399501163,075167381,OK
S207541208,4307541208,930754120,430754120,457883470,FIXED_50
L814041540,6114041540,111404154,611404154,726443211,FIXED_50
G116502772,0616502772,061650277,061650277,128440808,OK
C222906300,2722906300,272290630,272290630,134951621,OK
J883619437,5983619437,598361943,598361943,714405413,OK
L131169196,1131169196,781985300,113116919,684751012,OK
D919853000,7819853000,281985300,781985300,570993679,FIXED_50
C159971124,0259971124,525997112,025997112,159822938,FIXED_50
D179162319,0379162319,422573878,037916231,873884374,FIXED_50
R925738784,9225738784,922573878,922573878,475834501,FIXED_50
C258373448,2758373448,775837344,275837344,294719418,FIXED_50
E838347357,5438347357,543834735,543834735,899993027,OK
A169715921,0069715921,006971592,006971592,222363293,OK
F944634177,8044634177,161002006,804463417,481950581,OK
Q110020063,1610020063,161002006,161002006,060755932,OK
W957025409,9757025409,975702540,975702540,845131459,OK
N216709161,3816709161,881670916,381670916,019635036,FIXED_50
C299959739,2799959739,279995973,279995973,339081511,OK
P229454961,4029454961,820764572,402945496,356463589,FIXED_50
H207645721,3207645721,320764572,320764572,589164708,FIXED_50
A235295476,2535295476,253529547,253529547,210804677,OK
J849174800,5949174800,594917480,594917480,653442253,OK
L156023413,1156023413,115602341,115602341,270863888,OK
G952517088,8152517088,974890618,815251708,726256381,OK
W948906188,9748906188,974890618,974890618,726256381,OK
X210102432,4810102432,232298806,481010243,765013892,FIXED_50
X822988060,7322988060,732298806,732298806,381919944,FIXED_50
D866004786,5366004786,536600478,536600478,566807673,OK
O231936988,3931936988,324612405,393193698,843923625,FIXED_50
H946124050,8246124050,824612405,824612405,080883305,FIXED_50
N926539022,8826539022,860080085,882653902,588654650,OK
L900800855,8600800855,860080085,860080085,588654650,OK
G928087428,8128087428,312808742,812808742,635781488,FIXED_50
F815647908,5515647908,551564790,551564790,603773770,OK
B268488124,2668488124,266848812,266848812,391817369,OK
L230710539,3630710539,363071053,363071053,235011554,OK
R289174824,4289174824,428917482,428917482,226841388,OK
P911415712,9011415712,401141571,901141571,736217980,FIXED_50
C104697084,0204697084,520469708,020469708,282208578,FIXED_50
D882763548,5382763548,538276354,538276354,689188673,OK
S257495804,4357495804,435749580,435749580,119181860,OK
N194053640,1394053640,639405364,139405364,043426945,FIXED_50
B820582278,5120582278,512058227,512058227,611275763,OK
S845695298,6845695298,684569529,684569529,727837576,OK
K949423445,8549423445,354942344,854942344,854284139,FIXED_50
O800891232,6400891232,640089123,640089123,632242067,OK
I946040438,8346040438,834604043,834604043,937916969,OK
S856789265,6856789265,685678926,685678926,561904553,OK
W229667724,4729667724,472966772,472966772,442583707,OK
J800440829,5900440829,590044082,590044082,889964425,OK
U100683516,2000683516,200068351,200068351,479771193,OK
I150235387,0850235387,585023538,085023538,269264755,FIXED_50
N221349686,3821349686,382134968,382134968,152686324,OK
Q916158151,9116158151,911615815,911615815,584447524,OK
H204144370,3204144370,320414437,320414437,191427906,OK
R255680199,4255680199,371159062,425568019,356419394,OK
M211590625,3711590625,371159062,371159062,356419394,OK
U828547286,7028547286,702854728,702854728,986064960,OK
U172656830,2072656830,207265683,207265683,288320755,OK
U136218923,2036218923,203621892,203621892,245600729,OK
W179978298,2279978298,727997829,227997829,094316264,FIXED_50
E903214534,7903214534,790321453,790321453,615210432,OK
U912104302,9512104302,951210430,951210430,915671223,OK
U816999234,7016999234,701699923,701699923,560043423,OK
P282786057,4082786057,408278605,408278605,484975719,OK
G897099629,5697099629,569709962,569709962,731699217,OK
C885925085,5285925085,528592508,528592508,985496425,OK
C842470983,5242470983,024247098,524247098,550873392,FIXED_50
L217669744,3617669744,861766974,361766974,001340144,FIXED_50
X109212372,2309212372,730921237,230921237,107626060,FIXED_50
W800917292,7200917292,220091729,720091729,944439887,FIXED_50
G822496994,5622496994,562249699,562249699,984405232,OK
A131026991,0031026991,503102699,003102699,270516471,FIXED_50
X124641324,2324641324,232464132,232464132,208459362,OK
V159778343,2159778343,715977834,215977834,495154944,FIXED_50
W847648998,7247648998,724764899,724764899,931782543,OK
P289685731,4089685731,908968573,408968573,249031912,FIXED_50
O184481796,1484481796,518920628,148448179,358547994,FIXED_50
B189206282,0189206282,018920628,018920628,161143587,OK
H124296980,0724296980,072429698,072429698,289586677,OK
O258237635,3958237635,395823763,395823763,431480482,OK
V910932809,9610932809,961093280,961093280,835340250,OK
D966988252,7866988252,786698825,786698825,684941854,OK
M231196945,3731196945,873119694,373119694,398183350,FIXED_50
S169951968,1869951968,686995196,186995196,036370760,FIXED_50
B184042411,0184042411,518404241,018404241,265264719,FIXED_50
I931132492,8331132492,333113249,833113249,618890877,FIXED_50
W888015459,7288015459,728801545,728801545,747901692,OK
C878657732,5278657732,523662421,527865773,139830011,FIXED_50
C136624211,0236624211,023662421,023662421,893309678,FIXED_50
H990721103,8290721103,829072110,829072110,661044488,OK
N847420455,6347420455,134742045,634742045,977888835,FIXED_50
M203643555,3703643555,370364355,370364355,237213466,OK
E871052302,5471052302,047105230,547105230,776192384,FIXED_50
T835670931,6935670931,693567093,693567093,859231000,OK
S889597759,6889597759,688959775,688959775,740677057,OK
G890123079,5690123079,569012307,569012307,852528818,OK
C861797436,5261797436,026179743,526179743,936946974,FIXED_50
V944028136,9644028136,964402813,964402813,930636285,OK
N270301776,3870301776,387030177,387030177,210347687,OK
T875211390,6975211390,697521139,697521139,909037563,OK
R879129720,6779129720,177912972,677912972,701197470,FIXED_50
Z280007418,4980007418,498000741,498000741,441103811,OK
P135658526,1535658526,153565852,153565852,052451938,OK
Q128606602,1628606602,162860660,162860660,076120540,OK
Q988502827,9188502827,918850282,918850282,559077808,OK
Z236647699,4936647699,493664769,493664769,307886609,OK
Z840323453,7440323453,744032345,744032345,992206314,OK
U801547513,7001547513,700154751,700154751,606818006,OK
N176520755,1376520755,612046403,137652075,982020707,OK
L820464031,6120464031,612046403,612046403,982020707,OK
X205495859,4805495859,980549585,480549585,017557180,FIXED_50
F865542716,5565542716,117208671,556554271,890493503,FIXED_50
L872086718,6172086718,842251361,617208671,527482738,OK
Q992725445,9192725445,842251361,919272544,897241435,OK
J922513618,8422513618,842251361,842251361,897241435,OK
O265073007,3965073007,896507300,396507300,149223338,FIXED_50
K191465333,1091465333,109146533,109146533,429686522,OK
S244825807,4344825807,934482580,434482580,482728682,FIXED_50
K278646547,3578646547,357864654,357864654,412055946,OK
D290918448,2890918448,289091844,289091844,479299988,OK
V143264374,2143264374,714326437,214326437,240763840,FIXED_50
V980031086,9680031086,468003108,968003108,895255984,FIXED_50
A800996113,5000996113,500099611,500099611,748232004,OK
Z834350659,7434350659,243435065,743435065,503044323,FIXED_50
N222623449,3822623449,882262344,382262344,354098878,FIXED_50
E999226839,7999226839,799922683,799922683,756939151,OK
G953381340,8153381340,815338134,815338134,947954490,OK
E196371813,0496371813,549637181,049637181,488849791,FIXED_50
B832361930,5132361930,513236193,513236193,550446538,OK
T813083434,6913083434,191308343,691308343,768625104,FIXED_50
C899893845,5299893845,892650851,529989384,701665398,OK
O926508510,8926508510,892650851,892650851,607002435,OK
L836075531,6136075531,613607553,613607553,701534261,OK
F986479710,8086479710,236003035,808647971,087523666,OK
X160030354,2360030354,236003035,236003035,087523666,OK
C128133103,0228133103,022813310,022813310,079261498,OK
V245534193,4645534193,464553419,464553419,184329038,OK
K827679129,6027679129,602767912,602767912,761422494,OK
C104766664,0204766664,520476666,020476666,329816089,FIXED_50
E254614637,2954614637,295461463,295461463,324221257,OK
X852071890,7352071890,235207189,735207189,623830690,FIXED_50
A237710207,2537710207,753771020,253771020,074653140,FIXED_50
W964197590,9764197590,976419759,976419759,936191405,OK
V963984319,9663984319,466398431,966398431,711454954,FIXED_50
C134541657,0234541657,023454165,023454165,127980338,OK
S101130094,1801130094,680113009,180113009,114425360,FIXED_50
T185649204,1985649204,198564920,198564920,322954597,OK
K963466022,8563466022,856346602,856346602,536564780,OK
U273910657,4573910657,457391065,457391065,214328157,OK
I960509390,8360509390,836050939,836050939,765177011,OK
H961981202,8261981202,826198120,826198120,875007696,OK
P187006178,1587006178,158700617,158700617,468843763,OK
K189729797,1089729797,608972979,108972979,092695211,FIXED_50
B102622462,0102622462,010262246,010262246,213911407,OK
D220492251,2820492251,282049225,282049225,315323204,OK
Z186952125,2486952125,248695212,248695212,278835573,OK
D909854899,7809854899,280985489,780985489,620931876,FIXED_50
Q988294151,9188294151,918829415,918829415,676212979,OK
L898334139,6198334139,619833413,619833413,970697434,OK
Z200842520,4900842520,490084252,490084252,206818249,OK
L845613665,6145613665,614561366,614561366,610477749,OK
M815888011,6215888011,684642470,621588801,645803387,OK
S846424702,6846424702,684642470,684642470,645803387,OK
K160616917,1060616917,106061691,106061691,479893708,OK
J941550962,8441550962,844155096,844155096,713083630,OK
E186432023,0486432023,048643202,048643202,335540867,OK
C252219187,2752219187,275221918,275221918,039653686,OK
E953198138,7953198138,795319813,795319813,870908523,OK
V297696520,4697696520,969769652,469769652,014761205,FIXED_50
L985410346,8685410346,368541034,868541034,901117250,FIXED_50
V897368989,7197368989,719736898,719736898,604420077,OK
N282711040,3882711040,888271104,388271104,035180510,FIXED_50
G226910653,3126910653,312691065,312691065,060078382,OK
X811309375,7311309375,731130937,731130937,957690121,OK
E940421217,7940421217,794042121,794042121,614252833,OK
W104235671,2204235671,220423567,220423567,121959909,OK
Q289029510,4189029510,918902951,418902951,404267654,FIXED_50
U928842402,9528842402,375258594,952884240,445593291,OK
M252585942,3752585942,875258594,375258594,220388249,FIXED_50
R843368073,6743368073,674336807,674336807,644144361,OK
L294093073,3694093073,369409307,369409307,025040593,OK
T903223802,9403223802,940322380,940322380,850313921,OK
D810568508,5310568508,531056850,531056850,773503123,OK
H150370582,0750370582,575037058,075037058,017288545,FIXED_50
C851604942,5251604942,525160494,525160494,858545440,OK
S209650175,4309650175,430965017,430965017,426129274,OK
K944341537,8544341537,854434153,854434153,981466347,OK
K890889422,6090889422,609088942,609088942,540479384,OK
F875125183,5575125183,557512518,557512518,655923629,OK
L971542504,8671542504,367154250,867154250,645495893,FIXED_50
W177317439,2277317439,227731743,227731743,280089038,OK
K229969437,3529969437,852996943,352996943,368731744,FIXED_50
F277724333,3077724333,307772433,307772433,090649979,OK
K147604366,1047604366,104760436,104760436,117568244,OK
L813874625,6113874625,611387462,611387462,687119864,OK
V921602607,9621602607,462160260,962160260,890068732,FIXED_50
B820455945,5120455945,512045594,512045594,754196120,OK
J984907027,8484907027,348490702,848490702,815579551,FIXED_50
S883623563,6883623563,188362356,688362356,985351726,FIXED_50
X157548712,2357548712,964505082,235754871,650129684,OK
V945050829,9645050829,964505082,964505082,650129684,OK
F975542720,8075542720,807554272,807554272,591768086,OK
D235176415,2835176415,783517641,283517641,000455079,FIXED_50
Z255169692,4955169692,995516969,495516969,010020318,FIXED_50
L922431149,8622431149,362243114,862243114,937720500,FIXED_50
R870609601,6770609601,677060960,677060960,548159013,OK
Q920791164,9120791164,412079116,912079116,706793075,FIXED_50
P141931858,1541931858,154193185,154193185,050064355,OK
M865477335,6265477335,126547733,626547733,997349092,FIXED_50
J130979375,0930979375,593097937,093097937,404863202,FIXED_50
Z886718092,7486718092,748671809,748671809,867422623,OK
F210008301,3010008301,801000830,301000830,242148122,FIXED_50
G130116689,0630116689,563011668,063011668,365427327,FIXED_50
R981338482,9281338482,428133848,928133848,984202813,FIXED_50
T251347391,4451347391,445134739,445134739,425447599,OK
H296253897,3296253897,829625389,329625389,114561837,FIXED_50
U957887773,9557887773,955788777,955788777,687207746,OK
R297992532,4297992532,636431757,429799253,141206490,FIXED_50
N164317579,1364317579,636431757,136431757,145718818,FIXED_50
G288258270,3188258270,818825827,318825827,462395679,FIXED_50
P832229876,6532229876,653222987,653222987,713036194,OK
C142989143,0242989143,169474093,024298914,043219915,OK
Q194740935,1694740935,169474093,169474093,043219915,OK
T873183848,6973183848,197318384,697318384,660106432,FIXED_50
E934397497,7934397497,793439749,793439749,570596678,OK
L995133472,8695133472,869513347,869513347,687511954,OK
B974096243,7674096243,767409624,767409624,680396801,OK
O818632050,6418632050,641863205,641863205,946618374,OK
E264662832,2964662832,296466283,296466283,473905527,OK
P237231669,4037231669,403723166,403723166,483630552,OK
G252826891,3152826891,315282689,315282689,282011240,OK
F997302604,8097302604,809730260,809730260,695750350,OK
C963720953,7763720953,405270845,776372095,407720897,OK
P252708456,4052708456,405270845,405270845,407720897,OK
R182707467,1782707467,678270746,178270746,490596323,FIXED_50
A147060329,0047060329,004706032,004706032,311377548,OK
L996341147,8696341147,869634114,869634114,688566377,OK
H151731552,0751731552,075173155,075173155,409941449,OK
W127557205,2227557205,722755720,222755720,377735880,FIXED_50
Q267187559,4167187559,416718755,416718755,355356844,OK
O899782482,6499782482,201897237,649978248,160095262,OK
X840670507,7340670507,734067050,734067050,615263381,OK
I210113895,3310113895,331011389,331011389,405382417,OK
U118972371,2018972371,701897237,201897237,380350963,FIXED_50
U843968576,7043968576,704396857,704396857,541949538,OK
K987186012,8587186012,858718601,858718601,878752051,OK
R230755088,4230755088,423075508,423075508,460789444,OK
J119530430,0919530430,091953043,091953043,211758542,OK
J164266298,0964266298,096426629,096426629,185536521,OK
L191629739,1191629739,119162973,119162973,374573435,OK
V202551412,4602551412,960255141,460255141,152987350,FIXED_50
G996474451,8196474451,319647445,819647445,538153487,FIXED_50
U249860620,4549860620,454986062,454986062,100916724,OK
L276379561,3676379561,367637956,367637956,086404346,OK
G220100662,3120100662,312010066,312010066,379183563,OK
K889683183,6089683183,575343974,608968318,820650359,OK
H853439742,5753439742,575343974,575343974,820650359,OK
J887259731,5987259731,098725973,598725973,852246070,FIXED_50
X206957590,4806957590,980695759,480695759,277975078,FIXED_50
L147330101,1147330101,614733010,114733010,101223641,FIXED_50
E142517701,0442517701,044251770,044251770,477858215,OK
S109147331,1809147331,180914733,180914733,375825151,OK
W165078374,2265078374,226507837,226507837,433363109,OK
O938940046,8938940046,893894004,893894004,871130051,OK
O894929494,6494929494,614336892,649492949,701531778,OK
U991046154,9591046154,614336892,959104615,681526307,OK
L843368925,6143368925,614336892,614336892,681526307,OK
K228866697,3528866697,352886669,352886669,124781476,OK
A249480081,2549480081,254948008,254948008,205745480,OK
O947563548,8947563548,894756354,894756354,590539524,OK
G277620046,3177620046,317762004,317762004,000384686,OK
E820661651,5420661651,542066165,542066165,580581652,OK
S259965461,4359965461,435996546,435996546,074658471,OK
I145344940,0845344940,084534494,084534494,230388221,OK
Q883855429,6683855429,668385542,668385542,894471598,OK
D986811136,7886811136,288681113,788681113,744089889,FIXED_50
K195683597,1095683597,109568359,109568359,005353981,OK
L944505602,8644505602,864450560,864450560,730576790,OK
R219225503,4219225503,145344580,421922550,006341639,OK
M806771932,6206771932,145344580,620677193,279790800,OK
O153445804,1453445804,145344580,145344580,279790800,OK
N113984517,1313984517,131398451,131398451,206346869,OK
X187371201,2387371201,238737120,238737120,144259305,OK
M869561703,6269561703,126956170,626956170,679451506,FIXED_50
M244980237,3744980237,874498023,374498023,381971260,FIXED_50
Z859984268,7459984268,745998426,745998426,587841511,OK
G223642658,3123642658,812364265,312364265,326988036,FIXED_50
X119551135,2319551135,231955113,231955113,004136787,OK
P298501891,4098501891,409850189,409850189,091369119,OK
W840740793,7240740793,724074079,724074079,651735892,OK
P116377186,1516377186,151637718,151637718,249006827,OK
W287154142,4787154142,978715414,478715414,312946989,FIXED_50
J924019677,8424019677,842401967,842401967,662718026,OK
N968631905,8868631905,886863190,886863190,856043368,OK
W809815137,7209815137,720981513,720981513,769918984,OK
A992401410,7592401410,759240141,759240141,973867599,OK
C908129814,7708129814,270812981,770812981,924462151,FIXED_50
W941296134,9741296134,474129613,974129613,967285910,FIXED_50
F826266786,5526266786,552626678,552626678,914223189,OK
O270621159,3970621159,397062115,397062115,487088757,OK
Q985774198,9185774198,418577419,918577419,833429298,FIXED_50
S159129249,1859129249,185912924,185912924,421634981,OK
W198202791,2298202791,729820279,229820279,054584047,FIXED_50
J261299304,3461299304,346129930,346129930,427958504,OK
E943338497,7943338497,794333849,794333849,616940510,OK
B189237536,0189237536,018923753,018923753,295041873,OK
Z915448805,9915448805,991544880,991544880,825050663,OK
A295523660,2595523660,759552366,259552366,053664441,FIXED_50
B990408789,7690408789,769040878,769040878,792554371,OK
F873228592,5573228592,557322859,557322859,693502871,OK
L135115970,1135115970,613511597,113511597,181765812,FIXED_50
I971247365,8371247365,337124736,837124736,604980999,FIXED_50
P997409258,9097409258,342406968,909740925,836884150,FIXED_50
J924069686,8424069686,842406968,842406968,116178951,FIXED_50
F869987926,5569987926,556998792,556998792,768611687,OK
Q194195145,1694195145,169419514,169419514,219240452,OK
D817554940,5317554940,185707246,531755494,822692361,FIXED_50
S857072465,6857072465,685707246,685707246,945897184,OK
B867873407,5167873407,016787340,516787340,849127161,FIXED_50
C879686022,5279686022,027968602,527968602,794740683,FIXED_50
H912900797,8212900797,321290079,821290079,888291608,FIXED_50
A878573131,5078573131,507857313,507857313,869520209,OK
O228837645,3928837645,392883764,392883764,378040288,OK
A254283594,2554283594,755428359,255428359,229790744,FIXED_50
B234658005,2634658005,263465800,263465800,294623396,OK
B905187840,7605187840,260518784,760518784,790292526,FIXED_50
T997889787,9497889787,949788978,949788978,545601824,OK
C857728736,5257728736,097382814,525772873,075767763,OK
J173828144,0973828144,097382814,097382814,075767763,OK
Q253744868,4153744868,415374486,415374486,357756814,OK
R128803237,1728803237,172880323,172880323,233678966,OK
N271263999,3871263999,387126399,387126399,203670177,OK
W923691079,9723691079,972369107,972369107,880853176,OK
O910819413,8910819413,391081941,891081941,735165550,FIXED_50
S881204211,6881204211,688120421,688120421,537230517,OK
P892670415,6592670415,659267041,659267041,517365904,OK
R965016543,9265016543,926501654,926501654,893649592,OK
H280525766,3280525766,328052576,328052576,022192299,OK
X874516352,7374516352,737451635,737451635,919663495,OK
C239230035,2739230035,773923003,273923003,345895137,FIXED_50
B144931680,0144931680,514493168,014493168,470403068,FIXED_50
V946533952,9646533952,964653395,964653395,730095185,OK
N292275793,3892275793,889227579,389227579,497788182,FIXED_50
H213645700,3213645700,821364570,321364570,322286440,FIXED_50
A233472233,2533472233,753347223,253347223,081251061,FIXED_50
L297482545,3697482545,369748254,369748254,388757017,OK
U136429060,2036429060,203642906,203642906,148030338,OK
O926364885,8926364885,892636488,892636488,712816612,OK
O225545837,3925545837,392554583,392554583,416009839,OK
U112787609,2012787609,701278760,201278760,247455988,FIXED_50
V107252823,2107252823,334813107,210725282,390820484,OK
I248131072,3348131072,222227795,334813107,257999236,OK
W122277953,2222277953,222227795,222227795,257999236,OK
B286849036,2686849036,268684903,268684903,306089248,OK
B240942527,2640942527,264094252,264094252,336407329,OK
Q178252967,1678252967,167825296,167825296,465833871,OK
N810362951,6310362951,631036295,631036295,720212678,OK
P835245372,6535245372,153524537,653524537,574115543,FIXED_50
O212225942,3912225942,891222594,391222594,175626312,FIXED_50
M861073037,6261073037,626107303,626107303,882565064,OK
P295448431,4095448431,409544843,409544843,100585555,OK
O965329526,8965329526,220787913,896532952,658366204,FIXED_50
W807879133,7207879133,720787913,720787913,854630857,OK
F106917260,0506917260,902668999,050691726,960709595,OK
P926689993,9026689993,902668999,902668999,960709595,OK
L928895978,8628895978,862889597,862889597,791618172,OK
T241771652,4441771652,944177165,444177165,125517380,FIXED_50
I132714732,0832714732,083271473,083271473,022648676,OK
X932504327,9832504327,483250432,983250432,989422984,FIXED_50
N290806656,3890806656,889080665,389080665,237029927,FIXED_50
F214399072,3014399072,301439907,301439907,186798056,OK
H103873101,0703873101,070387310,070387310,434670547,OK
A161452374,0061452374,006145237,006145237,228098802,OK
E194677287,0494677287,049467728,049467728,252983159,OK
C819712261,5219712261,521971226,521971226,813758207,OK
I833738267,5833738267,583373826,583373826,828732775,OK
Z852335310,7452335310,745233531,745233531,859450761,OK
E998112532,7998112532,299811253,799811253,766213711,FIXED_50
L982971628,8682971628,868297162,868297162,617866035,OK
V817301024,7117301024,711730102,711730102,999796265,OK
A206797621,2506797621,250679762,250679762,242596449,OK
P931865978,9031865978,903186597,903186597,938962934,OK
B914825077,7614825077,761482507,761482507,889385432,OK
X821969632,7321969632,732196963,732196963,720213865,OK
M926188284,8726188284,372618828,872618828,852844035,FIXED_50
D902746527,7802746527,780274652,780274652,952814058,OK
M164378151,1264378151,126437815,126437815,235743912,OK
L203950214,3603950214,860395021,360395021,341169128,FIXED_50
P955289238,9055289238,905528923,905528923,536625075,OK
J269163249,3469163249,346916324,346916324,100835305,OK
J838573333,5938573333,093857333,593857333,796993844,FIXED_50
P917921568,9017921568,401792156,901792156,913946235,FIXED_50
U141031518,2041031518,204103151,204103151,470070666,OK
P131618231,1531618231,153161823,153161823,263434373,OK
Q170264385,1670264385,167026438,167026438,068225642,OK
J280637495,3480637495,348063749,348063749,380544819,OK
Z150407640,2450407640,245040764,245040764,242281168,OK
C169688216,0269688216,526968821,026968821,478044514,FIXED_50
K982752801,8582752801,858275280,858275280,937540179,OK
U867197560,7067197560,206719756,706719756,963153011,FIXED_50
U843931953,7043931953,204393195,704393195,609410385,FIXED_50
K246804748,3546804748,354680474,354680474,365842305,OK
V980849266,9680849266,968084926,968084926,764518346,OK
F287711222,3087711222,808771122,308771122,367618042,FIXED_50
U905854780,9505854780,950585478,950585478,613870331,OK
I210087701,3310087701,543353615,331008770,919696824,OK
E833536158,5433536158,543353615,543353615,919696824,OK
W967502333,9767502333,976750233,976750233,644895825,OK
F910831868,8010831868,801083186,801083186,614208852,OK
F250906733,3050906733,305090673,305090673,282329285,OK
H108230419,0708230419,570823041,070823041,261025663,FIXED_50
O877445891,6477445891,,647744589,,UNRESOLVED
