ID,Numeric,plaintext,original_plaintext,Encrypted_Numeric,Encrypted_ID,Decrypted_Numeric,Decrypted_ID,Status,plus50,Swap_Index
K817031680,6017031680,601703168,601703168,778966011,C989660112,601703168,K817031680,OK,False,-1
W137824802,2237824802,223782480,223782480,254892706,A248927067,223782480,W137824802,SWAPPED,False,2
A289768895,2589768895,758976889,258976889,409396487,P293964870,758976889,A289768895,FIXED_50,True,-1
V154917617,2154917617,215491761,215491761,106970781,K169707811,215491761,V154917617,OK,False,-1
A222676056,2522676056,252267605,252267605,426770875,R267708755,252267605,A222676056,OK,False,-1
S219327807,4319327807,931932780,431932780,297226772,E272267725,931932780,S219327807,FIXED_50,True,-1
L941091898,8641091898,864109189,864109189,768846052,B988460528,864109189,L941091898,OK,False,-1
Q239635433,4139635433,413963543,413963543,443548614,T235486142,413963543,Q239635433,OK,False,-1
F159161247,0559161247,055916124,055916124,029185431,C191854315,055916124,F159161247,OK,False,-1
A149697299,0049697299,504969729,004969729,061272400,G112724003,504969729,A149697299,FIXED_50,True,-1
V107952239,2107952239,210795223,210795223,020740913,C107409139,210795223,V107952239,OK,False,-1
T186454398,1986454398,198645439,198645439,453091055,U230910555,198645439,T186454398,SWAPPED,False,14
P281751283,4081751283,408175128,408175128,154891726,P148917267,408175128,P281751283,OK,False,-1
R299903757,4299903757,929990375,429990375,053466690,F134666901,929990375,R299903757,FIXED_50,True,-1
N299860405,3899860405,389986040,389986040,004721206,A147212065,389986040,N299860405,SWAPPED,False,15
Q217337152,4117337152,411733715,411733715,397864764,O278647646,411733715,Q217337152,OK,False,-1
H151145476,0751145476,075114547,075114547,474435142,W244351423,075114547,H151145476,SWAPPED,False,18
G185444174,0685444174,568544417,068544417,108845958,K188459581,568544417,G185444174,SWAPPED,True,18
E287641582,2987641582,298764158,298764158,250759883,A207598837,298764158,E287641582,OK,False,-1
E152701984,0452701984,045270198,045270198,044901775,E149017759,045270198,E152701984,OK,False,-1
O200677669,3900677669,890067766,390067766,068884177,G188841773,890067766,O200677669,SWAPPED,True,21
L915001177,8615001177,361500117,861500117,509299102,A892991024,361500117,L915001177,FIXED_50,True,-1
X133706892,2333706892,233370689,233370689,089864135,I198641352,233370689,X133706892,SWAPPED,False,23
E239028984,2939028984,793902898,293902898,417987469,Q279874692,793902898,E239028984,FIXED_50,True,-1
V210816164,4610816164,961081616,461081616,238960536,X189605362,961081616,V210816164,FIXED_50,True,-1
Z233658734,4933658734,493365873,493365873,171854565,R118545657,493365873,Z233658734,OK,False,-1
N293380515,3893380515,389338051,389338051,354875256,K248752569,389338051,N293380515,OK,False,-1
O163230084,1463230084,146323008,146323008,221017747,W110177475,146323008,O163230084,SWAPPED,False,28
R162337076,1762337076,676233707,176233707,217504912,V175049123,676233707,R162337076,FIXED_50,True,-1
V107825924,2107825924,210782592,210782592,128273834,M182738342,210782592,V107825924,SWAPPED,False,30
D273280605,2873280605,287328060,287328060,242151440,Z121514403,287328060,D273280605,OK,False,-1
K198764928,1098764928,609876492,109876492,155085215,P150852155,609876492,K198764928,FIXED_50,True,-1
J138771200,0938771200,593877120,093877120,000930011,A109300119,593877120,J138771200,SWAPPED,True,33
H222724116,3222724116,322272411,322272411,032345117,D123451170,322272411,H222724116,OK,False,-1
G894842477,5694842477,569484247,569484247,756401890,A964018905,569484247,G894842477,OK,False,-1
Z165459441,2465459441,246545944,246545944,418331389,Q283313899,246545944,Z165459441,OK,False,-1
Q152850767,1652850767,165285076,165285076,428568464,R285684641,165285076,Q152850767,SWAPPED,False,37
D934686103,7834686103,783468610,783468610,501936690,A819366909,783468610,D934686103,OK,False,-1
S238937716,4338937716,933893771,433893771,476256803,W262568033,933893771,S238937716,FIXED_50,True,-1
F957764031,8057764031,805776403,805776403,510838228,B808382283,805776403,F957764031,OK,False,-1
P283550935,4083550935,408355093,408355093,144889882,O148898820,408355093,P283550935,OK,False,-1
D957812156,7857812156,785781215,785781215,772937660,C929376608,785781215,D957812156,OK,False,-1
U972685855,9572685855,957268585,957268585,899713952,O997139529,957268585,U972685855,SWAPPED,False,47
B247605116,2647605116,264760511,264760511,474628860,W246288601,264760511,B247605116,OK,False,-1
B189613956,0189613956,018961395,018961395,208287833,U182878339,018961395,B189613956,OK,False,-1
N995765743,8895765743,389576574,889576574,574220473,H842204733,389576574,N995765743,FIXED_50,True,-1
J258883338,3458883338,345888333,345888333,176453020,R164530208,345888333,J258883338,SWAPPED,False,48
L949590932,8649590932,864959093,864959093,766787996,B967879965,864959093,L949590932,OK,False,-1
O239878321,3939878321,393987832,393987832,097997932,J179979328,393987832,O239878321,OK,False,-1
A276201738,2576201738,257620173,257620173,140686977,O106869776,257620173,A276201738,OK,False,-1
T184853704,1984853704,698485370,198485370,010640712,B106407121,698485370,T184853704,FIXED_50,True,-1
F849057132,5549057132,554905713,554905713,867661785,L976617855,554905713,F849057132,OK,False,-1
F207906236,3007906236,300790623,300790623,210463856,V104638563,300790623,F207906236,SWAPPED,False,53
K137514631,1037514631,603751463,103751463,116572126,L165721262,603751463,K137514631,FIXED_50,True,-1
S995128066,9395128066,939512806,939512806,903460381,P934603818,939512806,S995128066,SWAPPED,False,55
D903495029,7803495029,280349502,780349502,632325878,N823258788,280349502,D903495029,FIXED_50,True,-1
H254523509,3254523509,325452350,325452350,424947465,R249474658,325452350,H254523509,SWAPPED,False,57
E982309038,7982309038,798230903,798230903,501661681,A816616813,798230903,E982309038,SWAPPED,False,58
K201000837,3501000837,350100083,350100083,158825658,P188256583,350100083,K201000837,OK,False,-1
F159190060,0559190060,055919006,055919006,297167254,E271672544,055919006,F159190060,OK,False,-1
F238516191,3038516191,303851619,303851619,440087754,T200877546,303851619,F238516191,SWAPPED,False,61
K195551250,1095551250,109555125,109555125,077046468,H170464683,109555125,K195551250,OK,False,-1
X277186854,4877186854,487718685,487718685,294392248,E243922486,487718685,X277186854,OK,False,-1
B240400579,2640400579,764040057,264040057,174639385,R146393850,764040057,B240400579,FIXED_50,True,-1
X185980426,2385980426,238598042,238598042,452658117,U226581171,238598042,X185980426,OK,False,-1
Q111908708,1611908708,661190870,161190870,319079983,G290799839,661190870,Q111908708,FIXED_50,True,-1
U857054941,7057054941,705705494,705705494,684065040,S840650404,705705494,U857054941,OK,False,-1
C279827754,2779827754,777982775,277982775,043154491,E131544916,777982775,C279827754,FIXED_50,True,-1
S207003258,4307003258,430700325,430700325,294091769,E240917698,430700325,S207003258,OK,False,-1
V267670876,4667670876,466767087,466767087,332628183,I226281831,466767087,V267670876,SWAPPED,False,70
W825246703,7225246703,222524670,722524670,677150799,R871507991,222524670,W825246703,FIXED_50,True,-1
R805010630,6705010630,170501063,670501063,786691046,D966910469,170501063,R805010630,SWAPPED,True,74
P230724796,4030724796,903072479,403072479,143236425,O132364251,903072479,P230724796,FIXED_50,True,-1
M290061861,3790061861,379006186,379006186,122122490,M121224903,379006186,M290061861,OK,False,-1
F982195400,8082195400,308219540,808219540,516405449,B864054491,308219540,F982195400,FIXED_50,True,-1
V804049408,7104049408,710404940,710404940,671746974,R817469741,710404940,V804049408,OK,False,-1
B101598770,0101598770,010159877,010159877,281781810,D217818107,010159877,B101598770,OK,False,-1
R112974761,1712974761,171297476,171297476,457750765,U277507656,171297476,R112974761,OK,False,-1
P129003793,1529003793,152900379,152900379,277715692,C277156921,152900379,P129003793,OK,False,-1
J976788812,8476788812,847678881,847678881,921474336,R914743368,847678881,J976788812,OK,False,-1
I209204689,3309204689,330920468,330920468,307655826,F276558264,330920468,I209204689,SWAPPED,False,81
Z296581523,4996581523,499658152,499658152,498907400,Z289074004,499658152,Z296581523,OK,False,-1
U260127522,4560127522,456012752,456012752,491105029,Z211050298,456012752,U260127522,SWAPPED,False,83
U916312300,9516312300,951631230,951631230,900902961,P909029617,951631230,U916312300,OK,False,-1
U107634173,2007634173,200763417,200763417,398428150,O284281501,200763417,U107634173,OK,False,-1
T236161626,4436161626,443616162,443616162,452346923,U223469230,443616162,T236161626,OK,False,-1
B105941624,0105941624,010594162,010594162,056672842,F166728421,010594162,B105941624,OK,False,-1
G201424058,3101424058,310142405,310142405,044634966,E146349665,310142405,G201424058,SWAPPED,False,90
T198097018,1998097018,699809701,199809701,053220079,F132200790,699809701,T198097018,FIXED_50,True,-1
I125763298,0825763298,582576329,082576329,223694044,W136940441,582576329,I125763298,SWAPPED,True,91
S132979825,1832979825,183297982,183297982,358168441,K281684417,183297982,S132979825,SWAPPED,False,95
D224265894,2824265894,782426589,282426589,269386950,B293869502,782426589,D224265894,FIXED_50,True,-1
R807221435,6707221435,670722143,670722143,926300801,R963008016,670722143,R807221435,OK,False,-1
G218645405,3118645405,311864540,311864540,431453256,S214532568,311864540,G218645405,SWAPPED,False,94
A997606602,7597606602,759760660,759760660,677902795,R879027954,759760660,A997606602,SWAPPED,False,95
B168960772,0168960772,016896077,016896077,426346065,R263460656,016896077,B168960772,OK,False,-1
S163569680,1863569680,686356968,186356968,101451878,K114518784,686356968,S163569680,FIXED_50,True,-1
G272060997,3172060997,817206099,317206099,044769899,E147698998,817206099,G272060997,FIXED_50,True,-1
W248026752,4748026752,474802675,474802675,469595523,V295955231,474802675,W248026752,OK,False,-1
Z855283000,7455283000,745528300,745528300,510306186,B803061869,745528300,Z855283000,OK,False,-1
L826764129,6126764129,612676412,612676412,614789931,L847899314,612676412,L826764129,OK,False,-1
O122382916,1422382916,142238291,142238291,373540215,M235402159,142238291,O122382916,OK,False,-1
H159642632,0759642632,075964263,075964263,468612591,V286125912,075964263,H159642632,OK,False,-1
I109023619,0809023619,080902361,080902361,461748118,V217481187,080902361,I109023619,SWAPPED,False,104
M245060912,3745060912,874506091,374506091,225755470,W157554703,874506091,M245060912,FIXED_50,True,-1
C268138013,2768138013,276813801,276813801,115203996,L152039960,276813801,C268138013,SWAPPED,False,106
Q966366827,9166366827,416636682,916636682,706266300,U862663005,416636682,Q966366827,SWAPPED,True,107
Q897264203,6697264203,169726420,669726420,669658038,Q896580388,169726420,Q897264203,FIXED_50,True,-1
O269363315,3969363315,896936331,396936331,042825500,E128255008,896936331,O269363315,FIXED_50,True,-1
U279326677,4579326677,457932667,457932667,045198095,E151980954,457932667,U279326677,OK,False,-1
X925388591,9825388591,982538859,982538859,746706312,Z867063125,982538859,X925388591,OK,False,-1
U258977183,4558977183,455897718,455897718,266997594,B269975948,455897718,U258977183,OK,False,-1
C292630366,2792630366,279263036,279263036,408127408,P281274085,279263036,C292630366,OK,False,-1
I198568278,0898568278,089856827,089856827,200257238,U102572383,089856827,I198568278,OK,False,-1
K866062202,6066062202,606606220,606606220,982195778,X921957787,606606220,K866062202,SWAPPED,False,115
W151523348,2251523348,225152334,225152334,162340662,Q123406620,225152334,W151523348,OK,False,-1
W294521626,4794521626,979452162,479452162,170735637,R107356377,979452162,W294521626,SWAPPED,True,118
P148974637,1548974637,154897463,154897463,148722739,O187227392,154897463,P148974637,OK,False,-1
G264218354,3164218354,816421835,316421835,449828371,T298283712,816421835,G264218354,FIXED_50,True,-1
S257312560,4357312560,435731256,435731256,414546829,Q245468297,435731256,S257312560,OK,False,-1
P260079982,4060079982,906007998,406007998,393375446,O233754466,906007998,P260079982,SWAPPED,True,121
A192463718,0092463718,009246371,009246371,219175845,V191758458,009246371,A192463718,OK,False,-1
A295123722,2595123722,259512372,259512372,434839378,S248393780,259512372,A295123722,OK,False,-1
O296260192,3996260192,399626019,399626019,254658403,A246584037,399626019,O296260192,OK,False,-1
L157672885,1157672885,615767288,115767288,315168361,G251683614,615767288,L157672885,FIXED_50,True,-1
V250013987,4650013987,965001398,465001398,050143201,F101432011,965001398,V250013987,FIXED_50,True,-1
Z228709019,4928709019,992870901,492870901,251107488,A211074886,992870901,Z228709019,SWAPPED,True,128
P179407090,1579407090,657940709,157940709,207742483,U177424838,657940709,P179407090,FIXED_50,True,-1
T124184984,1924184984,692418498,192418498,057175336,F171753365,692418498,T124184984,FIXED_50,True,-1
K248311264,3548311264,354831126,354831126,438489848,S284898482,354831126,K248311264,OK,False,-1
Z226579237,4926579237,492657923,492657923,309739040,F297390404,492657923,Z226579237,OK,False,-1
D183378594,0383378594,538337859,038337859,079932660,H199326608,538337859,D183378594,FIXED_50,True,-1
O238827786,3938827786,393882778,393882778,219931658,V199316587,393882778,O238827786,OK,False,-1
O823491543,6423491543,642349154,642349154,807287564,F972875642,642349154,O823491543,OK,False,-1
R178909793,1778909793,677890979,177890979,473399975,W233999757,677890979,R178909793,FIXED_50,True,-1
B230210116,2630210116,263021011,263021011,121639339,M116393393,263021011,B230210116,OK,False,-1
K232898474,3532898474,353289847,353289847,346072884,J260728842,353289847,K232898474,OK,False,-1
T152382310,1952382310,695238231,195238231,348677468,J286774684,695238231,T152382310,FIXED_50,True,-1
T231306465,4431306465,443130646,443130646,091045343,J110453432,443130646,T231306465,OK,False,-1
U116198653,2016198653,701619865,201619865,152915832,P129158328,701619865,U116198653,FIXED_50,True,-1
O102266966,1402266966,140226696,140226696,387136952,N271369521,140226696,O102266966,OK,False,-1
L212354355,3612354355,361235435,361235435,132679745,N126797457,361235435,L212354355,SWAPPED,False,142
Z929133273,9929133273,492913327,992913327,625163960,M851639603,492913327,Z929133273,FIXED_50,True,-1
P144125683,1544125683,154412568,154412568,315909001,G259090013,154412568,P144125683,OK,False,-1
C288557050,2788557050,278855705,278855705,315282681,G252826819,278855705,C288557050,OK,False,-1
W221358746,4721358746,472135874,472135874,421186230,R211862308,472135874,W221358746,SWAPPED,False,147
U102315217,2002315217,200231521,200231521,308795429,F287954290,200231521,U102315217,SWAPPED,False,147
U937134888,9537134888,453713488,953713488,978457492,W984574922,453713488,U937134888,FIXED_50,True,-1
M107590660,1207590660,120759066,120759066,260855732,B208557322,120759066,M107590660,OK,False,-1
A912556774,7512556774,751255677,751255677,891030285,O910302851,751255677,A912556774,OK,False,-1
N827887589,6327887589,632788758,632788758,805591331,F955913312,632788758,N827887589,OK,False,-1
E184482605,0484482605,048448260,048448260,147562927,O175629279,048448260,E184482605,SWAPPED,False,152
E137279034,0437279034,043727903,043727903,238664140,X186641400,043727903,E137279034,OK,False,-1
S227227316,4327227316,432722731,432722731,076842054,H168420546,432722731,S227227316,OK,False,-1
Z294542117,4994542117,499454211,499454211,259698823,A296988236,499454211,Z294542117,OK,False,-1
C116384485,0216384485,021638448,021638448,181365930,S113659308,021638448,C116384485,OK,False,-1
Q135712562,1635712562,663571256,163571256,047833981,E178339817,663571256,Q135712562,FIXED_50,True,-1
Q845319273,6645319273,664531927,664531927,656637281,P866372813,664531927,Q845319273,OK,False,-1
H195335754,0795335754,579533575,079533575,484197185,X241971850,579533575,H195335754,SWAPPED,True,159
N839466125,6339466125,133946612,633946612,733809030,X838090302,133946612,N839466125,FIXED_50,True,-1
H214596804,3214596804,821459680,321459680,341698800,J216988007,821459680,H214596804,FIXED_50,True,-1
Q265105148,4165105148,916510514,416510514,488330614,X283306148,916510514,Q265105148,SWAPPED,True,162
E830340187,5430340187,543034018,543034018,846976117,J969761178,543034018,E830340187,OK,False,-1
W146505794,2246505794,224650579,224650579,480312870,X203128702,224650579,W146505794,OK,False,-1
S297697211,4397697211,939769721,439769721,348564580,J285645808,939769721,S297697211,SWAPPED,True,166
M193096882,1293096882,629309688,129309688,168382381,Q183823816,629309688,M193096882,FIXED_50,True,-1
M267920784,3767920784,376792078,376792078,399636067,O296360679,376792078,M267920784,OK,False,-1
M203141127,3703141127,370314112,370314112,085391337,I153913379,370314112,M203141127,OK,False,-1
H141824291,0741824291,074182429,074182429,499762527,Z297625275,074182429,H141824291,OK,False,-1
X891970930,7391970930,739197093,739197093,522744061,C827440612,739197093,X891970930,OK,False,-1
C225958002,2725958002,272595800,272595800,104600597,K146005976,272595800,C225958002,OK,False,-1
L940313573,8640313573,364031357,864031357,598571802,J885718022,364031357,L940313573,FIXED_50,True,-1
X832705564,7332705564,733270556,733270556,691273685,T812736856,733270556,X832705564,OK,False,-1
R130472359,1730472359,173047235,173047235,482802119,X228021197,173047235,R130472359,OK,False,-1
R214849950,4214849950,421484995,421484995,494526864,Z245268642,421484995,R214849950,SWAPPED,False,177
Z178230996,2478230996,247823099,247823099,306923954,F269239549,247823099,Z178230996,SWAPPED,False,178
U995895386,9595895386,959589538,959589538,538921232,D889212320,959589538,U995895386,OK,False,-1
X848270330,7348270330,734827033,734827033,743049424,Z830494249,734827033,X848270330,OK,False,-1
L204126598,3604126598,360412659,360412659,113075560,L130755607,360412659,L204126598,OK,False,-1
T845375345,6945375345,694537534,694537534,834005742,I940057420,694537534,T845375345,OK,False,-1
D239412798,2839412798,283941279,283941279,452571882,U225718825,283941279,D239412798,OK,False,-1
X843373701,7343373701,734337370,734337370,622588957,M825889575,734337370,X843373701,OK,False,-1
S197162319,1897162319,689716231,189716231,240213035,Z102130352,689716231,S197162319,FIXED_50,True,-1
K234027428,3534027428,353402742,353402742,423007376,R230073769,353402742,K234027428,OK,False,-1
J893134665,5993134665,599313466,599313466,606965720,K869657203,599313466,J893134665,SWAPPED,False,185
Q246899518,4146899518,414689951,414689951,373579212,M235792121,414689951,Q246899518,OK,False,-1
D817714820,5317714820,531771482,531771482,907017461,P970174612,531771482,D817714820,OK,False,-1
R160946077,1760946077,676094607,176094607,143174644,O131746446,676094607,R160946077,FIXED_50,True,-1
B266594469,2666594469,266659446,266659446,433548779,S235487791,266659446,B266594469,OK,False,-1
Q132733765,1632733765,163273376,163273376,338190218,I281902182,163273376,Q132733765,OK,False,-1
M173378534,1273378534,627337853,127337853,268365237,B283652371,627337853,M173378534,FIXED_50,True,-1
K953898343,8553898343,855389834,855389834,783082807,D930828070,855389834,K953898343,OK,False,-1
I211396629,3311396629,331139662,331139662,259511409,A295114090,331139662,I211396629,OK,False,-1
V259026686,4659026686,465902668,465902668,404241079,P242410798,465902668,V259026686,SWAPPED,False,194
M103853326,1203853326,120385332,120385332,338034734,I280347347,120385332,M103853326,SWAPPED,False,195
F208914661,3008914661,300891466,300891466,054975309,F149753091,300891466,F208914661,OK,False,-1
S898231693,6898231693,689823169,689823169,761558245,B915582455,689823169,S898231693,SWAPPED,False,197
M188867833,1288867833,128886783,128886783,006881156,A168811568,128886783,M188867833,OK,False,-1
T191237256,1991237256,199123725,199123725,043291078,E132910781,199123725,T191237256,SWAPPED,False,199
C859208424,5259208424,525920842,525920842,919348381,Q993483811,525920842,C859208424,OK,False,-1
J819159868,5919159868,591915986,591915986,557424041,F874240412,591915986,J819159868,OK,False,-1
B188946170,0188946170,018894617,018894617,437832337,S278323376,018894617,B188946170,OK,False,-1
Q977156006,9177156006,917715600,917715600,554751050,F847510501,917715600,Q977156006,OK,False,-1
G912110612,8112110612,811211061,811211061,747771153,Z877711530,811211061,G912110612,OK,False,-1
X205446098,4805446098,480544609,480544609,204091001,U140910010,480544609,X205446098,OK,False,-1
C818545266,5218545266,521854526,521854526,975543351,W955433510,521854526,C818545266,OK,False,-1
K275745749,3575745749,357574574,357574574,217813906,V178139062,357574574,K275745749,SWAPPED,False,208
X296966087,4896966087,489696608,489696608,441413810,T214138105,489696608,X296966087,OK,False,-1
O951881479,8951881479,895188147,895188147,682279492,S822794921,895188147,O951881479,OK,False,-1
V178196843,2178196843,217819684,217819684,438709292,S287092928,217819684,V178196843,OK,False,-1
T215505922,4415505922,941550592,441550592,326928791,H269287912,941550592,T215505922,FIXED_50,True,-1
J212530309,3412530309,341253030,341253030,378949770,M289497702,341253030,J212530309,OK,False,-1
S232279180,4332279180,433227918,433227918,100502925,K105029256,433227918,S232279180,SWAPPED,False,213
T169626461,1969626461,196962646,196962646,259429259,A294292595,196962646,T169626461,OK,False,-1
B253118777,2653118777,265311877,265311877,005876631,A158766314,265311877,B253118777,SWAPPED,False,215
C877734203,5277734203,527773420,527773420,687750147,S877501476,527773420,C877734203,OK,False,-1
D282518201,2882518201,788251820,288251820,466125002,V261250021,788251820,D282518201,SWAPPED,True,219
W134560883,2234560883,223456088,223456088,048484943,E184849431,223456088,W134560883,OK,False,-1
C905942806,7705942806,770594280,770594280,733688073,X836880737,770594280,C905942806,OK,False,-1
S945750303,9345750303,434575030,934575030,702602180,U826021805,434575030,S945750303,FIXED_50,True,-1
I140854530,0840854530,084085453,084085453,010661889,B106618893,084085453,I140854530,OK,False,-1
R204358933,4204358933,420435893,420435893,032672594,D126725944,420435893,R204358933,SWAPPED,False,222
V191522976,2191522976,719152297,219152297,100357104,K103571042,719152297,V191522976,SWAPPED,True,223
R166185907,1766185907,176618590,176618590,405599544,P255995442,176618590,R166185907,OK,False,-1
U250676894,4550676894,455067689,455067689,180388438,S103884380,455067689,U250676894,OK,False,-1
X289749165,4889749165,488974916,488974916,104648829,K146488297,488974916,X289749165,OK,False,-1
X271171939,4871171939,487117193,487117193,276411445,C264114455,487117193,X271171939,OK,False,-1
H233803002,3233803002,323380300,323380300,345620590,J256205907,323380300,H233803002,SWAPPED,False,228
R959655712,9259655712,925965571,925965571,926862037,R968620370,925965571,R959655712,OK,False,-1
A261506048,2561506048,756150604,256150604,423653774,R236537744,756150604,A261506048,FIXED_50,True,-1
B157400729,0157400729,015740072,015740072,102790873,K127908738,015740072,B157400729,OK,False,-1
W257348485,4757348485,475734848,475734848,113676907,L136769070,475734848,W257348485,OK,False,-1
W168707194,2268707194,226870719,226870719,367199904,L271999045,226870719,W168707194,SWAPPED,False,233
E854050671,5454050671,545405067,545405067,802600154,F926001545,545405067,E854050671,OK,False,-1
W869041064,7269041064,726904106,726904106,644901450,O849014500,726904106,W869041064,OK,False,-1
K201634520,3501634520,850163452,350163452,428320703,R283207039,850163452,K201634520,FIXED_50,True,-1
U153367961,2053367961,205336796,205336796,477655215,W276552150,205336796,U153367961,SWAPPED,False,237
N281952672,3881952672,888195267,388195267,258349217,A283492178,888195267,N281952672,SWAPPED,True,238
G235451943,3135451943,313545194,313545194,287911562,D279115625,313545194,G235451943,OK,False,-1
R902507496,9202507496,920250749,920250749,788672364,D986723640,920250749,R902507496,SWAPPED,False,241
G930431721,8130431721,813043172,813043172,898727495,O987274959,813043172,G930431721,SWAPPED,False,241
A168079971,0068079971,506807997,006807997,365208499,L252084994,506807997,A168079971,SWAPPED,True,242
V125933027,2125933027,712593302,212593302,440579410,T205794104,712593302,V125933027,FIXED_50,True,-1
E250694960,2950694960,295069496,295069496,331915728,I219157286,295069496,E250694960,SWAPPED,False,244
T865959552,6965959552,696595955,696595955,848748977,J987489777,696595955,T865959552,OK,False,-1
K818979634,6018979634,101897963,601897963,528516387,C885163870,101897963,K818979634,FIXED_50,True,-1
N224573246,3824573246,382457324,382457324,184132076,S141320769,382457324,N224573246,OK,False,-1
A276459449,2576459449,757645944,257645944,227535021,W175350212,757645944,A276459449,FIXED_50,True,-1
R256391842,4256391842,425639184,425639184,035016687,D150166879,425639184,R256391842,OK,False,-1
N275159825,3875159825,887515982,387515982,425548180,R255481801,887515982,N275159825,FIXED_50,True,-1
J821664865,5921664865,592166486,592166486,516969378,B869693783,592166486,J821664865,SWAPPED,False,251
P165283126,1565283126,156528312,156528312,100609233,K106092333,156528312,P165283126,OK,False,-1
U161328969,2061328969,206132896,206132896,492585251,Z225852513,206132896,U161328969,OK,False,-1
E158869038,0458869038,545886903,045886903,449061102,T290611027,545886903,E158869038,FIXED_50,True,-1
M121337325,1221337325,122133732,122133732,345414067,J254140672,122133732,M121337325,OK,False,-1
E106316324,0406316324,040631632,040631632,265880045,B258800458,040631632,E106316324,OK,False,-1
Q280538027,4180538027,418053802,418053802,231361697,X113616977,418053802,Q280538027,OK,False,-1
U941091725,9541091725,954109172,954109172,557229677,F872296774,954109172,U941091725,OK,False,-1
K280920343,3580920343,358092034,358092034,158869962,P188699622,358092034,K280920343,OK,False,-1
X996861625,9896861625,489686162,989686162,597357140,J873571402,489686162,X996861625,FIXED_50,True,-1
T809775090,6909775090,690977509,690977509,695812498,T858124987,690977509,T809775090,SWAPPED,False,261
K256798935,3556798935,355679893,355679893,131270712,N112707123,355679893,K256798935,OK,False,-1
X864304411,7364304411,736430441,736430441,778976200,C989762004,736430441,X864304411,SWAPPED,False,263
L801363519,6101363519,610136351,610136351,593367917,J833679170,610136351,L801363519,OK,False,-1
E111419476,0411419476,541141947,041141947,282196406,D221964069,541141947,E111419476,FIXED_50,True,-1
P937151919,9037151919,903715191,903715191,854663455,K946634553,903715191,P937151919,OK,False,-1
A191431534,0091431534,509143153,009143153,368376712,L283767124,509143153,A191431534,FIXED_50,True,-1
G194895974,0694895974,069489597,069489597,253599041,A235990412,069489597,G194895974,SWAPPED,False,268
P271698742,4071698742,407169874,407169874,103445597,K134455975,407169874,P271698742,OK,False,-1
T206815102,4406815102,940681510,440681510,128399309,M183993098,940681510,T206815102,FIXED_50,True,-1
U879428696,7079428696,707942869,707942869,589370674,I893706745,707942869,U879428696,OK,False,-1
J112567984,0912567984,591256798,091256798,195443032,T154430328,591256798,J112567984,SWAPPED,True,272
K207808793,3507808793,350780879,350780879,042699985,E126999856,350780879,K207808793,OK,False,-1
P987297568,9087297568,908729756,908729756,509760526,A897605265,908729756,P987297568,SWAPPED,False,276
K278929247,3578929247,357892924,357892924,351439447,K214394473,357892924,K278929247,OK,False,-1
A120443477,0020443477,002044347,002044347,139542403,N195424036,002044347,A120443477,OK,False,-1
Z108469432,2408469432,240846943,240846943,346458254,J264582548,240846943,Z108469432,SWAPPED,False,277
W823920699,7223920699,722392069,722392069,573431571,H834315718,722392069,W823920699,OK,False,-1
X143468685,2343468685,234346868,234346868,415930885,Q259308857,234346868,X143468685,SWAPPED,False,280
O873700506,6473700506,647370050,647370050,615295457,L852954573,647370050,O873700506,OK,False,-1
I234378629,3334378629,333437862,333437862,101023988,K110239880,333437862,I234378629,OK,False,-1
O859085271,6459085271,145908527,645908527,979541465,W995414651,145908527,O859085271,FIXED_50,True,-1
N136416138,1336416138,133641613,133641613,188827350,S188273505,133641613,N136416138,OK,False,-1
L210734659,3610734659,361073465,361073465,400524837,P205248372,361073465,L210734659,OK,False,-1
H800627674,5700627674,570062767,570062767,503131627,A831316270,570062767,H800627674,OK,False,-1
R178656402,1778656402,177865640,177865640,477608288,W276082886,177865640,R178656402,OK,False,-1
V173617589,2173617589,717361758,217361758,314908209,G249082090,717361758,V173617589,FIXED_50,True,-1
O985877103,8985877103,898587710,898587710,847422515,J974225152,898587710,O985877103,OK,False,-1
F272121761,3072121761,807212176,307212176,217000183,V170001838,807212176,F272121761,FIXED_50,True,-1
I180836632,0880836632,088083663,088083663,229705104,W197051049,088083663,I180836632,OK,False,-1
U129254222,2029254222,702925422,202925422,157531075,P175310756,702925422,U129254222,FIXED_50,True,-1
P175077907,1575077907,657507790,157507790,045638638,E156386385,657507790,P175077907,FIXED_50,True,-1
C856997719,5256997719,525699771,525699771,500553914,A805539145,525699771,C856997719,SWAPPED,False,295
P178424846,1578424846,157842484,157842484,218259831,V182598319,157842484,P178424846,OK,False,-1
N927242331,8827242331,382724233,882724233,875490109,M954901091,382724233,N927242331,FIXED_50,True,-1
T220912466,4420912466,442091246,442091246,270757707,C207577072,442091246,T220912466,OK,False,-1
T190999426,1990999426,199099942,199099942,234609153,X146091533,199099942,T190999426,SWAPPED,False,297
G162887411,0662887411,566288741,066288741,160991943,Q109919433,566288741,G162887411,FIXED_50,True,-1
E116996094,0416996094,041699609,041699609,351080756,K210807568,041699609,E116996094,OK,False,-1
K273120940,3573120940,357312094,357312094,218993585,V189935856,357312094,K273120940,SWAPPED,False,300
B128774229,0128774229,012877422,012877422,334988816,I249888169,012877422,B128774229,OK,False,-1
O280119031,3980119031,398011903,398011903,266677826,B266778269,398011903,O280119031,OK,False,-1
C250981564,2750981564,775098156,275098156,023504008,C135040088,775098156,C250981564,FIXED_50,True,-1
U212638872,4512638872,451263887,451263887,344838438,J248384382,451263887,U212638872,OK,False,-1
S213255222,4313255222,931325522,431325522,009257897,A192578974,931325522,S213255222,SWAPPED,True,305
F182762432,0582762432,058276243,058276243,377070772,M270707722,058276243,F182762432,OK,False,-1
H979726117,8279726117,327972611,827972611,799246469,E992464699,327972611,H979726117,SWAPPED,True,307
K825684837,6025684837,102568483,602568483,978218438,W982184386,102568483,K825684837,SWAPPED,True,308
X248956324,4848956324,484895632,484895632,024270078,C142700786,484895632,X248956324,SWAPPED,False,309
T280788824,4480788824,448078882,448078882,497933660,Z279336604,448078882,T280788824,OK,False,-1
H241809974,3241809974,824180997,324180997,032829572,D128295725,824180997,H241809974,SWAPPED,True,311
S107351097,1807351097,180735109,180735109,069772984,G197729842,180735109,S107351097,SWAPPED,False,312
X190680684,2390680684,239068068,239068068,470743200,W207432003,239068068,X190680684,SWAPPED,False,313
O200140541,3900140541,390014054,390014054,303325501,F233255013,390014054,O200140541,OK,False,-1
T239066208,4439066208,443906620,443906620,331130466,I211304667,443906620,T239066208,OK,False,-1
T164861200,1964861200,196486120,196486120,105107281,K151072818,196486120,T164861200,OK,False,-1
G133638655,0633638655,063363865,063363865,306563110,F265631109,063363865,G133638655,OK,False,-1
F274323807,3074323807,307432380,307432380,029309721,C193097210,307432380,F274323807,OK,False,-1
J225101732,3425101732,342510173,342510173,122258529,M122585290,342510173,J225101732,SWAPPED,False,319
S905489567,9305489567,430548956,930548956,548479756,E884797561,430548956,S905489567,FIXED_50,True,-1
F124213729,0524213729,052421372,052421372,366926847,L269268473,052421372,F124213729,OK,False,-1
X259491003,4859491003,485949100,485949100,452270516,U222705166,485949100,X259491003,OK,False,-1
G297214179,3197214179,319721417,319721417,265138217,B251382171,319721417,G297214179,SWAPPED,False,323
P989711016,9089711016,908971101,908971101,948833906,T988339069,908971101,P989711016,OK,False,-1
P996821545,9096821545,409682154,909682154,670898009,R808980095,409682154,P996821545,FIXED_50,True,-1
A288732113,2588732113,758873211,258873211,342083020,J220830201,758873211,A288732113,SWAPPED,True,327
J905548564,8405548564,340554856,840554856,578150443,H881504432,340554856,J905548564,SWAPPED,True,327
D286170949,2886170949,288617094,288617094,364712961,L247129619,288617094,D286170949,OK,False,-1
B248102052,2648102052,264810205,264810205,098380173,J183801735,264810205,B248102052,OK,False,-1
E275731339,2975731339,297573133,297573133,047800604,E178006046,297573133,E275731339,OK,False,-1
V109878272,2109878272,210987827,210987827,160502958,Q105029581,210987827,V109878272,OK,False,-1
F815419637,5515419637,551541963,551541963,952236858,U922368587,551541963,F815419637,OK,False,-1
H280371875,3280371875,328037187,328037187,288612196,D286121964,328037187,H280371875,OK,False,-1
W196626328,2296626328,229662632,229662632,120339728,M103397289,229662632,W196626328,OK,False,-1
N101916358,1301916358,130191635,130191635,397789513,O277895139,130191635,N101916358,SWAPPED,False,335
Z883654288,7483654288,748365428,748365428,849182052,J991820526,748365428,Z883654288,OK,False,-1
N826313893,6326313893,632631389,632631389,642961837,O829618379,632631389,N826313893,OK,False,-1
Q916008727,9116008727,911600872,911600872,917882613,Q978826132,911600872,Q916008727,SWAPPED,False,339
U857282927,7057282927,205728292,705728292,928716944,R987169445,205728292,U857282927,FIXED_50,True,-1
M195073921,1295073921,129507392,129507392,288360645,D283606451,129507392,M195073921,OK,False,-1
Q237754640,4137754640,913775464,413775464,217146195,V171461954,913775464,Q237754640,FIXED_50,True,-1
O110349232,1410349232,641034923,141034923,346081301,J260813015,641034923,O110349232,FIXED_50,True,-1
H177007300,0777007300,577700730,077700730,431373669,S213736697,577700730,H177007300,FIXED_50,True,-1
W266290385,4766290385,476629038,476629038,247215785,Z172157854,476629038,W266290385,OK,False,-1
O825055545,6425055545,642505554,642505554,758455601,A984556013,642505554,O825055545,OK,False,-1
U253498267,4553498267,455349826,455349826,461930351,V219303515,455349826,U253498267,OK,False,-1
M290445349,3790445349,879044534,379044534,338773501,I287735014,879044534,M290445349,FIXED_50,True,-1
M277674360,3777674360,877767436,377767436,056772666,F167726663,877767436,M277674360,FIXED_50,True,-1
C987529234,7787529234,778752923,778752923,924647071,R946470714,778752923,C987529234,SWAPPED,False,349
O886140336,6486140336,148614033,648614033,726302182,W863021826,148614033,O886140336,FIXED_50,True,-1
J156440815,0956440815,595644081,095644081,355087970,K250879708,595644081,J156440815,FIXED_50,True,-1
N294998833,3894998833,389499883,389499883,157979981,P179799815,389499883,N294998833,SWAPPED,False,352
B229071514,2629071514,762907151,262907151,441362105,T213621058,762907151,B229071514,FIXED_50,True,-1
P179545782,1579545782,157954578,157954578,189664779,S196647797,157954578,P179545782,OK,False,-1
I103844285,0803844285,580384428,080384428,247085648,Z170856489,580384428,I103844285,FIXED_50,True,-1
O178964024,1478964024,147896402,147896402,215538160,V155381602,147896402,O178964024,OK,False,-1
O275190033,3975190033,397519003,397519003,102195095,K121950952,397519003,O275190033,OK,False,-1
P206017782,4006017782,900601778,400601778,400401490,P204014907,900601778,P206017782,SWAPPED,True,359
I142247113,0842247113,084224711,084224711,239139169,X191391695,084224711,I142247113,OK,False,-1
Z156033135,2456033135,245603313,245603313,273474719,C234747197,245603313,Z156033135,SWAPPED,False,360
S212782506,4312782506,931278250,431278250,293438421,E234384218,931278250,S212782506,FIXED_50,True,-1
M256935975,3756935975,375693597,375693597,295763699,E257636993,375693597,M256935975,OK,False,-1
W231736958,4731736958,473173695,473173695,291601952,E216019521,473173695,W231736958,OK,False,-1
X213290939,4813290939,481329093,481329093,384523698,N245236980,481329093,X213290939,SWAPPED,False,364
F946832420,8046832420,304683242,804683242,710224451,V802244512,304683242,F946832420,FIXED_50,True,-1
B247164003,2647164003,264716400,264716400,212029392,V120293920,264716400,B247164003,OK,False,-1
U850717258,7050717258,705071725,705071725,706435466,U864354661,705071725,U850717258,OK,False,-1
J166438005,0966438005,596643800,096643800,347921328,J279213283,596643800,J166438005,FIXED_50,True,-1
E807196919,5407196919,040719691,540719691,946929539,T969295391,040719691,E807196919,FIXED_50,True,-1
C208564597,2708564597,770856459,270856459,077652232,H176522326,770856459,C208564597,FIXED_50,True,-1
E130394289,0430394289,543039428,043039428,468518782,V285187829,543039428,E130394289,FIXED_50,True,-1
T108048803,1908048803,690804880,190804880,347177909,J271779097,690804880,T108048803,FIXED_50,True,-1
P214771008,4014771008,401477100,401477100,138893484,N188934849,401477100,P214771008,OK,False,-1
N965582870,8865582870,886558287,886558287,915786522,Q957865228,886558287,N965582870,OK,False,-1
E834186367,5434186367,543418636,543418636,819687652,G996876526,543418636,E834186367,OK,False,-1
P115430291,1515430291,151543029,151543029,228364547,W183645471,151543029,P115430291,SWAPPED,False,377
Z236056910,4936056910,993605691,493605691,163131562,Q131315629,993605691,Z236056910,FIXED_50,True,-1
U122082317,2022082317,202208231,202208231,057590483,F175904831,202208231,U122082317,OK,False,-1
M136783526,1236783526,623678352,123678352,149282804,O192828043,623678352,M136783526,FIXED_50,True,-1
Z830983063,7430983063,743098306,743098306,840637001,J906370015,743098306,Z830983063,OK,False,-1
G272640593,3172640593,317264059,317264059,386240864,N262408640,317264059,G272640593,OK,False,-1
X229839595,4829839595,982983959,482983959,339945415,I299454159,982983959,X229839595,FIXED_50,True,-1
O935944211,8935944211,893594421,893594421,776992025,C969920251,893594421,O935944211,SWAPPED,False,383
U273630038,4573630038,457363003,457363003,226725014,W167250141,457363003,U273630038,OK,False,-1
A149556695,0049556695,004955669,004955669,004757474,A147574748,004955669,A149556695,SWAPPED,False,385
Q133274390,1633274390,663327439,163327439,385350138,N253501389,663327439,Q133274390,FIXED_50,True,-1
Q124557939,1624557939,162455793,162455793,223980834,W139808342,162455793,Q124557939,OK,False,-1
K251411200,3551411200,355141120,355141120,111968892,L119688923,355141120,K251411200,OK,False,-1
L998431831,8698431831,869843183,869843183,784653596,D946535960,869843183,L998431831,OK,False,-1
A173244613,0073244613,007324461,007324461,008071999,A180719992,007324461,A173244613,OK,False,-1
P191419692,1591419692,659141969,159141969,275534910,C255349100,659141969,P191419692,FIXED_50,True,-1
L151886661,1151886661,615188666,115188666,118745114,L187451143,615188666,L151886661,FIXED_50,True,-1
N909026820,8809026820,380902682,880902682,536578655,D865786556,380902682,N909026820,SWAPPED,True,395
P232274271,4032274271,403227427,403227427,407602824,P276028240,403227427,P232274271,OK,False,-1
O276080143,3976080143,897608014,397608014,330287493,I202874932,897608014,O276080143,FIXED_50,True,-1
A916675672,7516675672,751667567,751667567,904005311,P940053119,751667567,A916675672,OK,False,-1
W271567357,4771567357,477156735,477156735,401484503,P214845030,477156735,W271567357,OK,False,-1
G261020263,3161020263,816102026,316102026,197433987,T174339877,816102026,G261020263,FIXED_50,True,-1
M164423311,1264423311,126442331,126442331,132635323,N126353231,126442331,M164423311,SWAPPED,False,399
R198189420,1798189420,179818942,179818942,329686682,H296866821,179818942,R198189420,OK,False,-1
Q273067826,4173067826,917306782,417306782,214900608,V149006081,917306782,Q273067826,FIXED_50,True,-1
C292241501,2792241501,279224150,279224150,376202262,M262022621,279224150,C292241501,OK,False,-1
C907048409,7707048409,770704840,770704840,634413688,N844136885,770704840,C907048409,SWAPPED,False,403
R897268131,6797268131,179726813,679726813,778055415,C980554159,179726813,R897268131,SWAPPED,True,404
L860907766,6160907766,116090776,616090776,659469079,P894690791,116090776,L860907766,FIXED_50,True,-1
W980319194,9780319194,478031919,978031919,932697841,S926978416,478031919,W980319194,SWAPPED,True,406
Q101116949,1601116949,160111694,160111694,042324734,E123247346,160111694,Q101116949,SWAPPED,False,408
O164376570,1464376570,146437657,146437657,300394342,F203943420,146437657,O164376570,OK,False,-1
C149519907,0249519907,524951990,024951990,041573616,E115736165,524951990,C149519907,FIXED_50,True,-1
S124249149,1824249149,182424914,182424914,489889749,X298897496,182424914,S124249149,OK,False,-1
D291167936,2891167936,789116793,289116793,123400359,M134003598,789116793,D291167936,FIXED_50,True,-1
Z182267269,2482267269,248226726,248226726,198962954,T189629548,248226726,Z182267269,OK,False,-1
V116291114,2116291114,711629111,211629111,205452690,U154526900,711629111,V116291114,FIXED_50,True,-1
M237218860,3737218860,373721886,373721886,479427366,W294273661,373721886,M237218860,SWAPPED,False,417
L172113458,1172113458,117211345,117211345,042242866,E122428669,117211345,L172113458,OK,False,-1
R125247344,1725247344,172524734,172524734,192282668,T122826685,172524734,R125247344,OK,False,-1
B993221140,7693221140,269322114,769322114,596419268,J864192680,269322114,B993221140,FIXED_50,True,-1
X149283391,2349283391,734928339,234928339,008768108,A187681080,734928339,X149283391,FIXED_50,True,-1
U202202191,4502202191,450220219,450220219,020072286,C100722862,450220219,U202202191,OK,False,-1
K126638148,1026638148,102663814,102663814,421335532,R213355324,102663814,K126638148,OK,False,-1
Z229540345,4929540345,492954034,492954034,263049276,B230492761,492954034,Z229540345,OK,False,-1
C864966406,5264966406,526496640,526496640,563420690,G834206900,526496640,C864966406,SWAPPED,False,422
U162089863,2062089863,706208986,206208986,340807269,J208072698,706208986,U162089863,FIXED_50,True,-1
Z276674563,4976674563,497667456,497667456,384560126,N245601263,497667456,Z276674563,OK,False,-1
U120490142,2020490142,202049014,202049014,296926811,E269268110,202049014,U120490142,SWAPPED,False,426
P804499886,6504499886,650449988,650449988,801862487,F918624874,650449988,P804499886,SWAPPED,False,426
D138314004,0338314004,533831400,033831400,297936300,E279363006,533831400,D138314004,FIXED_50,True,-1
K233940879,3533940879,853394087,353394087,108900455,K189004553,853394087,K233940879,SWAPPED,True,428
V279381339,4679381339,467938133,467938133,196040909,T160409099,467938133,V279381339,OK,False,-1
Z156716451,2456716451,245671645,245671645,213966488,V139664884,245671645,Z156716451,OK,False,-1
H268285110,3268285110,326828511,326828511,388026293,N280262937,326828511,H268285110,SWAPPED,False,431
M253773795,3753773795,875377379,375377379,314781062,G247810621,875377379,M253773795,SWAPPED,True,432
P173224668,1573224668,157322466,157322466,324821657,H248216575,157322466,P173224668,OK,False,-1
C134177960,0234177960,023417796,023417796,334542904,I245429048,023417796,C134177960,OK,False,-1
U863844880,7063844880,206384488,706384488,665458657,Q854586577,206384488,U863844880,FIXED_50,True,-1
R989204152,9289204152,428920415,928920415,828958452,H989584523,428920415,R989204152,FIXED_50,True,-1
L273514942,3673514942,367351494,367351494,198895976,T188959761,367351494,L273514942,SWAPPED,False,437
M223992826,3723992826,372399282,372399282,203250835,U132508355,372399282,M223992826,OK,False,-1
M162817191,1262817191,626281719,126281719,135376692,N153766922,626281719,M162817191,FIXED_50,True,-1
J108431560,0908431560,090843156,090843156,032309362,D123093623,090843156,J108431560,SWAPPED,False,440
A124140128,0024140128,502414012,002414012,385207672,N252076725,502414012,A124140128,SWAPPED,True,441
G257735699,3157735699,815773569,315773569,251308378,A213083785,815773569,G257735699,FIXED_50,True,-1
B269779544,2669779544,266977954,266977954,136838895,N168388958,266977954,B269779544,OK,False,-1
U233997116,4533997116,453399711,453399711,162645628,Q126456284,453399711,U233997116,SWAPPED,False,444
F282291190,3082291190,308229119,308229119,159220131,P192201318,308229119,F282291190,SWAPPED,False,445
N864044306,6364044306,636404430,636404430,807286061,F972860614,636404430,N864044306,SWAPPED,False,446
T292417116,4492417116,449241711,449241711,245246488,Z152464885,449241711,T292417116,SWAPPED,False,447
A806686536,5006686536,500668653,500668653,541520315,E815203156,500668653,A806686536,SWAPPED,False,448
J184316164,0984316164,598431616,098431616,162089685,Q120896855,598431616,J184316164,FIXED_50,True,-1
C827827637,5227827637,022782763,522782763,637536617,N875366171,022782763,C827827637,FIXED_50,True,-1
P921012910,9021012910,902101291,902101291,761260485,B912604856,902101291,P921012910,SWAPPED,False,452
F154861368,0554861368,055486136,055486136,006933282,A169332824,055486136,F154861368,OK,False,-1
H265750567,3265750567,326575056,326575056,396314872,O263148725,326575056,H265750567,SWAPPED,False,453
X909569836,9809569836,980956983,980956983,890193114,O901931148,980956983,X909569836,SWAPPED,False,454
Q966262664,9166262664,916626266,916626266,704228579,U842285792,916626266,Q966262664,OK,False,-1
L254905914,3654905914,365490591,365490591,475136860,W251368607,365490591,L254905914,OK,False,-1
A238716758,2538716758,253871675,253871675,129119770,M191197706,253871675,A238716758,SWAPPED,False,457
I102005579,0802005579,580200557,080200557,488228838,X282288383,580200557,I102005579,FIXED_50,True,-1
Q152277259,1652277259,665227725,165227725,497452475,Z274524757,665227725,Q152277259,FIXED_50,True,-1
F223741137,3023741137,802374113,302374113,411112971,Q211129718,802374113,F223741137,SWAPPED,True,460
U178732722,2078732722,207873272,207873272,212516260,V125162608,207873272,U178732722,OK,False,-1
N226558112,3826558112,382655811,382655811,112038924,L120389244,382655811,N226558112,OK,False,-1
Q161213165,1661213165,166121316,166121316,229422277,W194222779,166121316,Q161213165,SWAPPED,False,464
R219931480,4219931480,921993148,421993148,470014532,W200145329,921993148,R219931480,SWAPPED,True,465
H230445802,3230445802,823044580,323044580,164314493,Q143144934,823044580,H230445802,FIXED_50,True,-1
V282767807,4682767807,468276780,468276780,476495635,W264956353,468276780,V282767807,OK,False,-1
U286841223,4586841223,458684122,458684122,452237538,U222375382,458684122,U286841223,OK,False,-1
J226589865,3426589865,842658986,342658986,487303781,X273037814,842658986,J226589865,FIXED_50,True,-1
S867601987,6867601987,186760198,686760198,806517073,F965170730,186760198,S867601987,FIXED_50,True,-1
A207944017,2507944017,750794401,250794401,090573697,J105736979,750794401,A207944017,FIXED_50,True,-1
H288208351,3288208351,328820835,328820835,101299511,K112995112,328820835,H288208351,SWAPPED,False,471
E187274598,0487274598,548727459,048727459,362523229,L225232297,548727459,E187274598,SWAPPED,True,473
C269469222,2769469222,776946922,276946922,042310400,E123104006,776946922,C269469222,SWAPPED,True,473
Q193381021,1693381021,169338102,169338102,023441591,C134415910,169338102,Q193381021,OK,False,-1
G153688697,0653688697,065368869,065368869,440023934,T200239340,065368869,G153688697,OK,False,-1
J220519154,3420519154,342051915,342051915,010640553,B106405538,342051915,J220519154,OK,False,-1
Z863348421,7463348421,746334842,746334842,934962310,S949623101,746334842,Z863348421,OK,False,-1
S194707156,1894707156,189470715,189470715,446368655,T263686554,189470715,S194707156,SWAPPED,False,478
V235904398,4635904398,463590439,463590439,081817315,I118173159,463590439,V235904398,OK,False,-1
F852314753,5552314753,555231475,555231475,730515701,X805157016,555231475,F852314753,OK,False,-1
T186680245,1986680245,198668024,198668024,399942833,O299428338,198668024,T186680245,OK,False,-1
C991724452,7791724452,279172445,779172445,847865899,J978658997,279172445,C991724452,FIXED_50,True,-1
X222790504,4822790504,482279050,482279050,311440720,G214407203,482279050,X222790504,OK,False,-1
Q295643062,4195643062,419564306,419564306,232225090,X122250905,419564306,Q295643062,SWAPPED,False,485
F922550298,8022550298,802255029,802255029,637479399,N874793996,802255029,F922550298,OK,False,-1
M257106790,3757106790,375710679,375710679,466763187,V267631879,375710679,M257106790,OK,False,-1
M139499405,1239499405,623949940,123949940,309723631,F297236316,623949940,M139499405,SWAPPED,True,487
R171201650,1771201650,177120165,177120165,497479817,Z274798177,177120165,R171201650,OK,False,-1
O923176838,8923176838,892317683,892317683,622924185,M829241857,892317683,O923176838,OK,False,-1
F111324526,0511324526,051132452,051132452,268790636,B287906361,051132452,F111324526,OK,False,-1
A962824683,7562824683,756282468,756282468,500055830,A800558300,756282468,A962824683,OK,False,-1
R818956921,6718956921,671895692,671895692,920400046,R904000463,671895692,R818956921,OK,False,-1
T186739074,1986739074,198673907,198673907,192496350,T124963501,198673907,T186739074,OK,False,-1
R935147277,9235147277,423514727,923514727,610247112,L802471127,423514727,R935147277,FIXED_50,True,-1
N171899095,1371899095,137189909,137189909,006859328,A168593289,137189909,N171899095,OK,False,-1
A294681145,2594681145,259468114,259468114,120338816,M103388164,259468114,A294681145,OK,False,-1
Q254531356,4154531356,415453135,415453135,159035071,P190350710,415453135,Q254531356,SWAPPED,False,497
D133941038,0333941038,033394103,033394103,145761458,O157614583,033394103,D133941038,OK,False,-1
M280138104,3780138104,378013810,378013810,489344612,X293446122,378013810,M280138104,OK,False,-1
V284586542,4684586542,468458654,468458654,224081978,W140819780,468458654,V284586542,OK,False,-1
J265758000,3465758000,346575800,346575800,019839607,B198396075,346575800,J265758000,SWAPPED,False,501
A971773082,7571773082,757177308,757177308,512862732,B828627327,757177308,A971773082,OK,False,-1
V846892936,7146892936,714689293,714689293,777090831,C970908314,714689293,V846892936,SWAPPED,False,503
D179596146,0379596146,537959614,037959614,479604942,W296049421,537959614,D179596146,FIXED_50,True,-1
F956410187,8056410187,305641018,805641018,712892139,V828921390,305641018,F956410187,SWAPPED,True,505
J935256748,8435256748,843525674,843525674,809672984,F996729843,843525674,J935256748,SWAPPED,False,508
Q940227567,9140227567,414022756,914022756,612870633,L828706330,414022756,Q940227567,FIXED_50,True,-1
E208634041,2908634041,290863404,290863404,012920070,B129200700,290863404,E208634041,OK,False,-1
P182611964,1582611964,158261196,158261196,143642191,O136421917,158261196,P182611964,SWAPPED,False,509
K163437089,1063437089,606343708,106343708,374368830,M243688305,606343708,K163437089,FIXED_50,True,-1
F201260900,3001260900,300126090,300126090,069539185,G195391859,300126090,F201260900,OK,False,-1
L263061238,3663061238,866306123,366306123,480432298,X204322982,866306123,L263061238,FIXED_50,True,-1
G126230407,0626230407,062623040,062623040,421932783,R219327833,062623040,G126230407,OK,False,-1
H280000531,3280000531,328000053,328000053,357097565,K270975658,328000053,H280000531,OK,False,-1
L823996718,6123996718,612399671,612399671,566344635,G863446356,612399671,L823996718,OK,False,-1
H272887051,3272887051,327288705,327288705,042732240,E127322402,327288705,H272887051,OK,False,-1
T128478389,1928478389,692847838,192847838,435446269,S254462698,692847838,T128478389,FIXED_50,True,-1
G296048797,3196048797,319604879,319604879,012903786,B129037869,319604879,G296048797,OK,False,-1
S256346106,4356346106,435634610,435634610,495186826,Z251868265,435634610,S256346106,SWAPPED,False,520
V264563758,4664563758,466456375,466456375,234015791,X140157916,466456375,V264563758,OK,False,-1
T147048123,1947048123,194704812,194704812,170745790,R107457904,194704812,T147048123,OK,False,-1
M226070256,3726070256,872607025,372607025,099097299,J190972990,872607025,M226070256,FIXED_50,True,-1
O985152487,8985152487,898515248,898515248,817539651,G975396514,898515248,O985152487,OK,False,-1
J287885319,3487885319,848788531,348788531,343076081,J230760814,848788531,J287885319,SWAPPED,True,524
F226327022,3026327022,802632702,302632702,282088924,D220889245,802632702,F226327022,FIXED_50,True,-1
V157604680,2157604680,715760468,215760468,252834981,A228349816,715760468,V157604680,FIXED_50,True,-1
U125575891,2025575891,702557589,202557589,352516301,K225163019,702557589,U125575891,FIXED_50,True,-1
P921732579,9021732579,402173257,902173257,693363607,T833636075,402173257,P921732579,FIXED_50,True,-1
P203602412,4003602412,400360241,400360241,126328627,M163286270,400360241,P203602412,OK,False,-1
P973435112,9073435112,407343511,907343511,527957521,C879575211,407343511,P973435112,FIXED_50,True,-1
U182187753,2082187753,708218775,208218775,270786416,C207864169,708218775,U182187753,FIXED_50,True,-1
J169802847,0969802847,596980284,096980284,270185440,C201854409,596980284,J169802847,FIXED_50,True,-1
I204981592,3304981592,830498159,330498159,327367970,H273679704,830498159,I204981592,FIXED_50,True,-1
R295002875,4295002875,429500287,429500287,330246158,I202461588,429500287,R295002875,OK,False,-1
O972514053,8972514053,897251405,897251405,590242913,J802429131,897251405,O972514053,OK,False,-1
B244022820,2644022820,264402282,264402282,045369305,E153693052,264402282,B244022820,OK,False,-1
F138525938,0538525938,553852593,053852593,029012938,C190129386,553852593,F138525938,FIXED_50,True,-1
S269045207,4369045207,936904520,436904520,055515595,F155155958,936904520,S269045207,FIXED_50,True,-1
O291224034,3991224034,899122403,399122403,276933473,C269334733,899122403,O291224034,FIXED_50,True,-1
T148078929,1948078929,194807892,194807892,089988505,I199885054,194807892,T148078929,OK,False,-1
T933691470,9433691470,943369147,943369147,996570755,Z965707555,943369147,T933691470,OK,False,-1
W818067130,7218067130,721806713,721806713,713418738,V834187386,721806713,W818067130,OK,False,-1
P193402042,1593402042,659340204,159340204,488587957,X285879573,659340204,P193402042,SWAPPED,True,543
C963484943,7763484943,276348494,776348494,925599791,R955997915,276348494,C963484943,FIXED_50,True,-1
F853745592,5553745592,555374559,555374559,537184291,D871842912,555374559,F853745592,OK,False,-1
S895956353,6895956353,689595635,689595635,798841915,E988419159,689595635,S895956353,SWAPPED,False,546
G965339310,8165339310,316533931,816533931,744132756,Z841327562,316533931,G965339310,FIXED_50,True,-1
A919140210,7519140210,251914021,751914021,610997483,L809974836,251914021,A919140210,SWAPPED,True,548
A896547371,5096547371,509654737,509654737,501178758,A811787586,509654737,A896547371,SWAPPED,False,549
U159209057,2059209057,205920905,205920905,329884123,H298841233,205920905,U159209057,OK,False,-1
H867113797,5767113797,576711379,576711379,749155689,Z891556899,576711379,H867113797,OK,False,-1
G286639286,3186639286,318663928,318663928,444450381,T244503816,318663928,G286639286,OK,False,-1
J299689765,3499689765,849968976,349968976,285545147,D255451473,849968976,J299689765,FIXED_50,True,-1
S227108905,4327108905,432710890,432710890,112431010,L124310101,432710890,S227108905,OK,False,-1
J886925647,5986925647,598692564,598692564,854597658,K945976589,598692564,J886925647,OK,False,-1
X933265105,9833265105,983326510,983326510,935488084,S954880841,983326510,X933265105,OK,False,-1
X253189111,4853189111,985318911,485318911,288371835,D283718358,985318911,X253189111,FIXED_50,True,-1
Z144173099,2444173099,244417309,244417309,072294068,H122940681,244417309,Z144173099,SWAPPED,False,558
K911498067,8511498067,851149806,851149806,607984447,K879844478,851149806,K911498067,OK,False,-1
O142072573,1442072573,644207257,144207257,192224529,T122245297,644207257,O142072573,FIXED_50,True,-1
X116728401,2316728401,231672840,231672840,089729011,I197290119,231672840,X116728401,SWAPPED,False,561
D811348813,5311348813,531134881,531134881,517410016,B874100160,531134881,D811348813,OK,False,-1
O175388237,1475388237,147538823,147538823,381665105,N216651053,147538823,O175388237,OK,False,-1
A825334048,5025334048,502533404,502533404,827233180,H972331807,502533404,A825334048,OK,False,-1
R248010445,4248010445,424801044,424801044,337129250,I271292508,424801044,R248010445,SWAPPED,False,565
A841058865,5041058865,504105886,504105886,628094751,M880947516,504105886,A841058865,SWAPPED,False,566
G266441404,3166441404,816644140,316644140,426046074,R260460743,816644140,G266441404,FIXED_50,True,-1
F153744162,0553744162,055374416,055374416,139321594,N193215940,055374416,F153744162,SWAPPED,False,569
V926952639,9626952639,462695263,962695263,581654792,I816547922,462695263,V926952639,FIXED_50,True,-1
P854816702,6554816702,155481670,655481670,928738588,R987385887,155481670,P854816702,FIXED_50,True,-1
W167003277,2267003277,726700327,226700327,398901985,O289019854,726700327,W167003277,SWAPPED,True,571
L274323016,3674323016,367432301,367432301,281476430,D214764308,367432301,L274323016,OK,False,-1
K192554286,1092554286,109255428,109255428,245997633,Z159976333,109255428,K192554286,OK,False,-1
O225652462,3925652462,392565246,392565246,212791319,V127913194,392565246,O225652462,SWAPPED,False,575
J185798571,0985798571,098579857,098579857,402259851,P222598513,098579857,J185798571,OK,False,-1
S290903994,4390903994,939090399,439090399,198882175,T188821753,939090399,S290903994,FIXED_50,True,-1
X196134903,2396134903,739613490,239613490,461762909,V217629098,739613490,X196134903,FIXED_50,True,-1
G898394445,5698394445,569839444,569839444,813129804,G931298042,569839444,G898394445,OK,False,-1
Q993689475,9193689475,919368947,919368947,576073209,H860732098,919368947,Q993689475,OK,False,-1
N109156765,1309156765,130915676,130915676,089543896,I195438960,130915676,N109156765,OK,False,-1
J882412201,5982412201,598241220,598241220,917169674,Q971696743,598241220,J882412201,OK,False,-1
K257694525,3557694525,355769452,355769452,232678188,X126781885,355769452,K257694525,OK,False,-1
K287543344,3587543344,858754334,358754334,026036231,C160362319,858754334,K287543344,SWAPPED,True,583
Z145134149,2445134149,244513414,244513414,236740868,X167408681,244513414,Z145134149,SWAPPED,False,584
S279005126,4379005126,437900512,437900512,309991818,F299918188,437900512,S279005126,OK,False,-1
C118369584,0218369584,021836958,021836958,096248737,J162487379,021836958,C118369584,OK,False,-1
Q104321442,1604321442,660432144,160432144,483592645,X235926456,660432144,Q104321442,FIXED_50,True,-1
G218925515,3118925515,311892551,311892551,326418513,H264185137,311892551,G218925515,OK,False,-1
G132360023,0632360023,063236002,063236002,345381771,J253817718,063236002,G132360023,SWAPPED,False,590
F115251873,0515251873,551525187,051525187,429342622,R293426224,551525187,F115251873,FIXED_50,True,-1
B124431385,0124431385,512443138,012443138,042797357,E127973570,512443138,B124431385,SWAPPED,True,591
D235913141,2835913141,283591314,283591314,289969399,D299693997,283591314,D235913141,OK,False,-1
N100824486,1300824486,130082448,130082448,309813700,F298137009,130082448,N100824486,OK,False,-1
O818108460,6418108460,141810846,641810846,896746635,O967466353,141810846,O818108460,FIXED_50,True,-1
M136632604,1236632604,123663260,123663260,396011279,O260112796,123663260,M136632604,OK,False,-1
E130338950,0430338950,043033895,043033895,125083392,M150833925,043033895,E130338950,OK,False,-1
A867251704,5067251704,506725170,506725170,873147072,M931470726,506725170,A867251704,SWAPPED,False,597
C240281762,2740281762,274028176,274028176,381726511,N217265113,274028176,C240281762,OK,False,-1
N291630469,3891630469,889163046,389163046,292771460,E227714608,889163046,N291630469,SWAPPED,True,599
M806593143,6206593143,620659314,620659314,719142895,V891428959,620659314,M806593143,SWAPPED,False,600
U985352829,9585352829,458535282,958535282,579728377,H897283775,458535282,U985352829,SWAPPED,True,601
T247248054,4447248054,944724805,444724805,089854963,I198549639,944724805,T247248054,FIXED_50,True,-1
L162490760,1162490760,116249076,116249076,386374149,N263741493,116249076,L162490760,OK,False,-1
H897905374,5797905374,079790537,579790537,699515755,T895157557,079790537,H897905374,SWAPPED,True,604
Q824024984,6624024984,662402498,662402498,589111186,I891111864,662402498,Q824024984,SWAPPED,False,605
E258495950,2958495950,295849595,295849595,165149481,Q151494818,295849595,E258495950,OK,False,-1
Z260673943,4960673943,496067394,496067394,253182557,A231825576,496067394,Z260673943,OK,False,-1
A203657175,2503657175,250365717,250365717,366819654,L268196549,250365717,A203657175,OK,False,-1
Q100819021,1600819021,160081902,160081902,289234958,D292349585,160081902,Q100819021,OK,False,-1
U290253982,4590253982,459025398,459025398,402640200,P226402009,459025398,U290253982,OK,False,-1
F270590428,3070590428,307059042,307059042,443900876,T239008760,307059042,F270590428,SWAPPED,False,611
H205694977,3205694977,320569497,320569497,105210929,K152109298,320569497,H205694977,SWAPPED,False,612
I209481248,3309481248,330948124,330948124,185139230,S151392302,330948124,I209481248,OK,False,-1
T883736048,6983736048,198373604,698373604,763964201,B939642010,198373604,T883736048,SWAPPED,True,614
R168416852,1768416852,176841685,176841685,390494831,O204948310,176841685,R168416852,SWAPPED,False,615
S225036577,4325036577,432503657,432503657,024947106,C149471064,432503657,S225036577,OK,False,-1
I134317151,0834317151,083431715,083431715,483183128,X231831287,083431715,I134317151,OK,False,-1
Q177846518,1677846518,167784651,167784651,470682176,W206821766,167784651,Q177846518,SWAPPED,False,618
V876028631,7176028631,717602863,717602863,714023577,V840235777,717602863,V876028631,OK,False,-1
N131801422,1331801422,133180142,133180142,328526105,H285261052,133180142,N131801422,OK,False,-1
I163481482,0863481482,586348148,086348148,027888549,C178885492,586348148,I163481482,FIXED_50,True,-1
Q225680993,4125680993,412568099,412568099,088352532,I183525323,412568099,Q225680993,SWAPPED,False,622
E880414490,5480414490,048041449,548041449,788330359,D983303593,048041449,E880414490,FIXED_50,True,-1
K193402138,1093402138,609340213,109340213,347448502,J274485029,609340213,K193402138,FIXED_50,True,-1
U289892044,4589892044,458989204,458989204,120846125,M108461257,458989204,U289892044,SWAPPED,False,625
D876715376,5376715376,537671537,537671537,913278249,Q932782497,537671537,D876715376,SWAPPED,False,626
P261713812,4061713812,406171381,406171381,355641083,K256410838,406171381,P261713812,OK,False,-1
Z111741229,2411741229,241174122,241174122,371815100,M218151000,241174122,Z111741229,SWAPPED,False,628
X105524773,2305524773,230552477,230552477,163891789,Q138917890,230552477,X105524773,SWAPPED,False,629
X142514008,2342514008,234251400,234251400,204406946,U144069461,234251400,X142514008,SWAPPED,False,630
S115779483,1815779483,681577948,181577948,172345849,R123458492,681577948,S115779483,FIXED_50,True,-1
B227087961,2627087961,762708796,262708796,071522158,H115221582,762708796,B227087961,FIXED_50,True,-1
L254021217,3654021217,365402121,365402121,022689468,C126894685,365402121,L254021217,OK,False,-1
R114962858,1714962858,171496285,171496285,016849683,B168496839,171496285,R114962858,OK,False,-1
W283136282,4783136282,478313628,478313628,039265941,D192659413,478313628,W283136282,SWAPPED,False,635
K989445096,8589445096,358944509,858944509,853301767,K933017673,358944509,K989445096,FIXED_50,True,-1
M130951217,1230951217,123095121,123095121,089053467,I190534672,123095121,M130951217,OK,False,-1
O296340551,3996340551,399634055,399634055,082327686,I123276863,399634055,O296340551,SWAPPED,False,638
I971843170,8371843170,337184317,837184317,778248329,C982483297,337184317,I971843170,FIXED_50,True,-1
P186112079,1586112079,158611207,158611207,021831135,C118311355,158611207,P186112079,OK,False,-1
L140926172,1140926172,614092617,114092617,386669181,N266691810,614092617,L140926172,FIXED_50,True,-1
N143037450,1343037450,134303745,134303745,441467737,T214677376,134303745,N143037450,SWAPPED,False,642
S223227561,4323227561,932322756,432322756,249188583,Z191885837,932322756,S223227561,FIXED_50,True,-1
H180438695,0780438695,078043869,078043869,112656517,L126565177,078043869,H180438695,OK,False,-1
M913263410,8713263410,871326341,871326341,929914058,R999140585,871326341,M913263410,OK,False,-1
R290589617,4290589617,429058961,429058961,386326737,N263267376,429058961,R290589617,SWAPPED,False,646
Q286251074,4186251074,418625107,418625107,290692766,E206927669,418625107,Q286251074,SWAPPED,False,647
N206152525,3806152525,380615252,380615252,448588110,T285881106,380615252,N206152525,OK,False,-1
D980997557,7880997557,788099755,788099755,721739123,W817391235,788099755,D980997557,OK,False,-1
M209109472,3709109472,370910947,370910947,295657677,E256576774,370910947,M209109472,SWAPPED,False,650
E831197448,5431197448,543119744,543119744,801590640,F915906404,543119744,E831197448,OK,False,-1
Q948315671,9148315671,914831567,914831567,897751685,O977516851,914831567,Q948315671,OK,False,-1
X206822538,4806822538,980682253,480682253,374263648,M242636487,980682253,X206822538,FIXED_50,True,-1
K849420273,6049420273,104942027,604942027,998733099,Z987330996,104942027,K849420273,FIXED_50,True,-1
L212778631,3612778631,361277863,361277863,225963085,W159630859,361277863,L212778631,SWAPPED,False,655
T179936358,1979936358,697993635,197993635,003375805,A133758058,697993635,T179936358,FIXED_50,True,-1
N158688094,1358688094,135868809,135868809,195510177,T155101773,135868809,N158688094,OK,False,-1
F154299273,0554299273,555429927,055429927,196059990,T160599909,555429927,F154299273,SWAPPED,True,659
I894195228,5894195228,589419522,589419522,539353848,D893538480,589419522,I894195228,OK,False,-1
W270652455,4770652455,477065245,477065245,338050228,I280502286,477065245,W270652455,OK,False,-1
A227543436,2527543436,252754343,252754343,144432510,O144325102,252754343,A227543436,OK,False,-1
K126574603,1026574603,102657460,102657460,304217108,F242171084,102657460,K126574603,OK,False,-1
O920746310,8920746310,392074631,892074631,635550550,N855505501,392074631,O920746310,FIXED_50,True,-1
B143484753,0143484753,514348475,014348475,305635252,F256352524,514348475,B143484753,FIXED_50,True,-1
L880009529,6180009529,618000952,618000952,900188821,P901888212,618000952,L880009529,OK,False,-1
M255715371,3755715371,375571537,375571537,226785860,W167858601,375571537,M255715371,OK,False,-1
X265375878,4865375878,486537587,486537587,208636771,U186367711,486537587,X265375878,SWAPPED,False,667
O177590977,1477590977,647759097,147759097,099614916,J196149164,647759097,O177590977,SWAPPED,True,669
R202104115,4202104115,420210411,420210411,123975456,M139754563,420210411,R202104115,OK,False,-1
O148741620,1448741620,644874162,144874162,278122433,C281224334,644874162,O148741620,FIXED_50,True,-1
P153584154,1553584154,155358415,155358415,422501152,R225011524,155358415,P153584154,OK,False,-1
A217998910,2517998910,251799891,251799891,437032580,S270325805,251799891,A217998910,OK,False,-1
U948115451,9548115451,954811545,954811545,732851867,X828518679,954811545,U948115451,OK,False,-1
X950244217,9850244217,985024421,985024421,797577525,E975775255,985024421,X950244217,OK,False,-1
H846020715,5746020715,574602071,574602071,794737577,E947375772,574602071,H846020715,OK,False,-1
L166586945,1166586945,116658694,116658694,416614472,Q266144729,116658694,L166586945,OK,False,-1
H849137548,5749137548,574913754,574913754,950295616,U902956161,574913754,H849137548,OK,False,-1
N175945169,1375945169,637594516,137594516,438936181,S289361819,637594516,N175945169,FIXED_50,True,-1
W243790668,4743790668,474379066,474379066,480092895,X200928951,474379066,W243790668,SWAPPED,False,679
Q268872440,4168872440,416887244,416887244,176238840,R162388402,416887244,Q268872440,OK,False,-1
O100464919,1400464919,140046491,140046491,472257873,W222578733,140046491,O100464919,OK,False,-1
W239754930,4739754930,473975493,473975493,163418520,Q134185203,473975493,W239754930,OK,False,-1
M901157390,8701157390,870115739,870115739,782990929,D929909297,870115739,M901157390,OK,False,-1
B887332621,5187332621,518733262,518733262,601669849,K816698494,518733262,B887332621,OK,False,-1
D122084362,0322084362,032208436,032208436,023515305,C135153053,032208436,D122084362,OK,False,-1
C217412042,2717412042,271741204,271741204,217311183,V173111831,271741204,C217412042,OK,False,-1
D867162241,5367162241,536716224,536716224,669751168,Q897511681,536716224,D867162241,OK,False,-1
N246081603,3846081603,384608160,384608160,237663443,X176634439,384608160,N246081603,OK,False,-1
R929362231,9229362231,922936223,922936223,580154571,I801545710,922936223,R929362231,SWAPPED,False,689
U189576301,2089576301,208957630,208957630,446979315,T269793156,208957630,U189576301,OK,False,-1
Z116574531,2416574531,241657453,241657453,064216156,G142161569,241657453,Z116574531,OK,False,-1
A143505756,0043505756,004350575,004350575,051561555,F115615555,004350575,A143505756,SWAPPED,False,696
G100598057,0600598057,060059805,060059805,051455151,F114551516,060059805,G100598057,OK,False,-1
C839368938,5239368938,023936893,523936893,847000505,J970005056,023936893,C839368938,FIXED_50,True,-1
P220932633,4020932633,402093263,402093263,247473201,Z174732015,402093263,P220932633,OK,False,-1
A111751831,0011751831,001175183,001175183,041724126,E117241267,001175183,A111751831,OK,False,-1
E804455966,5404455966,540445596,540445596,808121889,F981218897,540445596,E804455966,OK,False,-1
E287111829,2987111829,798711182,298711182,491282005,Z212820052,798711182,E287111829,SWAPPED,True,698
G917364610,8117364610,811736461,811736461,895073980,O950739805,811736461,G917364610,OK,False,-1
W102822765,2202822765,220282276,220282276,373258907,M232589079,220282276,W102822765,OK,False,-1
P238457103,4038457103,403845710,403845710,339991561,I299915611,403845710,P238457103,OK,False,-1
Q999899920,9199899920,919989992,919989992,654604092,P846040927,919989992,Q999899920,OK,False,-1
B212609213,2612609213,261260921,261260921,126286669,M162866694,261260921,B212609213,SWAPPED,False,703
V277955313,4677955313,467795531,467795531,205149256,U151492569,467795531,V277955313,SWAPPED,False,704
A817213843,5017213843,501721384,501721384,503159291,A831592912,501721384,A817213843,OK,False,-1
Q299673879,4199673879,419967387,419967387,415780018,Q257800189,419967387,Q299673879,OK,False,-1
W131722283,2231722283,223172228,223172228,353307340,K233073408,223172228,W131722283,OK,False,-1
M266535094,3766535094,376653509,376653509,099940353,J199403530,376653509,M266535094,OK,False,-1
O928635083,8928635083,392863508,892863508,914935791,Q949357913,392863508,O928635083,FIXED_50,True,-1
B232245153,2632245153,263224515,263224515,253666029,A236660299,263224515,B232245153,OK,False,-1
Q142964236,1642964236,664296423,164296423,223139638,W131396381,664296423,Q142964236,FIXED_50,True,-1
L924105713,8624105713,862410571,862410571,776054898,C960548986,862410571,L924105713,SWAPPED,False,712
V104286283,2104286283,210428628,210428628,203065430,U130654309,210428628,V104286283,OK,False,-1
U266393780,4566393780,456639378,456639378,353615987,K236159870,456639378,U266393780,OK,False,-1
O264977702,3964977702,896497770,396497770,335741610,I257416104,896497770,O264977702,FIXED_50,True,-1
U289324309,4589324309,458932430,458932430,468516188,V285161889,458932430,U289324309,OK,False,-1
P172774954,1572774954,157277495,157277495,297841565,E278415654,157277495,P172774954,OK,False,-1
V106035720,2106035720,710603572,210603572,359674489,K296744895,710603572,V106035720,SWAPPED,True,718
R225598106,4225598106,422559810,422559810,154910484,P149104844,422559810,R225598106,OK,False,-1
D243242642,2843242642,284324264,284324264,107080312,K170803128,284324264,D243242642,OK,False,-1
C164384937,0264384937,026438493,026438493,005029555,A150295550,026438493,C164384937,OK,False,-1
O863571100,6463571100,646357110,646357110,671927791,R819277910,646357110,O863571100,OK,False,-1
M866910508,6266910508,626691050,626691050,849982853,J999828533,626691050,M866910508,OK,False,-1
I159891890,0859891890,085989189,085989189,059724692,F197246927,085989189,I159891890,OK,False,-1
A952679363,7552679363,255267936,755267936,544136390,E841363909,255267936,A952679363,SWAPPED,True,725
N917278310,8817278310,881727831,881727831,570392482,H803924821,881727831,N917278310,OK,False,-1
N956184955,8856184955,885618495,885618495,952713836,U927138365,885618495,N956184955,OK,False,-1
H122004840,0722004840,572200484,072200484,249189614,Z191896143,572200484,H122004840,SWAPPED,True,728
X231486817,4831486817,983148681,483148681,249861273,Z198612734,983148681,X231486817,SWAPPED,True,729
S163875450,1863875450,686387545,186387545,258941268,A289412683,686387545,S163875450,FIXED_50,True,-1
M204724433,3704724433,870472443,370472443,460912882,V209128822,870472443,M204724433,SWAPPED,True,731
F179630501,0579630501,057963050,057963050,372019579,M220195790,057963050,F179630501,OK,False,-1
F809274793,5509274793,050927479,550927479,689550994,S895509943,050927479,F809274793,FIXED_50,True,-1
I113126203,0813126203,581312620,081312620,376328134,M263281348,581312620,I113126203,FIXED_50,True,-1
L248739520,3648739520,364873952,364873952,342065357,J220653571,364873952,L248739520,OK,False,-1
Q839802678,6639802678,663980267,663980267,672989311,R829893113,663980267,Q839802678,OK,False,-1
J133009996,0933009996,593300999,093300999,488613747,X286137476,593300999,J133009996,SWAPPED,True,737
K948392487,8548392487,854839248,854839248,616542866,L865428662,854839248,K948392487,OK,False,-1
G117074375,0617074375,561707437,061707437,208242271,U182422711,561707437,G117074375,SWAPPED,True,739
S137550035,1837550035,183755003,183755003,136115284,N161152843,183755003,S137550035,OK,False,-1
B208620197,2608620197,760862019,260862019,031099731,D110997318,760862019,B208620197,FIXED_50,True,-1
Z138582797,2438582797,243858279,243858279,123476443,M134764434,243858279,Z138582797,OK,False,-1
E262788244,2962788244,296278824,296278824,230472432,X104724322,296278824,E262788244,OK,False,-1
E123417106,0423417106,542341710,042341710,493818760,Z238187605,542341710,E123417106,FIXED_50,True,-1
Q932766662,9132766662,413276666,913276666,525959198,C859591988,413276666,Q932766662,FIXED_50,True,-1
Z130228429,2430228429,243022842,243022842,298043312,E280433126,243022842,Z130228429,OK,False,-1
R202719054,4202719054,420271905,420271905,027833649,C178336494,420271905,R202719054,OK,False,-1
H134623024,0734623024,573462302,073462302,059617132,F196171323,573462302,H134623024,FIXED_50,True,-1
T963651019,9463651019,446365101,946365101,560800497,G808004976,446365101,T963651019,FIXED_50,True,-1
R205368639,4205368639,420536863,420536863,404712969,P247129694,420536863,R205368639,OK,False,-1
P965112182,9065112182,906511218,906511218,955365176,U953651768,906511218,P965112182,OK,False,-1
F102733624,0502733624,050273362,050273362,363307483,L233074834,050273362,F102733624,SWAPPED,False,753
O160714216,1460714216,146071421,146071421,405199278,P251992785,146071421,O160714216,OK,False,-1
P951166645,9051166645,905116664,905116664,861110231,L911102315,905116664,P951166645,SWAPPED,False,754
E125975665,0425975665,542597566,042597566,166890821,Q168908210,542597566,E125975665,SWAPPED,True,755
O201691074,3901691074,390169107,390169107,425356178,R253561780,390169107,O201691074,OK,False,-1
V232369048,4632369048,963236904,463236904,302867633,F228676331,963236904,V232369048,FIXED_50,True,-1
O913991850,8913991850,891399185,891399185,813470512,G934705124,891399185,O913991850,SWAPPED,False,759
B214561841,2614561841,261456184,261456184,167251068,Q172510684,261456184,B214561841,OK,False,-1
M146728993,1246728993,124672899,124672899,147366797,O173667977,124672899,M146728993,OK,False,-1
N939297784,8839297784,883929778,883929778,533561282,D835612829,883929778,N939297784,OK,False,-1
T235083696,4435083696,943508369,443508369,414707787,Q247077874,943508369,T235083696,FIXED_50,True,-1
Q222599735,4122599735,412259973,412259973,062756817,G127568179,412259973,Q222599735,OK,False,-1
I801226532,5801226532,080122653,580122653,809808247,F998082478,080122653,I801226532,FIXED_50,True,-1
W105551521,2205551521,720555152,220555152,238278265,X182782651,720555152,W105551521,FIXED_50,True,-1
W159355002,2259355002,225935500,225935500,132226206,N122262060,225935500,W159355002,SWAPPED,False,766
F122330558,0522330558,552233055,052233055,363758489,L237584895,552233055,F122330558,FIXED_50,True,-1
L823049027,6123049027,612304902,612304902,822425205,H924252055,612304902,L823049027,OK,False,-1
Q148367115,1648367115,164836711,164836711,381779289,N217792893,164836711,Q148367115,OK,False,-1
G124170524,0624170524,062417052,062417052,021053469,C110534696,062417052,G124170524,OK,False,-1
S112811304,1812811304,181281130,181281130,320788035,H207880355,181281130,S112811304,OK,False,-1
R141891495,1741891495,174189149,174189149,404143592,P241435924,174189149,R141891495,OK,False,-1
A297122241,2597122241,259712224,259712224,090210576,J102105767,259712224,A297122241,OK,False,-1
S158727009,1858727009,185872700,185872700,442074021,T220740219,185872700,S158727009,OK,False,-1
U921437270,9521437270,952143727,952143727,733162990,X831629903,952143727,U921437270,OK,False,-1
V143543558,2143543558,714354355,214354355,498675223,Z286752234,714354355,V143543558,FIXED_50,True,-1
F113409531,0513409531,551340953,051340953,265566091,B255660916,551340953,F113409531,SWAPPED,True,778
W869632118,7269632118,726963211,726963211,534965184,D849651843,726963211,W869632118,OK,False,-1
X868776520,7368776520,736877652,736877652,828014471,H980144710,736877652,X868776520,OK,False,-1
K944523039,8544523039,354452303,854452303,684924561,S849245614,354452303,K944523039,SWAPPED,True,780
W256837198,4756837198,475683719,475683719,288625595,D286255956,475683719,W256837198,OK,False,-1
D160629221,0360629221,536062922,036062922,070569792,H105697921,536062922,D160629221,FIXED_50,True,-1
Z248104298,4948104298,994810429,494810429,133860329,N138603291,994810429,Z248104298,FIXED_50,True,-1
O211780499,3911780499,891178049,391178049,236265503,X162655037,891178049,O211780499,FIXED_50,True,-1
W235847916,4735847916,973584791,473584791,310105916,G201059168,973584791,W235847916,FIXED_50,True,-1
M993578901,8793578901,879357890,879357890,503433675,A834336756,879357890,M993578901,OK,False,-1
I166567210,0866567210,086656721,086656721,026740600,C167406001,086656721,I166567210,OK,False,-1
H282627414,3282627414,328262741,328262741,414496080,Q244960809,328262741,H282627414,SWAPPED,False,788
F168430353,0568430353,056843035,056843035,414677455,Q246774552,056843035,F168430353,OK,False,-1
G253798547,3153798547,315379854,315379854,130720032,N107200322,315379854,G253798547,OK,False,-1
E183886225,0483886225,048388622,048388622,072020119,H120201190,048388622,E183886225,OK,False,-1
V134630324,2134630324,213463032,213463032,162271599,Q122715997,213463032,V134630324,OK,False,-1
O173934928,1473934928,147393492,147393492,465148028,V251480286,147393492,O173934928,OK,False,-1
C115445792,0215445792,521544579,021544579,083491856,I134918569,521544579,C115445792,FIXED_50,True,-1
M224310882,3724310882,372431088,372431088,299863063,E298630639,372431088,M224310882,SWAPPED,False,795
Z111943769,2411943769,241194376,241194376,004775535,A147755350,241194376,Z111943769,SWAPPED,False,798
I155957182,0855957182,085595718,085595718,149145049,O191450498,085595718,I155957182,OK,False,-1
T160315618,1960315618,696031561,196031561,496279343,Z262793439,696031561,T160315618,SWAPPED,True,798
D811758097,5311758097,531175809,531175809,556852083,F868520838,531175809,D811758097,OK,False,-1
G288066610,3188066610,818806661,318806661,113693729,L136937292,818806661,G288066610,FIXED_50,True,-1
D282269383,2882269383,288226938,288226938,495337758,Z253377589,288226938,D282269383,SWAPPED,False,802
O242180992,3942180992,894218099,394218099,124529107,M145291077,894218099,O242180992,FIXED_50,True,-1
V175956650,2175956650,717595665,217595665,446062656,T260626565,717595665,V175956650,SWAPPED,True,803
T134780032,1934780032,193478003,193478003,453666157,U236661579,193478003,T134780032,SWAPPED,False,804
G916437392,8116437392,311643739,811643739,652723306,P827233064,311643739,G916437392,FIXED_50,True,-1
I232616868,3332616868,333261686,333261686,396216073,O262160736,333261686,I232616868,OK,False,-1
J212813698,3412813698,341281369,341281369,265240533,B252405333,341281369,J212813698,OK,False,-1
C129041980,0229041980,022904198,022904198,342102493,J221024930,022904198,C129041980,OK,False,-1
N242230511,3842230511,384223051,384223051,077621192,H176211926,384223051,N242230511,OK,False,-1
S172662578,1872662578,687266257,187266257,076631813,H166318132,687266257,S172662578,FIXED_50,True,-1
G126312575,0626312575,562631257,062631257,481971253,X219712532,562631257,G126312575,SWAPPED,True,811
T184584320,1984584320,698458432,198458432,084598263,I145982637,698458432,T184584320,SWAPPED,True,812
W262874438,4762874438,476287443,476287443,081804788,I118047887,476287443,W262874438,OK,False,-1
C275784338,2775784338,777578433,277578433,129088152,M190881521,777578433,C275784338,FIXED_50,True,-1
G220019540,3120019540,312001954,312001954,274278623,C242786233,312001954,G220019540,OK,False,-1
P187471193,1587471193,658747119,158747119,123480031,M134800319,658747119,P187471193,FIXED_50,True,-1
L159589267,1159589267,115958926,115958926,063894689,G138946894,115958926,L159589267,OK,False,-1
M929463720,8729463720,872946372,872946372,957186717,U971867175,872946372,M929463720,SWAPPED,False,818
L169613903,1169613903,616961390,116961390,035254917,D152549170,616961390,L169613903,SWAPPED,True,819
M128589041,1228589041,122858904,122858904,171588366,R115883669,122858904,M128589041,SWAPPED,False,820
Q223172916,4123172916,912317291,412317291,084576728,I145767283,912317291,Q223172916,SWAPPED,True,821
G138096602,0638096602,063809660,063809660,120735464,M107354646,063809660,G138096602,OK,False,-1
A926324717,7526324717,252632471,752632471,710494367,V804943670,252632471,A926324717,FIXED_50,True,-1
I163480476,0863480476,086348047,086348047,293975304,E239753044,086348047,I163480476,SWAPPED,False,824
X927638816,9827638816,982763881,982763881,640908429,O809084297,982763881,X927638816,OK,False,-1
S250313381,4350313381,935031338,435031338,467219290,V272192905,935031338,S250313381,FIXED_50,True,-1
N172611602,1372611602,637261160,137261160,246649240,Z166492404,637261160,N172611602,FIXED_50,True,-1
X175031256,2375031256,237503125,237503125,051106608,F111066083,237503125,X175031256,OK,False,-1
S296400456,4396400456,939640045,439640045,090010930,J100109301,939640045,S296400456,FIXED_50,True,-1
M269240145,3769240145,376924014,376924014,113780290,L137802903,376924014,M269240145,OK,False,-1
F820789851,5520789851,052078985,552078985,931649376,S916493764,052078985,F820789851,FIXED_50,True,-1
J189204749,0989204749,098920474,098920474,414014570,Q240145708,098920474,J189204749,SWAPPED,False,832
C874342972,5274342972,527434297,527434297,504650987,A846509876,527434297,C874342972,OK,False,-1
T820367301,6920367301,692036730,692036730,756061972,A960619728,692036730,T820367301,SWAPPED,False,839
D161691525,0361691525,036169152,036169152,418561105,Q285611058,036169152,D161691525,SWAPPED,False,835
U245327106,4545327106,954532710,454532710,084398613,I143986137,954532710,U245327106,FIXED_50,True,-1
S824047667,6824047667,182404766,682404766,739181141,X891811418,182404766,S824047667,FIXED_50,True,-1
E231649883,2931649883,293164988,293164988,232044719,X120447197,293164988,E231649883,OK,False,-1
E207207139,2907207139,790720713,290720713,188568394,S185683947,790720713,E207207139,FIXED_50,True,-1
I215163555,3315163555,831516355,331516355,251350583,A213505839,831516355,I215163555,SWAPPED,True,840
O870998040,6470998040,647099804,647099804,951216173,U912161736,647099804,O870998040,OK,False,-1
U218286434,4518286434,451828643,451828643,296841145,E268411457,451828643,U218286434,SWAPPED,False,843
T144535334,1944535334,194453533,194453533,145611256,O156112562,194453533,T144535334,OK,False,-1
H110172888,0710172888,071017288,071017288,387520675,N275206758,071017288,H110172888,OK,False,-1
U162020622,2062020622,206202062,206202062,497045506,Z270455064,206202062,U162020622,OK,False,-1
A190829905,0090829905,009082990,009082990,484835622,X248356226,009082990,A190829905,OK,False,-1
H265385266,3265385266,826538526,326538526,351750754,K217507543,826538526,H265385266,FIXED_50,True,-1
D151693428,0351693428,035169342,035169342,285030094,D250300944,035169342,D151693428,OK,False,-1
H234747352,3234747352,323474735,323474735,411869450,Q218694503,323474735,H234747352,OK,False,-1
Z851500831,7451500831,745150083,745150083,603624962,K836249620,745150083,Z851500831,OK,False,-1
B216158566,2616158566,261615856,261615856,314048245,G240482450,261615856,B216158566,SWAPPED,False,851
M295641216,3795641216,379564121,379564121,457036424,U270364242,379564121,M295641216,OK,False,-1
Z962404039,9962404039,996240403,996240403,544122819,E841228192,996240403,Z962404039,OK,False,-1
U254372066,4554372066,955437206,455437206,062244557,G122445573,955437206,U254372066,FIXED_50,True,-1
A905729838,7505729838,750572983,750572983,871533859,M915338590,750572983,A905729838,OK,False,-1
R287353292,4287353292,428735329,428735329,023812936,C138129362,428735329,R287353292,OK,False,-1
G835308878,5635308878,563530887,563530887,928516805,R985168057,563530887,G835308878,OK,False,-1
U119605477,2019605477,701960547,201960547,194164855,T141648558,701960547,U119605477,FIXED_50,True,-1
T233778352,4433778352,443377835,443377835,313123186,G231231865,443377835,T233778352,OK,False,-1
U145718490,2045718490,204571849,204571849,283998232,D239982320,204571849,U145718490,OK,False,-1
F230098963,3030098963,303009896,303009896,158810012,P188100120,303009896,F230098963,OK,False,-1
T115225678,1915225678,191522567,191522567,078693709,H186937099,191522567,T115225678,OK,False,-1
T184920657,1984920657,698492065,198492065,202915175,U129151753,698492065,T184920657,FIXED_50,True,-1
Z133455848,2433455848,243345584,243345584,491821080,Z218210809,243345584,Z133455848,OK,False,-1
E167944704,0467944704,046794470,046794470,338490002,I284900028,046794470,E167944704,OK,False,-1
O228906234,3928906234,392890623,392890623,493018196,Z230181969,392890623,O228906234,OK,False,-1
I137513093,0837513093,083751309,083751309,045104253,E151042539,083751309,I137513093,OK,False,-1
H153153234,0753153234,575315323,075315323,055594983,F155949834,575315323,H153153234,FIXED_50,True,-1
Q137188206,1637188206,163718820,163718820,491534608,Z215346080,163718820,Q137188206,OK,False,-1
W981204236,9781204236,478120423,978120423,618997974,L889979746,478120423,W981204236,FIXED_50,True,-1
H923449885,8223449885,822344988,822344988,539261005,D892610054,822344988,H923449885,SWAPPED,False,871
N818154040,6318154040,631815404,631815404,811076468,G910764685,631815404,N818154040,SWAPPED,False,872
Q838018038,6638018038,663801803,663801803,952014832,U920148327,663801803,Q838018038,OK,False,-1
A239829914,2539829914,753982991,253982991,130034947,N100349479,753982991,A239829914,SWAPPED,True,874
A176015650,0076015650,507601565,007601565,452009666,U220096664,507601565,A176015650,FIXED_50,True,-1
F194257884,0594257884,559425788,059425788,250693851,A206938515,559425788,F194257884,FIXED_50,True,-1
S160729791,1860729791,686072979,186072979,131111796,N111117965,686072979,S160729791,FIXED_50,True,-1
Z198062298,2498062298,749806229,249806229,219383410,V193834102,749806229,Z198062298,FIXED_50,True,-1
D252411520,2852411520,785241152,285241152,104790404,K147904049,785241152,D252411520,FIXED_50,True,-1
N173200729,1373200729,137320072,137320072,447708471,T277084719,137320072,N173200729,OK,False,-1
O190730424,1490730424,149073042,149073042,142610391,O126103911,149073042,O190730424,OK,False,-1
V124538028,2124538028,212453802,212453802,007469009,A174690093,212453802,V124538028,OK,False,-1
K995709592,8595709592,359570959,859570959,654642377,P846423775,359570959,K995709592,FIXED_50,True,-1
P210231110,4010231110,401023111,401023111,131443813,N114438130,401023111,P210231110,SWAPPED,False,884
K819672269,6019672269,601967226,601967226,829676345,H996763454,601967226,K819672269,SWAPPED,False,885
W221393576,4721393576,472139357,472139357,401947001,P219470015,472139357,W221393576,SWAPPED,False,886
J144783083,0944783083,094478308,094478308,202362957,U123629574,094478308,J144783083,OK,False,-1
L864704814,6164704814,116470481,616470481,995194734,Z951947345,116470481,L864704814,FIXED_50,True,-1
V278488268,4678488268,467848826,467848826,337626566,I276265663,467848826,V278488268,SWAPPED,False,889
K877483299,6077483299,607748329,607748329,699862215,T898622159,607748329,K877483299,SWAPPED,False,891
E198112054,0498112054,549811205,049811205,434718081,S247180814,549811205,E198112054,FIXED_50,True,-1
X262235251,4862235251,486223525,486223525,034934081,D149340814,486223525,X262235251,OK,False,-1
N169218731,1369218731,136921873,136921873,321629554,H216295542,136921873,N169218731,SWAPPED,False,894
X296315777,4896315777,989631577,489631577,237822577,X178225778,989631577,X296315777,FIXED_50,True,-1
H207542412,3207542412,820754241,320754241,086258174,I162581741,820754241,H207542412,FIXED_50,True,-1
A969512560,7569512560,256951256,756951256,522689471,C826894714,256951256,A969512560,FIXED_50,True,-1
H230688021,3230688021,323068802,323068802,191404440,T114044400,323068802,H230688021,SWAPPED,False,898
V284251857,4684251857,968425185,468425185,194644974,T146449742,968425185,V284251857,FIXED_50,True,-1
G950639303,8150639303,815063930,815063930,634414134,N844141340,815063930,G950639303,OK,False,-1
W221010732,4721010732,972101073,472101073,222908407,W129084072,972101073,W221010732,FIXED_50,True,-1
A102670592,0002670592,500267059,000267059,333923600,I239236000,500267059,A102670592,FIXED_50,True,-1
U254657082,4554657082,955465708,455465708,330928721,I209287213,955465708,U254657082,SWAPPED,True,902
E986259459,7986259459,298625945,798625945,552778948,F827789484,298625945,E986259459,FIXED_50,True,-1
Q268600471,4168600471,916860047,416860047,048111250,E181112508,916860047,Q268600471,FIXED_50,True,-1
I135435738,0835435738,583543573,083543573,044294390,E142943907,583543573,I135435738,FIXED_50,True,-1
H214786755,3214786755,321478675,321478675,365534946,L255349465,321478675,H214786755,SWAPPED,False,908
A970061734,7570061734,757006173,757006173,769760821,B997608214,757006173,A970061734,OK,False,-1
S115270092,1815270092,681527009,181527009,208491923,U184919235,681527009,S115270092,FIXED_50,True,-1
B147983426,0147983426,014798342,014798342,138644821,N186448215,014798342,B147983426,OK,False,-1
I280853859,3380853859,838085385,338085385,304873703,F248737031,838085385,I280853859,SWAPPED,True,910
I938925226,8338925226,833892522,833892522,710077430,V800774302,833892522,I938925226,OK,False,-1
X103649731,2303649731,230364973,230364973,077395658,H173956580,230364973,X103649731,OK,False,-1
A287976148,2587976148,758797614,258797614,461766955,V217669556,758797614,A287976148,FIXED_50,True,-1
B251885926,2651885926,765188592,265188592,347713877,J277138778,765188592,B251885926,FIXED_50,True,-1
P110644697,1510644697,651064469,151064469,433254906,S232549061,651064469,P110644697,FIXED_50,True,-1
J850654408,5950654408,595065440,595065440,634664586,N846645869,595065440,J850654408,OK,False,-1
G115171504,0615171504,061517150,061517150,441817959,T218179595,061517150,G115171504,SWAPPED,False,917
R133504465,1733504465,173350446,173350446,124243378,M142433788,173350446,R133504465,OK,False,-1
J869110599,5969110599,596911059,596911059,751063890,A910638906,596911059,J869110599,OK,False,-1
A912785239,7512785239,251278523,751278523,610015050,L800150509,251278523,A912785239,FIXED_50,True,-1
L925282808,8625282808,362528280,862528280,962096565,V920965650,362528280,L925282808,SWAPPED,True,921
D164526767,0364526767,036452676,036452676,139399649,N193996495,036452676,D164526767,OK,False,-1
I170954034,0870954034,587095403,087095403,016764572,B167645721,587095403,I170954034,FIXED_50,True,-1
Z104968961,2404968961,240496896,240496896,290991245,E209912455,240496896,Z104968961,OK,False,-1
E192838282,0492838282,049283828,049283828,145035991,O150359918,049283828,E192838282,SWAPPED,False,925
Q117546453,1617546453,161754645,161754645,089619863,I196198634,161754645,Q117546453,OK,False,-1
H207004604,3207004604,320700460,320700460,355786273,K257862738,320700460,H207004604,OK,False,-1
R868668887,6768668887,176866888,676866888,711262499,V812624997,176866888,R868668887,FIXED_50,True,-1
Z270313507,4970313507,497031350,497031350,210050931,V100509310,497031350,Z270313507,OK,False,-1
N180806455,1380806455,638080645,138080645,445659388,T256593884,638080645,N180806455,FIXED_50,True,-1
D248964545,2848964545,284896454,284896454,009127615,A191276159,284896454,D248964545,OK,False,-1
G151091909,0651091909,065109190,065109190,060671108,G106711081,065109190,G151091909,SWAPPED,False,932
L151239420,1151239420,115123942,115123942,138259714,N182597146,115123942,L151239420,OK,False,-1
S119983714,1819983714,181998371,181998371,484195980,X241959809,181998371,S119983714,SWAPPED,False,934
S158274594,1858274594,185827459,185827459,086904570,I169045702,185827459,S158274594,OK,False,-1
F130745705,0530745705,553074570,053074570,369654005,L296540057,553074570,F130745705,SWAPPED,True,936
B267399360,2667399360,766739936,266739936,054628158,F146281589,766739936,B267399360,FIXED_50,True,-1
X828677084,7328677084,232867708,732867708,715636839,V856368394,232867708,X828677084,FIXED_50,True,-1
X257815416,4857815416,485781541,485781541,140510952,O105109520,485781541,X257815416,OK,False,-1
E115126267,0415126267,041512626,041512626,033465783,D134657839,041512626,E115126267,OK,False,-1
Z827918865,7427918865,742791886,742791886,615358133,L853581332,742791886,Z827918865,OK,False,-1
P137358565,1537358565,653735856,153735856,159604549,P196045496,653735856,P137358565,FIXED_50,True,-1
D225754541,2825754541,282575454,282575454,428076837,R280768375,282575454,D225754541,OK,False,-1
F933408349,8033408349,803340834,803340834,514084250,B840842506,803340834,F933408349,OK,False,-1
W193462895,2293462895,729346289,229346289,162364353,Q123643534,729346289,W193462895,FIXED_50,True,-1
E264175647,2964175647,296417564,296417564,311299399,G212993993,296417564,E264175647,SWAPPED,False,946
H286388356,3286388356,828638835,328638835,355374909,K253749092,828638835,H286388356,FIXED_50,True,-1
F259269124,3059269124,805926912,305926912,138247259,N182472591,805926912,F259269124,SWAPPED,True,949
W227651933,4727651933,972765193,472765193,386106332,N261063325,972765193,W227651933,SWAPPED,True,949
Q297962140,4197962140,419796214,419796214,255491931,A254919311,419796214,Q297962140,OK,False,-1
R178005423,1778005423,177800542,177800542,345481604,J254816046,177800542,R178005423,OK,False,-1
M980571961,8780571961,378057196,878057196,712892058,V828920580,378057196,M980571961,FIXED_50,True,-1
T203485513,4403485513,440348551,440348551,254997538,A249975389,440348551,T203485513,OK,False,-1
U281131722,4581131722,458113172,458113172,457256257,U272562577,458113172,U281131722,OK,False,-1
U862814735,7062814735,206281473,706281473,625203644,M852036446,206281473,U862814735,FIXED_50,True,-1
I122875371,0822875371,582287537,082287537,424060734,R240607348,582287537,I122875371,FIXED_50,True,-1
I844246378,5844246378,084424637,584424637,710820868,V808208681,084424637,I844246378,SWAPPED,True,957
E221361676,2921361676,292136167,292136167,318040579,G280405795,292136167,E221361676,OK,False,-1
E223076054,2923076054,292307605,292307605,136845901,N168459014,292307605,E223076054,SWAPPED,False,959
I879264197,5879264197,087926419,587926419,849618504,J996185040,087926419,I879264197,SWAPPED,True,961
L227129275,3627129275,862712927,362712927,293090370,E230903708,862712927,L227129275,FIXED_50,True,-1
A154729753,0054729753,505472975,005472975,244200686,Z142006862,505472975,A154729753,FIXED_50,True,-1
E892538398,5492538398,549253839,549253839,862505002,L925050020,549253839,E892538398,OK,False,-1
G244135078,3144135078,314413507,314413507,067820835,G178208355,314413507,G244135078,OK,False,-1
P872310874,6572310874,657231087,657231087,554479080,F844790801,657231087,P872310874,SWAPPED,False,965
O253070765,3953070765,395307076,395307076,346368396,J263683966,395307076,O253070765,OK,False,-1
D110457944,0310457944,531045794,031045794,486693471,X266934719,531045794,D110457944,SWAPPED,True,967
T124968524,1924968524,192496852,192496852,137831597,N178315976,192496852,T124968524,OK,False,-1
C146989023,0246989023,524698902,024698902,189397473,S193974733,524698902,C146989023,FIXED_50,True,-1
A224960775,2524960775,252496077,252496077,146368625,O163686255,252496077,A224960775,OK,False,-1
L846360396,6146360396,614636039,614636039,530854162,D808541622,614636039,L846360396,OK,False,-1
X293028777,4893028777,489302877,489302877,160728936,Q107289361,489302877,X293028777,OK,False,-1
W224815515,4724815515,472481551,472481551,391532224,O215322242,472481551,W224815515,SWAPPED,False,973
X969123347,9869123347,486912334,986912334,966542349,V965423499,486912334,X969123347,SWAPPED,True,974
K231486041,3531486041,353148604,353148604,442356117,T223561176,353148604,K231486041,OK,False,-1
X116319519,2316319519,731631951,231631951,447378344,T273783444,731631951,X116319519,FIXED_50,True,-1
M956786403,8756786403,875678640,875678640,767841266,B978412663,875678640,M956786403,OK,False,-1
S146004206,1846004206,184600420,184600420,447577803,T275778030,184600420,S146004206,OK,False,-1
X150710210,2350710210,735071021,235071021,088134339,I181343396,735071021,X150710210,FIXED_50,True,-1
T212315971,4412315971,941231597,441231597,436091961,S260919617,941231597,T212315971,FIXED_50,True,-1
I177487045,0877487045,587748704,087748704,218081701,V180817017,587748704,I177487045,FIXED_50,True,-1
S230152695,4330152695,433015269,433015269,200054128,U100541282,433015269,S230152695,SWAPPED,False,982
D175168646,0375168646,537516864,037516864,448565309,T285653095,537516864,D175168646,FIXED_50,True,-1
S196749385,1896749385,189674938,189674938,338073494,I280734948,189674938,S196749385,OK,False,-1
S173753354,1873753354,187375335,187375335,013983997,B139839973,187375335,S173753354,OK,False,-1
Q280137833,4180137833,418013783,418013783,135773137,N157731372,418013783,Q280137833,OK,False,-1
L108135528,1108135528,610813552,110813552,486026749,X260267497,610813552,L108135528,SWAPPED,True,991
O203720256,3903720256,390372025,390372025,236780116,X167801164,390372025,O203720256,OK,False,-1
I173185497,0873185497,087318549,087318549,377571940,M275719400,087318549,I173185497,OK,False,-1
L291883977,3691883977,369188397,369188397,110523986,L105239869,369188397,L291883977,OK,False,-1
Z240175044,4940175044,494017504,494017504,387645368,N276453680,494017504,Z240175044,OK,False,-1
W288931018,4788931018,978893101,478893101,071682036,H116820365,978893101,W288931018,SWAPPED,True,992
W267961347,4767961347,476796134,476796134,005162486,A151624868,476796134,W267961347,OK,False,-1
A906335910,7506335910,250633591,750633591,799275659,E992756594,250633591,A906335910,FIXED_50,True,-1
X852296922,7352296922,235229692,735229692,870574341,M905743418,235229692,X852296922,FIXED_50,True,-1
L108374641,1108374641,610837464,110837464,128330932,M183309327,610837464,L108374641,FIXED_50,True,-1
V105351921,2105351921,210535192,210535192,439450409,S294504095,210535192,V105351921,SWAPPED,False,997
S943364130,9343364130,434336413,934336413,909400578,P994005785,434336413,S943364130,FIXED_50,True,-1
K258601300,3558601300,355860130,355860130,224300133,W143001333,355860130,K258601300,OK,False,-1
Q156436343,1656436343,665643634,165643634,460212548,V202125485,665643634,Q156436343,FIXED_50,True,-1
